jid,issn,doi,created
54,1894-1036,10.7577/tu.1029,2026-09
54,1894-1036,10.7577/tu.3211,2026-09
54,1894-1036,10.7577/tu.1890,2026-09
54,1894-1036,10.7577/tu.2570,2026-09
54,1894-1036,10.7577/tu.1044,2026-09
54,1894-1036,10.7577/tu.1040,2026-09
54,1894-1036,10.7577/tu.1605,2026-09
54,1894-1036,10.7577/tu.1047,2026-09
54,1894-1036,10.7577/tu.1592,2026-09
54,1894-1036,10.7577/tu.1086,2026-09
54,1894-1036,10.7577/tu.1018,2026-09
54,1894-1036,10.7577/tu.1030,2026-09
54,1894-1036,10.7577/tu.1135,2026-09
54,1894-1036,10.7577/tu.1141,2026-09
54,1894-1036,10.7577/tu.2206,2026-09
54,1894-1036,10.7577/tu.2261,2026-09
54,1894-1036,10.7577/tu.3008,2026-09
54,1894-1036,10.7577/tu.1115,2026-09
54,1894-1036,10.7577/tu.1054,2026-09
54,1894-1036,10.7577/tu.1598,2026-09
59,0066-6890,10.7420/ak2005-2006h,2024-07
59,0066-6890,10.7420/ak2016b,2024-07
59,0066-6890,10.7420/ak2020l,2024-07
59,0066-6890,10.7420/ak2005-2006f,2024-07
59,0066-6890,10.7420/ak2012k,2024-07
59,0066-6890,10.7420/ak2009k,2024-07
59,0066-6890,10.7420/ak2019l,2024-07
59,0066-6890,10.7420/ak2005-2006x,2024-07
59,0066-6890,10.7420/ak2009i,2024-07
59,0066-6890,10.7420/ak2022.05,2024-08
59,0066-6890,10.7420/ak1999-2000b,2024-07
59,0066-6890,10.7420/ak1999-2000e,2024-07
59,0066-6890,10.7420/ak2019a,2024-07
59,0066-6890,10.7420/ak2024.05,2026-07
59,0066-6890,10.7420/ak2019k,2024-07
59,0066-6890,10.7420/ak2007-2008ak,2024-07
59,0066-6890,10.7420/ak2013e,2024-07
59,0066-6890,10.7420/ak2014j,2024-07
59,0066-6890,10.7420/ak2013h,2024-07
59,0066-6890,10.7420/ak2021.12,2024-07
61,2392-6031,10.47743/saa-2022-28-2-9,2024-02
61,2392-6031,10.47743/saa-2023-29-2-5,2024-02
61,2392-6031,10.47743/saa-2020-26-2-6,2024-02
61,2392-6031,10.47743/saa-2021-27-2-6,2024-02
61,2392-6031,10.47743/saa-2025-31-2-7,2026-01
61,2392-6031,10.47743/saa-2025-31-2-3,2026-01
61,2392-6031,10.47743/saa-2023-29-1-5,2024-02
61,2392-6031,10.47743/saa-2024-30-1-1,2024-11
61,2392-6031,10.47743/saa-2024-30-2-7,2024-12
61,2392-6031,10.47743/saa-2013-19-12,2024-02
61,2392-6031,10.47743/saa-2022-28-1-9,2024-02
61,2392-6031,10.47743/saa-2022-28-1-1,2024-02
61,2392-6031,10.47743/saa-2022-28-1-2,2024-02
61,2392-6031,10.47743/saa-2025-31-1-6,2025-11
61,2392-6031,10.47743/saa-2025-31-1-3,2025-11
61,2392-6031,10.47743/saa-2023-29-2-6,2024-02
61,2392-6031,10.47743/saa-2021-27-2-1,2024-02
61,2392-6031,10.47743/saa-2024-30-2-10,2024-12
61,2392-6031,10.47743/saa-2020-26-2-10,2024-02
61,2392-6031,10.47743/saa-2013-19-3,2024-02
88,2299-1247,10.7365/jhpor.2012.1.7,2023-07
88,2299-1247,10.7365/jhpor.2015.1.7,2023-07
88,2299-1247,10.7365/jhpor.2019.1.3,2023-07
88,2299-1247,10.7365/jhpor.2023.2.1,2023-07
88,2299-1247,10.7365/jhpor.2023.1.2,2023-07
88,2299-1247,10.7365/jhpor.2014.2.2,2023-07
88,2299-1247,10.7365/jhpor.2013.3.9,2023-07
88,2299-1247,10.7365/jhpor.2020.2.2,2023-07
88,2299-1247,10.7365/jhpor.2013.3.2,2023-07
88,2299-1247,10.7365/jhpor.2024.1.2,2024-05
88,2299-1247,10.7365/jhpor.2015.1.3,2023-07
88,2299-1247,10.7365/jhpor.2013.3.7,2023-07
88,2299-1247,10.7365/jhpor.2013.4.8,2023-07
88,2299-1247,10.7365/jhpor.2013.3.11,2023-07
88,2299-1247,10.7365/jhpor.2015.2.10,2023-07
88,2299-1247,10.7365/jhpor.2017.1.1,2023-07
88,2299-1247,10.7365/jhpor.2018.1.3,2023-07
88,2299-1247,10.7365/jhpor.2013.3.5,2023-07
88,2299-1247,10.7365/jhpor.2025.1.3,2025-04
88,2299-1247,10.7365/jhpor.2016.2.1,2023-07
95,2217-4478,10.46793/biolnyss.16.2.18b,2025-12
95,2217-4478,10.46793/biolnyss.17.1.25c,2026-07
95,2217-4478,10.46793/biolnyss.17.1.10h,2026-04
95,2217-4478,10.46793/biolnyss.17.1.5b,2026-03
95,2217-4478,10.46793/biolnyss.16.1.4c,2025-02
95,2217-4478,10.46793/biolnyss.16.1.27a,2025-06
95,2217-4478,10.46793/biolnyss.16.1.17sp,2025-04
95,2217-4478,10.46793/biolnyss.16.1.7s,2025-03
95,2217-4478,10.46793/biolnyss.16.1.5b,2025-03
95,2217-4478,10.46793/biolnyss.16.2.19v,2025-12
95,2217-4478,10.46793/biolnyss.16.1.2j,2025-02
95,2217-4478,10.46793/biolnyss.17.1.22b,2026-07
95,2217-4478,10.46793/biolnyss.17.1.21d,2026-07
95,2217-4478,10.46793/biolnyss.16.1.23a,2025-06
95,2217-4478,10.46793/biolnyss.16.2.17m,2025-12
95,2217-4478,10.46793/biolnyss.17.1.16z,2026-07
95,2217-4478,10.46793/biolnyss.16.1.11b,2025-04
95,2217-4478,10.46793/biolnyss.17.1.18a,2026-07
95,2217-4478,10.46793/biolnyss.17.1.4m,2026-03
95,2217-4478,10.46793/biolnyss.16.2.1kk,2025-08
96,2307-8162,10.25559/injoit.2307-8162.10.202211.11-25,2024-12
96,2307-8162,10.25559/injoit.2307-8162.10.202211.113-125,2024-12
96,2307-8162,10.25559/injoit.2307-8162.12.202404.37-45,2024-07
96,2307-8162,10.25559/injoit.2307-8162.10.202211.26-34,2024-12
96,2307-8162,10.25559/injoit.2307-8162.12.202404.68-76,2024-07
96,2307-8162,10.25559/injoit.2307-8162.13.202508.03-12,2025-12
96,2307-8162,10.25559/injoit.2307-8162.12.202404.93-99,2024-07
96,2307-8162,10.25559/injoit.2307-8162.10.202211.54-59,2024-12
96,2307-8162,10.25559/injoit.2307-8162.13.202508.118-127,2025-12
96,2307-8162,10.25559/injoit.2307-8162.10.202211.87-104,2024-12
96,2307-8162,10.25559/injoit.2307-8162.10.202211.126-133,2024-12
96,2307-8162,10.25559/injoit.2307-8162.09.202112.90-98,2024-12
96,2307-8162,10.25559/injoit.2307-8162.08.202011.64-72,2024-12
96,2307-8162,10.25559/injoit.2307-8162.10.202211.01-03,2024-12
96,2307-8162,10.25559/injoit.2307-8162.12.202404.01-03,2024-07
96,2307-8162,10.25559/injoit.2307-8162.09.202112.68-82,2024-12
96,2307-8162,10.25559/injoit.2307-8162.09.202112.104-110,2024-12
96,2307-8162,10.25559/injoit.2307-8162.09.202112.30-43,2024-12
96,2307-8162,10.25559/injoit.2307-8162.13.202508.150-157,2025-12
96,2307-8162,10.25559/injoit.2307-8162.12.202404.125-132,2024-07
97,2391-8020,10.5604/01.3001.0055.9024,2026-09
97,2391-8020,10.5604/01.3001.0055.9028,2026-09
97,2391-8020,10.5604/01.3001.0055.8923,2026-09
97,2391-8020,10.5604/01.3001.0055.9023,2026-09
97,2391-8020,10.5604/01.3001.0055.8560,2026-07
169,1760-5296,10.58335/territoiresduvin.2508,2023-09
169,1760-5296,10.58335/territoiresduvin.809,2023-10
169,1760-5296,10.58335/territoiresduvin.1396,2023-10
169,1760-5296,10.58335/territoiresduvin.2500,2023-09
169,1760-5296,10.58335/territoiresduvin.2477,2023-09
169,1760-5296,10.58335/territoiresduvin.795,2023-10
169,1760-5296,10.58335/territoiresduvin.2052,2023-09
169,1760-5296,10.58335/territoiresduvin.1392,2023-10
169,1760-5296,10.58335/territoiresduvin.1418,2023-10
169,1760-5296,10.58335/territoiresduvin.1737,2023-09
169,1760-5296,10.58335/territoiresduvin.2435,2023-09
169,1760-5296,10.58335/territoiresduvin.827,2023-10
169,1760-5296,10.58335/territoiresduvin.1778,2023-09
169,1760-5296,10.58335/territoiresduvin.1353,2023-10
169,1760-5296,10.58335/territoiresduvin.826,2023-10
169,1760-5296,10.58335/territoiresduvin.2460,2023-09
169,1760-5296,10.58335/territoiresduvin.842,2023-10
169,1760-5296,10.58335/territoiresduvin.1385,2023-10
169,1760-5296,10.58335/territoiresduvin.1366,2023-10
169,1760-5296,10.58335/territoiresduvin.821,2023-10
173,2474-9354,10.59586/jsrc.v8i1.306,2023-05
173,2474-9354,10.59586/jsrc.v5i1.113,2023-05
173,2474-9354,10.59586/jsrc.v10i1.440,2024-05
173,2474-9354,10.59586/jsrc.v8i1.259,2023-05
173,2474-9354,10.59586/jsrc.v11i1.510,2025-04
173,2474-9354,10.59586/jsrc.v7i1.146,2023-05
173,2474-9354,10.59586/jsrc.v12i1.592,2026-08
173,2474-9354,10.59586/jsrc.v10i1.477,2024-09
173,2474-9354,10.59586/jsrc.v7i1.203,2023-05
173,2474-9354,10.59586/jsrc.v9i1.365,2023-11
173,2474-9354,10.59586/jsrc.v7i1.184,2023-05
173,2474-9354,10.59586/jsrc.v10i1.488,2024-11
173,2474-9354,10.59586/jsrc.v2i1.10,2023-05
173,2474-9354,10.59586/jsrc.v5i1.107,2023-05
173,2474-9354,10.59586/jsrc.v8i1.315,2023-05
173,2474-9354,10.59586/jsrc.v12i1.536,2026-07
173,2474-9354,10.59586/jsrc.v5i1.105,2023-05
173,2474-9354,10.59586/jsrc.v8i1.307,2023-05
173,2474-9354,10.59586/jsrc.v8i1.319,2023-05
173,2474-9354,10.59586/jsrc.v6i1.150,2023-05
184,2308-1031,10.63219/2308-1031-2025-3-20-30,2026-01
184,2308-1031,10.63219/2308-1031-2026-1-70-79,2026-03
184,2308-1031,10.63219/2308-1031-2025-2-29-37,2026-01
184,2308-1031,10.63219/2308-1031-2025-2-52-63,2026-01
184,2308-1031,10.63219/2308-1031-2026-1-9-24,2026-03
184,2308-1031,10.63219/2308-1031-2026-2-31-41,2026-06
184,2308-1031,10.63219/2308-1031-2026-1-176-188,2026-03
184,2308-1031,10.63219/2308-1031-2025-4-65-73,2026-01
184,2308-1031,10.63219/2308-1031-2026-2-155-165,2026-06
184,2308-1031,10.63219/2308-1031-2026-1-169-175,2026-03
184,2308-1031,10.63219/2308-1031-2025-3-77-90,2026-01
184,2308-1031,10.63219/2308-1031-2026-1-147-158,2026-03
184,2308-1031,10.63219/2308-1031-2025-4-74-83,2026-01
184,2308-1031,10.63219/2308-1031-2025-4-40-51,2026-01
184,2308-1031,10.63219/2308-1031-2025-4-9-21,2026-01
184,2308-1031,10.63219/2308-1031-2025-2-162-175,2026-01
184,2308-1031,10.63219/2308-1031-2025-3-126-135,2026-01
184,2308-1031,10.63219/2308-1031-2026-1-189-198,2026-03
184,2308-1031,10.63219/2308-1031-2026-2-175-187,2026-06
184,2308-1031,10.63219/2308-1031-2025-2-176-185,2026-01
191,2668-0831,10.61801/auoc-sp.2023.04,2024-08
191,2668-0831,10.61801/auoc-sp.2024.04,2025-01
191,2668-0831,10.61801/auoc-sp.2022.01,2023-11
191,2668-0831,10.61801/auoc-sp.2021.03,2023-11
191,2668-0831,10.61801/auoc-sp.2025.04,2026-01
191,2668-0831,10.61801/auoc-sp.2025.05,2026-01
191,2668-0831,10.61801/auoc-sp.2025.01,2026-01
191,2668-0831,10.61801/auoc-sp.2022.02,2023-11
191,2668-0831,10.61801/auoc-sp.2022.07,2023-11
191,2668-0831,10.61801/auoc-sp.2021.02,2023-11
191,2668-0831,10.61801/auoc-sp.2024.05,2025-01
191,2668-0831,10.61801/auoc-sp.2023.02,2024-08
191,2668-0831,10.61801/auoc-sp.2025.08,2026-01
191,2668-0831,10.61801/auoc-sp.2025.02,2026-01
191,2668-0831,10.61801/auoc-sp.2022.06,2023-11
191,2668-0831,10.61801/auoc-sp.2021.07,2023-11
191,2668-0831,10.61801/auoc-sp.2024.02,2025-01
191,2668-0831,10.61801/auoc-sp.2022.03,2023-11
191,2668-0831,10.61801/auoc-sp.2023.03,2024-08
191,2668-0831,10.61801/auoc-sp.2023.05,2024-08
241,1856-5301,10.53766/avanquim/2022.17.01.01,2024-11
241,1856-5301,10.53766/avanquim/2007.02.01.02,2025-07
241,1856-5301,10.53766/avanquim/2009.04.01.02,2024-10
241,1856-5301,10.53766/avanquim/2014.09.01.02,2025-07
241,1856-5301,10.53766/avanquim/2021.16.03.01,2024-11
241,1856-5301,10.53766/avanquim/2006.01.02.02,2024-10
241,1856-5301,10.53766/avanquim/2018.13.03.04,2024-10
241,1856-5301,10.53766/avanquim/2019.14.03.01,2024-11
241,1856-5301,10.53766/avanquim/2007.02.03.01,2024-10
241,1856-5301,10.53766/avanquim/2023.18.02.01,2024-11
241,1856-5301,10.53766/avanquim/2008.03.02.01,2024-10
241,1856-5301,10.53766/avanquim/2021.16.01.01,2024-11
241,1856-5301,10.53766/avanquim/2007.02.01.01,2024-10
241,1856-5301,10.53766/avanquim/2012.07.01.01,2025-07
241,1856-5301,10.53766/avanquim/2018.13.03.01,2024-10
241,1856-5301,10.53766/avanquim/2022.17.02.01,2024-11
241,1856-5301,10.53766/avanquim/2017.12.02.01,2024-10
241,1856-5301,10.53766/avanquim/2023.18.01.01,2024-11
241,1856-5301,10.53766/avanquim/2011.08.02.01,2024-10
241,1856-5301,10.53766/avanquim/2019.14.02.02,2025-07
242,0953-6833,10.56920/cehj.909,2026-08
242,0953-6833,10.56920/cehj.863,2025-08
242,0953-6833,10.56920/cehj.815,2026-04
242,0953-6833,10.56920/cehj.883,2025-11
242,0953-6833,10.56920/cehj.898,2026-08
242,0953-6833,10.56920/cehj.876,2025-09
242,0953-6833,10.56920/cehj.912,2026-08
242,0953-6833,10.56920/cehj.900,2026-08
242,0953-6833,10.56920/cehj.833,2026-04
242,0953-6833,10.56920/cehj.820,2026-04
242,0953-6833,10.56920/cehj.894,2026-08
242,0953-6833,10.56920/cehj.902,2026-08
242,0953-6833,10.56920/cehj.892,2026-02
242,0953-6833,10.56920/cehj.904,2026-08
242,0953-6833,10.56920/cehj.798,2026-04
242,0953-6833,10.56920/cehj.830,2026-04
242,0953-6833,10.56920/cehj.877,2025-10
242,0953-6833,10.56920/cehj.881,2025-12
242,0953-6833,10.56920/cehj.874,2025-09
242,0953-6833,10.56920/cehj.893,2026-08
331,2008-6490,10.61186/ijotm.2024.15.1148,2024-12
331,2008-6490,10.61186/ijotm.2024.15.1103,2024-12
331,2008-6490,10.61186/ijotm.2024.15.1130,2024-12
331,2008-6490,10.61186/ijotm.2024.15.1080,2024-12
331,2008-6490,10.61186/ijotm.2024.15.1128,2024-12
331,2008-6490,10.61186/ijotm.2024.15.1139,2024-12
335,2313-9501,10.59437/cuj.v2i1.33,2024-10
335,2313-9501,10.59437/cuj.v2i1.29,2024-10
335,2313-9501,10.59437/cuj.v2i1.15,2024-10
335,2313-9501,10.59437/cuj.v2i1.31,2024-10
335,2313-9501,10.59437/cuj.v2i1.32,2024-10
335,2313-9501,10.59437/cuj.v2i1.30,2024-10
335,2313-9501,10.59437/cuj.v2i1.18,2024-10
335,2313-9501,10.59437/cuj.v2i1.20,2024-10
335,2313-9501,10.59437/cuj.v2i1.28,2024-10
349,2340-0242,10.59792/jufp9689,2023-09
349,2340-0242,10.59792/icqb8777,2023-09
349,2340-0242,10.59792/rtok7930,2023-09
349,2340-0242,10.59792/szpv6722,2023-09
349,2340-0242,10.59792/gkui8868,2023-09
349,2340-0242,10.59792/uwpn1546,2023-10
349,2340-0242,10.59792/odoa5073,2023-09
349,2340-0242,10.59792/pjos1427,2025-05
349,2340-0242,10.59792/dlms1101,2023-09
349,2340-0242,10.59792/lioe3746,2023-12
349,2340-0242,10.59792/snuv9060,2023-09
349,2340-0242,10.59792/allz8460,2023-09
349,2340-0242,10.59792/tbmo5114,2025-11
349,2340-0242,10.59792/wzwt3162,2023-09
349,2340-0242,10.59792/oiug7399,2023-09
349,2340-0242,10.59792/jhov6739,2023-10
349,2340-0242,10.59792/eryh5685,2023-09
349,2340-0242,10.59792/drpg3071,2023-09
349,2340-0242,10.59792/jphi3294,2023-10
349,2340-0242,10.59792/ypfh4724,2023-09
371,1390-9134,10.33333/lajc.vol11n2.01,2026-03
371,1390-9134,10.33333/lajc.vol12n2.04,2026-02
371,1390-9134,10.33333/lajc.vol13n1.02,2026-02
371,1390-9134,10.33333/lajc.vol13n2.04,2026-07
371,1390-9134,10.33333/lajc.vol11n2.06,2026-03
371,1390-9134,10.33333/lajc.vol13n1.03,2026-02
371,1390-9134,10.33333/lajc.vol12n1.06,2026-02
371,1390-9134,10.33333/lajc.vol12n2.01,2026-02
371,1390-9134,10.33333/lajc.vol13n2.03,2026-07
371,1390-9134,10.33333/lajc.vol13n2.06,2026-07
371,1390-9134,10.33333/lajc.vol13n2.05,2026-07
371,1390-9134,10.33333/lajc.vol13n2.08,2026-07
371,1390-9134,10.33333/lajc.vol12n2.05,2026-02
371,1390-9134,10.33333/lajc.vol12n1.07,2026-02
371,1390-9134,10.33333/lajc.vol11n2.08,2026-03
371,1390-9134,10.33333/lajc.vol12n1.05,2026-02
371,1390-9134,10.33333/lajc.vol12n1.08,2026-02
371,1390-9134,10.33333/lajc.vol11n2.02,2026-03
371,1390-9134,10.33333/lajc.vol11n2.05,2026-03
371,1390-9134,10.33333/lajc.vol12n1.01,2026-02
415,2545-5818,10.63958/azojete/2025/21/02/009,2025-06
415,2545-5818,10.63958/azojete/2025/21/03/014,2025-10
415,2545-5818,10.63958/azojete/2025/21/04/002,2025-12
415,2545-5818,10.63958/azojete/2025/21/2/007,2025-06
415,2545-5818,10.63958/azojete/2025/21/04/003,2025-12
415,2545-5818,10.63958/azojete/2026/22/02/019,2026-07
415,2545-5818,10.63958/azojete/2026/22/01/013,2026-07
415,2545-5818,10.63958/azojete/2026/22/01/003,2026-07
415,2545-5818,10.63958/azojete/2026/22/02/021,2026-07
415,2545-5818,10.63958/azojete/2026/22/02/020,2026-07
415,2545-5818,10.63958/azojete/2025/21/02/013,2025-06
415,2545-5818,10.63958/azojete/2026/22/02/017,2026-07
415,2545-5818,10.63958/azojete/2026/22/01/002,2026-07
415,2545-5818,10.63958/azojete/2025/21/2/017,2025-06
415,2545-5818,10.63958/azojete/2025/21/3/006,2025-09
415,2545-5818,10.63958/azojete/2025/21/3/007,2025-09
415,2545-5818,10.63958/azojete/2025/21/02/011,2025-06
415,2545-5818,10.63958/azojete/2025/21/2/019,2025-06
415,2545-5818,10.63958/azojete/2026/22/02/030,2026-07
415,2545-5818,10.63958/azojete/2026/22/01/008,2026-07
473,2344-3685,10.65631/jes.2.2026.11,2026-06
473,2344-3685,10.65631/jes.1.2026.5,2026-06
473,2344-3685,10.65631/jes.1.2026.40,2026-06
473,2344-3685,10.65631/jes.1.2026.35,2026-06
473,2344-3685,10.65631/jes.1.2026.1,2026-06
473,2344-3685,10.65631/jes.2.2026.21,2026-06
473,2344-3685,10.65631/jes.1.2026.13,2026-06
473,2344-3685,10.65631/jes.2.2026.36,2026-06
473,2344-3685,10.65631/jes.1.2026.25,2026-06
473,2344-3685,10.65631/jes.2.2026.16,2026-06
473,2344-3685,10.65631/jes.1.2026.28,2026-06
473,2344-3685,10.65631/jes.2.2026.5,2026-06
473,2344-3685,10.65631/jes.1.2026.16,2026-06
473,2344-3685,10.65631/jes.2.2026.20,2026-06
473,2344-3685,10.65631/jes.2.2026.18,2026-06
473,2344-3685,10.65631/jes.2.2026.3,2026-06
473,2344-3685,10.65631/jes.1.2026.31,2026-06
473,2344-3685,10.65631/jes.1.2026.6,2026-06
473,2344-3685,10.65631/jes.2.2026.27,2026-06
473,2344-3685,10.65631/jes.1.2026.2,2026-06
504,1798-355X,10.63388/pv.161095,2025-12
504,1798-355X,10.63388/pv.161863,2025-12
504,1798-355X,10.63388/pv.177266,2025-12
504,1798-355X,10.63388/pv.176332,2025-12
504,1798-355X,10.63388/pv.161376,2025-12
504,1798-355X,10.63388/pv.173195,2025-12
504,1798-355X,10.63388/pv.162580,2025-12
504,1798-355X,10.63388/pv.163457,2025-12
504,1798-355X,10.63388/pv.161532,2025-12
504,1798-355X,10.63388/pv.163593,2025-12
504,1798-355X,10.63388/pv.177605,2025-12
504,1798-355X,10.63388/pv.161715,2025-12
519,0326-3169,10.64132/cds.v43i2.937,2025-12
519,0326-3169,10.64132/cds.v43i1.873,2025-07
519,0326-3169,10.64132/cds.v43i1.904,2025-07
519,0326-3169,10.64132/cds.v43i1.897,2025-07
519,0326-3169,10.64132/cds.v44i1.953,2026-07
519,0326-3169,10.64132/cds.v43i1.896,2025-07
519,0326-3169,10.64132/cds.v43i2.926,2025-12
519,0326-3169,10.64132/cds.v43i2.935,2025-12
519,0326-3169,10.64132/cds.v43i1.877,2025-07
519,0326-3169,10.64132/cds.v43i2.943,2025-12
519,0326-3169,10.64132/cds.v43i2.920,2025-12
519,0326-3169,10.64132/cds.v43i2.932,2025-12
519,0326-3169,10.64132/cds.v43i1.899,2025-07
519,0326-3169,10.64132/cds.v43i2.922,2025-12
519,0326-3169,10.64132/cds.v43i1.887,2025-07
519,0326-3169,10.64132/cds.v43i2.940,2025-12
519,0326-3169,10.64132/cds.v44i1.968,2026-07
519,0326-3169,10.64132/cds.v43i1.889,2025-07
519,0326-3169,10.64132/cds.v43i2.947,2025-12
519,0326-3169,10.64132/cds.v43i1.878,2025-07
544,2423-6772,10.32598/jhrc.11.4.4793.2,2026-07
544,2423-6772,10.32598/jhrc.11.3.3,2026-02
544,2423-6772,10.32598/jhrc.11.4.5594.1,2026-07
544,2423-6772,10.32598/jhrc.11.3.6,2026-02
544,2423-6772,10.32598/jhrc.11.3.2,2026-02
544,2423-6772,10.32598/jhrc.12.1.4980.3,2026-08
544,2423-6772,10.32598/jhrc.12.1.5595.1,2026-08
544,2423-6772,10.32598/jhrc.11.3.7,2026-02
544,2423-6772,10.32598/jhrc.11.4.5592.1,2026-07
544,2423-6772,10.32598/jhrc.11.4.4340.3,2026-07
544,2423-6772,10.32598/jhrc.11.4.2594.1,2026-07
544,2423-6772,10.32598/jhrc.11.3.5,2026-02
544,2423-6772,10.32598/jhrc.12.1.5470.1,2026-08
544,2423-6772,10.32598/jhrc.11.3.11,2026-02
544,2423-6772,10.32598/jhrc.12.1.4633.7,2026-08
544,2423-6772,10.32598/jhrc.11.3.4,2026-02
544,2423-6772,10.32598/jhrc.12.1.5598.1,2026-08
544,2423-6772,10.32598/jhrc.11.4.4454.10,2026-07
544,2423-6772,10.32598/jhrc.11.4.5187.1,2026-07
544,2423-6772,10.32598/jhrc.12.1.5609.1,2026-08
593,2216-0388,10.61799/2216-0388.306,2024-06
593,2216-0388,10.61799/2216-0388.1153,2024-07
593,2216-0388,10.61799/2216-0388.1987,2026-04
593,2216-0388,10.61799/2216-0388.742,2024-06
593,2216-0388,10.61799/2216-0388.776,2024-06
593,2216-0388,10.61799/2216-0388.1106,2024-07
593,2216-0388,10.61799/2216-0388.70,2025-11
593,2216-0388,10.61799/2216-0388.555,2024-07
593,2216-0388,10.61799/2216-0388.936,2024-07
593,2216-0388,10.61799/2216-0388.1775,2025-06
593,2216-0388,10.61799/2216-0388.2019,2026-02
593,2216-0388,10.61799/2216-0388.1133,2025-11
593,2216-0388,10.61799/2216-0388.1861,2026-04
593,2216-0388,10.61799/2216-0388.1010,2024-06
593,2216-0388,10.61799/2216-0388.1518,2024-07
593,2216-0388,10.61799/2216-0388.1155,2024-07
593,2216-0388,10.61799/2216-0388.1115,2024-07
593,2216-0388,10.61799/2216-0388.1094,2024-07
593,2216-0388,10.61799/2216-0388.406,2024-07
593,2216-0388,10.61799/2216-0388.2264,2026-07
676,1851-7838,10.59069/24225703ee029,2025-05
676,1851-7838,10.59069/24225703ee010,2023-08
676,1851-7838,10.59069/pdwbjw48,2024-10
676,1851-7838,10.59069/7wys5j67,2024-10
676,1851-7838,10.59069/3st40m71,2024-10
676,1851-7838,10.59069/a2m0dp82,2024-10
676,1851-7838,10.59069/qrqzj698,2024-10
676,1851-7838,10.59069/0vnfz772,2024-10
676,1851-7838,10.59069/vct3y798,2024-10
676,1851-7838,10.59069/24225703ee035,2025-12
676,1851-7838,10.59069/24225703e032,2025-06
676,1851-7838,10.59069/gq2syy46,2024-10
676,1851-7838,10.59069/prwgph47,2024-10
676,1851-7838,10.59069/24225703ee002,2024-08
676,1851-7838,10.59069/4455rn53,2024-10
676,1851-7838,10.59069/24225703e015,2024-04
676,1851-7838,10.59069/jshx1d12,2024-10
676,1851-7838,10.59069/cf95t475,2024-10
676,1851-7838,10.59069/pa5cjn77,2024-10
676,1851-7838,10.59069/24225703e25,2025-03
689,2247-4579,10.29081/jiped.2024.28.1.02,2024-07
689,2247-4579,10.29081/jiped.2025.29.1.01,2025-09
689,2247-4579,10.29081/jiped.2024.28.2.08,2024-12
689,2247-4579,10.29081/jiped.2025.29.2.09,2025-12
689,2247-4579,10.29081/jiped.2024.28.2.02,2024-12
689,2247-4579,10.29081/jiped.2024.28.1.08,2024-12
689,2247-4579,10.29081/jiped.2025.29.2.10,2025-12
689,2247-4579,10.29081/jiped.2025.29.2.03,2025-12
689,2247-4579,10.29081/jiped.2024.28.2.05,2024-12
689,2247-4579,10.29081/jiped.2025.29.1.03,2025-09
689,2247-4579,10.29081/jiped.2025.29.1.10,2025-09
689,2247-4579,10.29081/jiped.2024.28.2.10,2024-12
689,2247-4579,10.29081/jiped.2025.29.1.04,2025-09
689,2247-4579,10.29081/jiped.2024.28.1.04,2024-09
689,2247-4579,10.29081/jiped.2025.29.2.04,2025-12
689,2247-4579,10.29081/jiped.2025.29.2.05,2025-12
689,2247-4579,10.29081/jiped.2024.28.2.03,2024-12
689,2247-4579,10.29081/jiped.2025.29.1.09,2025-09
689,2247-4579,10.29081/jiped.2025.29.2.02,2025-12
689,2247-4579,10.29081/jiped.2025.29.2.08,2025-12
716,0213-3865,10.69810/ekz.1137,2025-02
716,0213-3865,10.69810/ekz.0742,2025-02
716,0213-3865,10.69810/ekz.1001,2025-02
716,0213-3865,10.69810/ekz.0917,2025-02
716,0213-3865,10.69810/ekz.1004,2025-02
716,0213-3865,10.69810/ekz.0598,2025-02
716,0213-3865,10.69810/ekz.0740,2025-02
716,0213-3865,10.69810/ekz.1149,2025-02
716,0213-3865,10.69810/ekz.1243,2025-02
716,0213-3865,10.69810/ekz.1162,2025-02
716,0213-3865,10.69810/ekz.1301,2025-02
716,0213-3865,10.69810/ekz.1364,2025-02
716,0213-3865,10.69810/ekz.1130,2025-02
716,0213-3865,10.69810/ekz.0792,2025-02
716,0213-3865,10.69810/ekz.0680,2025-02
716,0213-3865,10.69810/ekz.1350,2025-02
716,0213-3865,10.69810/ekz.1450,2025-01
716,0213-3865,10.69810/ekz.1288,2025-02
716,0213-3865,10.69810/ekz.1073,2025-02
716,0213-3865,10.69810/ekz.0817,2025-02
793,2602-1463,10.35219/across.2024.4.03,2025-05
793,2602-1463,10.35219/across.2020.3.1.08,2025-05
793,2602-1463,10.35219/across.2025.5.01,2025-11
793,2602-1463,10.35219/across.2023.5.13,2025-05
793,2602-1463,10.35219/across.2021.4.1.08,2025-05
793,2602-1463,10.35219/across.2024.6.02,2025-05
793,2602-1463,10.35219/across.2023.2.04,2025-05
793,2602-1463,10.35219/across.2023.2.02,2025-05
793,2602-1463,10.35219/across.2025.3.08,2025-11
793,2602-1463,10.35219/across.2021.4.2.15,2025-05
793,2602-1463,10.35219/across.2026.2.10,2026-07
793,2602-1463,10.35219/across.2026.3.14,2026-07
793,2602-1463,10.35219/across.2021.4.2.01,2025-05
793,2602-1463,10.35219/across.2020.3.1.15,2025-05
793,2602-1463,10.35219/across.2024.4.05,2025-05
793,2602-1463,10.35219/across.2022.5.2.04,2025-05
793,2602-1463,10.35219/across.2023.4.02,2025-05
793,2602-1463,10.35219/across.2024.2.09,2025-05
793,2602-1463,10.35219/across.2022.5.1.05,2025-05
793,2602-1463,10.35219/across.2024.2.08,2025-05
821,1336-1562,10.53465/sjir.1339-2751.2022.4.373-388,2023-09
821,1336-1562,10.53465/sjir.1339-2751.2024.2.145-161,2025-05
821,1336-1562,10.53465/sjir.1339-2751.2023.1.79-100,2023-09
821,1336-1562,10.53465/sjir.1339-2751.2023.2.109-134,2023-09
821,1336-1562,10.53465/sjir.1339-2751.2023.2.155-172,2023-09
821,1336-1562,10.53465/sjir.1339-2751.2023.1.5-28,2023-09
821,1336-1562,10.53465/sjir.1339-2751.2025.1.50-72,2026-03
821,1336-1562,10.53465/sjir.1339-2751.2025.1.5-23,2026-03
821,1336-1562,10.53465/sjir.1339-2751.2024.1.5-22,2024-09
821,1336-1562,10.53465/sjir.1339-2751.2025.1.73-90,2026-03
821,1336-1562,10.53465/sjir.1339-2751.2023.2.173-185,2023-09
821,1336-1562,10.53465/sjir.1339-2751.2025.1.24-49,2026-03
821,1336-1562,10.53465/sjir.1339-2751.2024.2.125-144,2025-05
821,1336-1562,10.53465/sjir.1339-2751.2023.2.135-154,2023-09
821,1336-1562,10.53465/sjir.1339-2751.2024.1.23-35,2024-09
821,1336-1562,10.53465/sjir.1339-2751.2023.1.61-78,2023-09
821,1336-1562,10.53465/sjir.1339-2751.2023.2.186-190,2023-09
821,1336-1562,10.53465/sjir.1339-2751.2024.1.73-101,2024-10
821,1336-1562,10.53465/sjir.1339-2751.2022.4.299-326,2023-09
821,1336-1562,10.53465/sjir.1339-2751.2024.1.36-53,2024-09
849,1689-4642,10.62875/tk.v5i0.1082,2025-12
849,1689-4642,10.62875/tk.v6i0.1010,2025-12
849,1689-4642,10.62875/tk.v3i124.1357,2024-10
849,1689-4642,10.62875/tk.v4i0.864,2025-12
849,1689-4642,10.62875/tk.v3i0.770,2025-12
849,1689-4642,10.62875/tk.v6i0.1029,2025-12
849,1689-4642,10.62875/tk.v1i118.1217,2024-10
849,1689-4642,10.62875/tk.v2i0.1154,2024-10
849,1689-4642,10.62875/tk.v2i123.1327,2024-10
849,1689-4642,10.62875/tk.v4i0.946,2025-12
849,1689-4642,10.62875/tk.v3i136.1570,2025-12
849,1689-4642,10.62875/tk.v1i0.804,2025-12
849,1689-4642,10.62875/tk.v3i0.874,2025-12
849,1689-4642,10.62875/tk.v2i0.953,2025-12
849,1689-4642,10.62875/tk.v1i118.1246,2024-10
849,1689-4642,10.62875/tk.v2i0.940,2025-12
849,1689-4642,10.62875/tk.v1i0.685,2025-12
849,1689-4642,10.62875/tk.v4i0.1138,2024-10
849,1689-4642,10.62875/tk.v5i0.1098,2025-12
849,1689-4642,10.62875/tk.v2i127.1420,2024-10
850,2393-2384,10.47743/eurint-2024-vil,2024-12
850,2393-2384,10.47743/eurint-2023-pri,2024-04
850,2393-2384,10.47743/eurint-2024-pas,2024-12
850,2393-2384,10.47743/eurint-2025-foc,2026-01
850,2393-2384,10.47743/eurint-2024-viz,2024-12
850,2393-2384,10.47743/eurint-2023-coz,2024-04
850,2393-2384,10.47743/eurint-2025-mos,2026-01
850,2393-2384,10.47743/eurint-2025-sba,2026-01
850,2393-2384,10.47743/eurint-2025-alu,2026-01
850,2393-2384,10.47743/eurint-2025-pis,2026-01
850,2393-2384,10.47743/eurint-2024-mun,2024-12
850,2393-2384,10.47743/eurint-2023-rel,2024-04
850,2393-2384,10.47743/eurint-2025-coz,2026-01
850,2393-2384,10.47743/eurint-2025-tos,2026-01
850,2393-2384,10.47743/eurint-2023-sol,2024-04
850,2393-2384,10.47743/eurint-2025-bar,2026-01
850,2393-2384,10.47743/eurint-2024-iri,2024-12
850,2393-2384,10.47743/eurint-2025-ebe,2026-01
850,2393-2384,10.47743/eurint-2025-oan,2026-01
850,2393-2384,10.47743/eurint-2023-pop,2024-04
932,1557-7112,10.71164/socialmedicine.v18i3.2025.2003,2025-09
932,1557-7112,10.71164/socialmedicine.v2i4.2007.1899,2025-01
932,1557-7112,10.71164/socialmedicine.v17i2.2024.1771,2025-01
932,1557-7112,10.71164/socialmedicine.v9i1.2015.778,2025-01
932,1557-7112,10.71164/socialmedicine.v1i3.2006.46,2025-01
932,1557-7112,10.71164/socialmedicine.v12i3.2019.1121,2025-01
932,1557-7112,10.71164/socialmedicine.v15i1.2022.1417,2025-01
932,1557-7112,10.71164/socialmedicine.v2i1.2007.35,2025-01
932,1557-7112,10.71164/socialmedicine.v11i1.2017.921,2025-01
932,1557-7112,10.71164/socialmedicine.v13i1.2020.1123,2025-01
932,1557-7112,10.71164/socialmedicine.v5i1.2010.414,2025-01
932,1557-7112,10.71164/socialmedicine.v17i1.2024.1579,2025-01
932,1557-7112,10.71164/socialmedicine.v5i3.2010.495,2025-01
932,1557-7112,10.71164/socialmedicine.v7i2.2013.714,2025-01
932,1557-7112,10.71164/socialmedicine.v4i3.2009.369,2025-01
932,1557-7112,10.71164/socialmedicine.v9i1.2015.822,2025-01
932,1557-7112,10.71164/socialmedicine.v3i2.2008.222,2025-01
932,1557-7112,10.71164/socialmedicine.v4i4.2009.337,2025-01
932,1557-7112,10.71164/socialmedicine.v19i1.2026.2019,2026-01
932,1557-7112,10.71164/socialmedicine.v19i2.2026.2127,2026-05
1032,1735-7489,10.18502/ijre.v21i1.19497,2025-09
1032,1735-7489,10.18502/ijre.v20i2.17633,2025-01
1032,1735-7489,10.18502/ijre.v22i1.22233,2026-08
1032,1735-7489,10.18502/ijre.v21i2.19912,2025-10
1032,1735-7489,10.18502/ijre.v22i1.22231,2026-08
1032,1735-7489,10.18502/ijre.v22i1.22229,2026-08
1032,1735-7489,10.18502/ijre.v20i2.17632,2025-01
1032,1735-7489,10.18502/ijre.v21i2.19911,2025-10
1032,1735-7489,10.18502/ijre.v21i3.20506,2025-12
1032,1735-7489,10.18502/ijre.v21i3.20503,2025-12
1032,1735-7489,10.18502/ijre.v20i1.17626,2025-01
1032,1735-7489,10.18502/ijre.v20i2.17637,2025-01
1032,1735-7489,10.18502/ijre.v20i3.17834,2025-02
1032,1735-7489,10.18502/ijre.v21i3.20509,2025-12
1032,1735-7489,10.18502/ijre.v21i1.19494,2025-09
1032,1735-7489,10.18502/ijre.v21i4.21233,2026-04
1032,1735-7489,10.18502/ijre.v20i4.18869,2025-06
1032,1735-7489,10.18502/ijre.v21i1.19495,2025-09
1032,1735-7489,10.18502/ijre.v20i4.18871,2025-06
1032,1735-7489,10.18502/ijre.v20i3.17837,2025-02
1035,0801-3284,10.52145/noa.v41i2.2532,2026-03
1035,0801-3284,10.52145/noa.v41i2.2533,2026-03
1035,0801-3284,10.52145/noa.v41i1.2456,2026-03
1035,0801-3284,10.52145/noa.v41i2.2534,2026-03
1035,0801-3284,10.52145/noa.v41i1.2458,2026-03
1035,0801-3284,10.52145/noa.v41i2.2531,2026-03
1035,0801-3284,10.52145/noa.v41i1.2457,2026-03
1035,0801-3284,10.52145/noa.v41i1.2459,2026-03
1035,0801-3284,10.52145/noa.v41i2.2530,2026-03
1087,2179-4456,10.61389/revell.v2i32.7170,2024-04
1087,2179-4456,10.61389/revell.v3i33.7417,2024-04
1087,2179-4456,10.61389/revell.v2i40.9524,2026-03
1087,2179-4456,10.61389/revell.v1i39.8861,2025-06
1087,2179-4456,10.61389/revell.v2i32.7302,2024-04
1087,2179-4456,10.61389/revell.v1i39.8936,2026-03
1087,2179-4456,10.61389/revell.v3i30.6770,2024-06
1087,2179-4456,10.61389/revell.v2i40.9555,2026-03
1087,2179-4456,10.61389/revell.v2i40.9481,2026-03
1087,2179-4456,10.61389/revell.v2i40.9529,2026-03
1087,2179-4456,10.61389/revell.v2i40.9547,2026-03
1087,2179-4456,10.61389/revell.v1i39.9085,2025-06
1087,2179-4456,10.61389/revell.v1i37.7188,2024-09
1087,2179-4456,10.61389/revell.v1i28.5867,2024-06
1087,2179-4456,10.61389/revell.v2i40.9372,2026-03
1087,2179-4456,10.61389/revell.v2i40.9245,2026-03
1087,2179-4456,10.61389/revell.v1i39.8926,2025-06
1087,2179-4456,10.61389/revell.v3i41.9552,2026-03
1087,2179-4456,10.61389/revell.v2i40.9537,2026-03
1087,2179-4456,10.61389/revell.v1i34.8640,2024-04
1147,1016-1066,10.71045/musau.2025.si.16,2025-02
1147,1016-1066,10.71045/musau.2026.si1.34,2026-04
1147,1016-1066,10.71045/musau.2026.1.58,2026-07
1147,1016-1066,10.71045/musau.2025.si.18,2025-02
1147,1016-1066,10.71045/musau.2026.1.44,2026-06
1147,1016-1066,10.71045/musau.2026.1.57,2026-07
1147,1016-1066,10.71045/musau.2025.si.20,2025-02
1147,1016-1066,10.71045/musau.2025.1.29,2025-10
1147,1016-1066,10.71045/musau.2026.1.42,2026-04
1147,1016-1066,10.71045/musau.2026.si1.31,2026-04
1147,1016-1066,10.71045/musau.2025.si.19,2025-02
1147,1016-1066,10.71045/musau.2025.1.27,2025-06
1147,1016-1066,10.71045/musau.2025.si.17,2025-02
1147,1016-1066,10.71045/musau.2025.si.21,2025-02
1147,1016-1066,10.71045/musau.2025.1.35,2025-12
1147,1016-1066,10.71045/musau.2025.1.24,2025-03
1147,1016-1066,10.71045/musau.2026.1.67,2026-07
1147,1016-1066,10.71045/musau.2025.si.23,2025-02
1147,1016-1066,10.71045/musau.2026.1.54,2026-06
1147,1016-1066,10.71045/musau.2026.1.63,2026-07
1329,1593-2508,10.54103/1593-2508/20328,2023-07
1329,1593-2508,10.54103/1593-2508/18008,2023-07
1329,1593-2508,10.54103/1593-2508/23731,2024-10
1329,1593-2508,10.54103/1593-2508/31244,2026-06
1329,1593-2508,10.54103/1593-2508/20319,2023-07
1329,1593-2508,10.54103/1593-2508/23733,2024-10
1329,1593-2508,10.54103/1593-2508/31243,2026-06
1329,1593-2508,10.54103/1593-2508/31245,2026-06
1329,1593-2508,10.54103/1593-2508/18015,2023-07
1329,1593-2508,10.54103/1593-2508/23732,2024-10
1329,1593-2508,10.54103/1593-2508/18007,2023-07
1329,1593-2508,10.54103/1593-2508/18009,2023-07
1329,1593-2508,10.54103/1593-2508/20321,2023-07
1329,1593-2508,10.54103/1593-2508/20320,2023-07
1329,1593-2508,10.54103/1593-2508/23735,2024-10
1329,1593-2508,10.54103/1593-2508/28843,2026-03
1329,1593-2508,10.54103/1593-2508/28845,2026-03
1329,1593-2508,10.54103/1593-2508/23738,2024-10
1329,1593-2508,10.54103/1593-2508/31242,2026-06
1329,1593-2508,10.54103/1593-2508/20322,2023-07
1474,2687-1432,10.55105/2687-1440-2022-51-286-305,2025-01
1474,2687-1432,10.55105/2687-1440-2024-53-227-242,2025-01
1474,2687-1432,10.55105/2687-1440-2023-52-212-228,2025-01
1474,2687-1432,10.55105/2687-1440-2023-52-37-64,2025-01
1474,2687-1432,10.55105/2687-1440-2022-51-370-383,2025-01
1474,2687-1432,10.55105/2687-1440-2025-54-148-175,2025-12
1474,2687-1432,10.55105/2687-1440-2025-54-362-381,2025-12
1474,2687-1432,10.55105/2687-1440-2024-53-114-137,2025-01
1474,2687-1432,10.55105/2687-1440-2024-53-296-321,2025-01
1474,2687-1432,10.55105/2687-1440-2023-52-151-173,2025-01
1474,2687-1432,10.55105/2687-1440-2025-54-218-239,2025-12
1474,2687-1432,10.55105/2687-1440-2024-53-34-57,2025-01
1474,2687-1432,10.55105/2687-1440-2023-52-450-456,2025-01
1474,2687-1432,10.55105/2687-1440-2022-51-252-265,2025-01
1474,2687-1432,10.55105/2687-1440-2023-52-133-150,2025-01
1474,2687-1432,10.55105/2687-1440-2025-54-323-361,2025-12
1474,2687-1432,10.55105/2687-1440-2023-52-276-296,2025-01
1474,2687-1432,10.55105/2687-1440-2024-53-11-33,2025-01
1474,2687-1432,10.55105/2687-1440-2022-51-384-408,2025-01
1474,2687-1432,10.55105/2687-1440-2022-51-160-183,2025-01
1482,1878-4569,10.66112/jxt41829,2026-06
1482,1878-4569,10.66112/ysf5vh95,2026-06
1482,1878-4569,10.66112/9ejhkw90,2026-06
1482,1878-4569,10.66112/xa62qr43,2026-06
1482,1878-4569,10.66112/41gyxd75,2026-05
1482,1878-4569,10.66112/apk7sr92,2026-06
1482,1878-4569,10.66112/3cakhb62,2026-06
1482,1878-4569,10.66112/dw6d4a95,2026-06
1482,1878-4569,10.66112/1bqtpk05,2026-06
1482,1878-4569,10.66112/awch1362,2026-06
1482,1878-4569,10.66112/6nhmjf26,2026-06
1486,2447-6196,10.33025/enc.v19i37.3569,2024-11
1486,2447-6196,10.33025/enc.v19i36.3520,2024-11
1486,2447-6196,10.33025/enc.v19i37.3570,2024-11
1486,2447-6196,10.33025/enc.v19i37.3572,2024-11
1486,2447-6196,10.33025/enc.v19i36.3517,2024-11
1486,2447-6196,10.33025/enc.v19i36.3521,2024-11
1486,2447-6196,10.33025/enc.v14i26.741,2024-11
1486,2447-6196,10.33025/enc.v19i36.3515,2024-11
1486,2447-6196,10.33025/enc.v19i36.3516,2024-11
1486,2447-6196,10.33025/enc.v19i37.3571,2024-11
1537,2393-3127,10.61801/ouaess.2021.2.74,2024-03
1537,2393-3127,10.61801/ouaess.2024.1.64,2024-11
1537,2393-3127,10.61801/ouaess.2021.1.16,2024-03
1537,2393-3127,10.61801/ouaess.2023.2.49,2024-05
1537,2393-3127,10.61801/ouaess.2022.1.123,2024-03
1537,2393-3127,10.61801/ouaess.2022.1.04,2024-03
1537,2393-3127,10.61801/ouaess.2022.1.116,2024-03
1537,2393-3127,10.61801/ouaess.2022.2.41,2024-03
1537,2393-3127,10.61801/ouaess.2023.1.38,2024-05
1537,2393-3127,10.61801/ouaess.2023.2.06,2024-05
1537,2393-3127,10.61801/ouaess.2023.1.19,2024-05
1537,2393-3127,10.61801/ouaess.2021.2.45,2024-03
1537,2393-3127,10.61801/ouaess.2023.1.84,2024-05
1537,2393-3127,10.61801/ouaess.2023.2.80,2024-05
1537,2393-3127,10.61801/ouaess.2023.2.50,2024-05
1537,2393-3127,10.61801/ouaess.2023.1.77,2024-05
1537,2393-3127,10.61801/ouaess.2024.2.13,2025-03
1537,2393-3127,10.61801/ouaess.2021.2.68,2024-03
1537,2393-3127,10.61801/ouaess.2021.2.63,2024-03
1537,2393-3127,10.61801/ouaess.2023.1.47,2024-05
1615,2683-720X,10.66430/4f95hr55,2026-04
1615,2683-720X,10.66430/kf9y2b96,2026-04
1615,2683-720X,10.66430/wrxfqz64,2026-04
1615,2683-720X,10.66430/fp5fdy77,2026-04
1615,2683-720X,10.66430/wbkayc50,2026-07
1615,2683-720X,10.66430/mefhg851,2026-04
1615,2683-720X,10.66430/2qx2h179,2026-04
1615,2683-720X,10.66430/hggw0896,2026-04
1615,2683-720X,10.66430/d37xb081,2026-04
1615,2683-720X,10.66430/bzs5pd32,2026-04
1615,2683-720X,10.66430/t5svww91,2026-04
1615,2683-720X,10.66430/4ed2hz75,2026-04
1615,2683-720X,10.66430/naxv1z54,2026-04
1615,2683-720X,10.66430/tfedjd68,2026-04
1615,2683-720X,10.66430/jnhpfj53,2026-04
1615,2683-720X,10.66430/hrvhhe96,2026-07
1615,2683-720X,10.66430/tb8tv668,2026-04
1615,2683-720X,10.66430/465d2j66,2026-07
1615,2683-720X,10.66430/ctrbvw32,2026-04
1615,2683-720X,10.66430/dkdygw70,2026-04
1625,2336-8144,10.14712/23368144.2025.2.5,2026-03
1625,2336-8144,10.14712/23368144.2025.1.2,2025-09
1625,2336-8144,10.14712/23368144.2025.2.2,2026-03
1625,2336-8144,10.14712/23368144.2025.2.0,2026-03
1625,2336-8144,10.14712/23368144.2025.1.3,2025-09
1625,2336-8144,10.14712/23368144.2025.1.5,2025-09
1625,2336-8144,10.14712/23368144.2025.1.1,2025-09
1625,2336-8144,10.14712/23368144.2025.1.6,2025-09
1625,2336-8144,10.14712/23368144.2025.1.9,2025-09
1625,2336-8144,10.14712/23368144.2025.1.8,2025-09
1625,2336-8144,10.14712/23368144.2025.2.1,2026-03
1625,2336-8144,10.14712/23368144.2025.2.7,2026-03
1625,2336-8144,10.14712/23368144.2025.1.4,2025-09
1625,2336-8144,10.14712/23368144.2025.2.4,2026-03
1625,2336-8144,10.14712/23368144.2025.2.3,2026-03
1625,2336-8144,10.14712/23368144.2025.2.6,2026-03
1625,2336-8144,10.14712/23368144.2025.1.7,2025-09
1724,2695-6594,10.36151/td.2022.052,2025-11
1724,2695-6594,10.36151/td.2023.064,2025-11
1724,2695-6594,10.36151/td.2025.139,2025-12
1724,2695-6594,10.36151/td.2020.011,2025-11
1724,2695-6594,10.36151/td.2026.147,2026-07
1724,2695-6594,10.36151/td.2025.122,2025-11
1724,2695-6594,10.36151/td.2021.013,2025-11
1724,2695-6594,10.36151/td.2025.125,2025-11
1724,2695-6594,10.36151/td.2021.023,2025-11
1724,2695-6594,10.36151/td.2025.135,2025-12
1724,2695-6594,10.36151/td.2021.016,2025-11
1724,2695-6594,10.36151/td.2024.078,2025-11
1724,2695-6594,10.36151/td.2022.044,2025-11
1724,2695-6594,10.36151/td.2022.041,2025-11
1724,2695-6594,10.36151/td.2021.020,2025-11
1724,2695-6594,10.36151/td.2021.004,2025-11
1724,2695-6594,10.36151/td.2021.026,2025-11
1724,2695-6594,10.36151/td.2020.016,2025-11
1724,2695-6594,10.36151/td.2024.089,2025-11
1724,2695-6594,10.36151/td.2021.001,2025-11
1749,1853-5925,10.62174/avatares.2026.10941,2026-06
1749,1853-5925,10.62174/avatares.2025.10269,2025-07
1749,1853-5925,10.62174/avatares.2026.11166,2026-06
1749,1853-5925,10.62174/avatares.2024.9816,2024-12
1749,1853-5925,10.62174/avatares.2024.9492,2024-06
1749,1853-5925,10.62174/avatares.2024.9702,2024-06
1749,1853-5925,10.62174/avatares.2025.10373,2025-12
1749,1853-5925,10.62174/avatares.2025.10569,2025-12
1749,1853-5925,10.62174/avatares.2024.9498,2024-06
1749,1853-5925,10.62174/avatares.2024.9716,2024-12
1749,1853-5925,10.62174/avatares.2026.7598,2026-06
1749,1853-5925,10.62174/avatares.2024.9642,2024-12
1749,1853-5925,10.62174/avatares.2024.9497,2024-06
1749,1853-5925,10.62174/avatares.2026.11126,2026-06
1749,1853-5925,10.62174/avatares.2024.9762,2024-12
1749,1853-5925,10.62174/avatares.2025.10187,2025-12
1749,1853-5925,10.62174/avatares.2024.9490,2024-06
1749,1853-5925,10.62174/avatares.2025.10555,2025-12
1749,1853-5925,10.62174/avatares.2026.11098,2026-06
1749,1853-5925,10.62174/avatares.2025.10514,2025-12
1792,2344-9039,10.62165/aa.44.1.0261,2024-09
1792,2344-9039,10.62165/aa.44.1.0253,2024-09
1792,2344-9039,10.62165/aa.44.1.0266,2024-09
1792,2344-9039,10.62165/aa.44.1.0208,2024-09
1792,2344-9039,10.62165/aa.44.1.0296,2024-09
1792,2344-9039,10.62165/aa.44.1.0276,2024-09
1792,2344-9039,10.62165/aa.44.1.0265,2024-09
1792,2344-9039,10.62165/aa.44.1.0299,2024-09
1792,2344-9039,10.62165/aa.44.1.0285,2024-09
1792,2344-9039,10.62165/aa.44.1.0286,2024-09
1792,2344-9039,10.62165/aa.44.1.0297,2024-09
1792,2344-9039,10.62165/aa.44.1.0252,2024-09
1792,2344-9039,10.62165/aa.44.1.0290,2024-09
1792,2344-9039,10.62165/aa.44.1.0300,2024-09
1792,2344-9039,10.62165/aa.44.1.0277,2024-09
1871,2289-6368,10.24191/joa.v14i1.8705,2026-07
1871,2289-6368,10.24191/joa.v13i1.5029,2025-05
1871,2289-6368,10.24191/joa.v13i2.5391,2025-11
1871,2289-6368,10.24191/joa.v14i1.9623,2026-07
1871,2289-6368,10.24191/joa.v13i2.6885,2025-11
1871,2289-6368,10.24191/joa.v13i1.4582,2025-05
1871,2289-6368,10.24191/joa.v14i1.8845,2026-07
1871,2289-6368,10.24191/joa.v13i1.4601,2025-05
1871,2289-6368,10.24191/joa.v13i2.6884,2025-11
1871,2289-6368,10.24191/joa.v13i2.8461,2025-11
1871,2289-6368,10.24191/joa.v13i1.5002,2025-05
1871,2289-6368,10.24191/joa.v13i2.8037,2025-11
1871,2289-6368,10.24191/joa.v13i1.5547,2025-05
1871,2289-6368,10.24191/joa.v13i2.6944,2025-11
1871,2289-6368,10.24191/joa.v13i2.6887,2025-11
1871,2289-6368,10.24191/joa.v14i1.7325,2026-07
1871,2289-6368,10.24191/joa.v13i2.7086,2025-11
1871,2289-6368,10.24191/joa.v14.i1.7591,2026-07
1871,2289-6368,10.24191/joa.v13i1.4586,2025-05
1871,2289-6368,10.24191/joa.v13i1.4552,2025-05
1879,2013-1453,10.58992/rld.i80.2023.4148,2023-12
1879,2013-1453,10.58992/rld.i80.2023.4079,2023-12
1879,2013-1453,10.58992/rld.i82.2024.4381,2024-12
1879,2013-1453,10.58992/rld.i80.2023.4009,2023-12
1879,2013-1453,10.58992/rld.i84.2025.4534,2025-12
1879,2013-1453,10.58992/rld.i81.2024.4286,2024-06
1879,2013-1453,10.58992/rld.i85.2026.4577,2026-06
1879,2013-1453,10.58992/rld.i81.2024.4095,2024-06
1879,2013-1453,10.58992/rld.i81.2024.4101,2024-06
1879,2013-1453,10.58992/rld.i80.2023.4107,2023-12
1879,2013-1453,10.58992/rld.i84.2025.4523,2025-12
1879,2013-1453,10.58992/rld.i84.2025.4497,2025-12
1879,2013-1453,10.58992/rld.i80.2023.3999,2023-12
1879,2013-1453,10.58992/rld.i79.2023.3897,2023-06
1879,2013-1453,10.58992/rld.i82.2024.4362,2024-12
1879,2013-1453,10.58992/rld.i80.2023.4103,2023-12
1879,2013-1453,10.58992/rld.i79.2023.3972,2023-06
1879,2013-1453,10.58992/rld.i82.2024.4320,2024-12
1879,2013-1453,10.58992/rld.i82.2024.4390,2024-12
1879,2013-1453,10.58992/rld.i80.2023.4010,2023-12
1892,0719-4404,10.58210/nhyg565,2024-11
1892,0719-4404,10.58210/nhyg533,2024-06
1892,0719-4404,10.58210/nhyg548,2024-06
1892,0719-4404,10.58210/nhyg618,2025-05
1892,0719-4404,10.58210/nhyg627,2024-11
1892,0719-4404,10.58210/nhyg624,2025-05
1892,0719-4404,10.58210/nhyg575,2024-11
1892,0719-4404,10.58210/nhyg625,2024-11
1892,0719-4404,10.58210/nhyg517,2024-04
1892,0719-4404,10.58210/nhyg521,2024-04
1892,0719-4404,10.58210/nhyg611,2024-11
1892,0719-4404,10.58210/nhyg663,2025-08
1892,0719-4404,10.58210/nhyg520,2024-04
1892,0719-4404,10.58210/nhyg493,2025-08
1892,0719-4404,10.58210/nhyg494,2024-06
1892,0719-4404,10.58210/nhyg580,2024-06
1892,0719-4404,10.58210/nhyg592,2024-11
1892,0719-4404,10.58210/nhyg594,2024-06
1892,0719-4404,10.58210/nhyg550,2024-06
1892,0719-4404,10.58210/nhyg644,2025-05
1925,1961-991X,10.58335/textesetcontextes.3962,2023-09
1925,1961-991X,10.58335/textesetcontextes.359,2023-09
1925,1961-991X,10.58335/textesetcontextes.2542,2023-09
1925,1961-991X,10.58335/textesetcontextes.199,2023-09
1925,1961-991X,10.58335/textesetcontextes.3948,2023-09
1925,1961-991X,10.58335/textesetcontextes.4790,2024-09
1925,1961-991X,10.58335/textesetcontextes.412,2023-09
1925,1961-991X,10.58335/textesetcontextes.5478,2025-10
1925,1961-991X,10.58335/textesetcontextes.5560,2026-05
1925,1961-991X,10.58335/textesetcontextes.4072,2023-09
1925,1961-991X,10.58335/textesetcontextes.4552,2024-09
1925,1961-991X,10.58335/textesetcontextes.4138,2023-09
1925,1961-991X,10.58335/textesetcontextes.3240,2023-09
1925,1961-991X,10.58335/textesetcontextes.325,2023-09
1925,1961-991X,10.58335/textesetcontextes.2517,2023-09
1925,1961-991X,10.58335/textesetcontextes.164,2023-09
1925,1961-991X,10.58335/textesetcontextes.2739,2023-09
1925,1961-991X,10.58335/textesetcontextes.5460,2025-10
1925,1961-991X,10.58335/textesetcontextes.414,2023-09
1925,1961-991X,10.58335/textesetcontextes.3022,2023-09
1950,1696-7348,10.23900/ra.v24i110.707,2026-04
1950,1696-7348,10.23900/ra.v24i115.1302,2026-07
1950,1696-7348,10.23900/ra.v24i112.754,2026-05
1950,1696-7348,10.23900/ra.v24i108.5,2026-04
1950,1696-7348,10.23900/ra.v24i115.1349,2026-07
1950,1696-7348,10.23900/ra.v24i114.1010,2026-06
1950,1696-7348,10.23900/ra.v24i110.700,2026-04
1950,1696-7348,10.23900/ra.v24i114.1008,2026-06
1950,1696-7348,10.23900/ra.v24i109.111,2026-05
1950,1696-7348,10.23900/ra.v24i115.1370,2026-07
1950,1696-7348,10.23900/ra.v24i115.1446,2026-07
1950,1696-7348,10.23900/ra.v24i110.740,2026-04
1950,1696-7348,10.23900/ra.v24i114.1041,2026-06
1950,1696-7348,10.23900/ra.v24i115.1284,2026-07
1950,1696-7348,10.23900/ra.v24i115.1296,2026-07
1950,1696-7348,10.23900/ra.v24i115.1293,2026-07
1950,1696-7348,10.23900/ra.v24i114.838,2026-06
1950,1696-7348,10.23900/ra.v24i112.883,2026-05
1950,1696-7348,10.23900/ra.v24i110.692,2026-04
1950,1696-7348,10.23900/ra.v24i116.1502,2026-07
1963,2811-3799,10.32890/ijbf2010.7.1.3,2026-09
1963,2811-3799,10.32890/ijbf2013.10.2.4,2026-09
1963,2811-3799,10.32890/ijbf2014.11.3,2026-09
1963,2811-3799,10.32890/ijbf2020.15.2.3,2020-11
1963,2811-3799,10.32890/ijbf2004.2.1.4,2026-09
1963,2811-3799,10.32890/ijbf2017.13.2.2,2026-09
1963,2811-3799,10.32890/ijbf2025.20.1.4,2024-10
1963,2811-3799,10.32890/ijbf2010.7.2.4,2026-09
1963,2811-3799,10.32890/ijbf2024.19.1.2,2024-01
1963,2811-3799,10.32890/ijbf2026.21.2.8,2026-08
1963,2811-3799,10.32890/ijbf2012.9.2.4,2026-09
1963,2811-3799,10.32890/ijbf2008.5.2.3,2026-09
1963,2811-3799,10.32890/ijbf2026.21.2.1,2026-07
1963,2811-3799,10.32890/ijbf2026.21.1.3,2026-02
1963,2811-3799,10.32890/ijbf2011.8.4.4,2026-09
1963,2811-3799,10.32890/ijbf2004.2.1.3,2026-09
1963,2811-3799,10.32890/ijbf2008.5.1.4,2026-09
1963,2811-3799,10.32890/ijbf2009.6.1.8,2026-09
1963,2811-3799,10.32890/ijbf2013.10.1.4,2026-09
1963,2811-3799,10.32890/ijbf2013.10.2.1,2026-09
1981,2618-2734,10.63207/ai.v8i16.184,2025-12
1981,2618-2734,10.63207/ai.v8i15.166,2025-07
1981,2618-2734,10.63207/ai.v8i16.182,2026-04
1981,2618-2734,10.63207/ai.v8i15.131,2025-07
1981,2618-2734,10.63207/ai.v9i17.193,2026-07
1981,2618-2734,10.63207/ai.v9i17.169,2026-07
1981,2618-2734,10.63207/ai.v8i15.162,2025-07
1981,2618-2734,10.63207/ai.v7i14.132,2025-07
1981,2618-2734,10.63207/ai.v8i15.149,2025-07
1981,2618-2734,10.63207/ai.v9i17.195,2026-05
1981,2618-2734,10.63207/ai.v8i15.168,2025-07
1981,2618-2734,10.63207/ai.v9i17.197,2026-06
1981,2618-2734,10.63207/ai.v8i15.167,2025-07
1981,2618-2734,10.63207/ai.v8i16.161,2025-12
1981,2618-2734,10.63207/ai.v8i16.180,2025-12
1981,2618-2734,10.63207/ai.v8i16.183,2025-12
1981,2618-2734,10.63207/ai.v8i15.150,2025-07
1981,2618-2734,10.63207/ai.v8i15.159,2025-07
1981,2618-2734,10.63207/ai.v8i16.175,2025-12
1981,2618-2734,10.63207/ai.v8i16.177,2025-12
2028,2255-3576,10.7203/zibaldone.12.29329,2025-01
2028,2255-3576,10.7203/zibaldone.13.29656,2025-12
2028,2255-3576,10.7203/zibaldone.12.29990,2025-01
2028,2255-3576,10.7203/zibaldone.12.29983,2025-01
2028,2255-3576,10.7203/zibaldone.12.29823,2025-01
2028,2255-3576,10.7203/zibaldone.12.29370,2025-01
2028,2255-3576,10.7203/zibaldone.13.29621,2025-12
2028,2255-3576,10.7203/zibaldone.12.29422,2025-01
2028,2255-3576,10.7203/zibaldone.13.29625,2025-12
2028,2255-3576,10.7203/zibaldone.13.29724,2025-12
2028,2255-3576,10.7203/zibaldone.13.29648,2025-12
2028,2255-3576,10.7203/zibaldone.12.29507,2025-01
2028,2255-3576,10.7203/zibaldone.12.29185,2025-01
2028,2255-3576,10.7203/zibaldone.13.32321,2025-12
2028,2255-3576,10.7203/zibaldone.13.29985,2025-12
2028,2255-3576,10.7203/zibaldone.13.29615,2025-12
2028,2255-3576,10.7203/zibaldone.12.29350,2025-01
2028,2255-3576,10.7203/zibaldone.13.29622,2025-12
2028,2255-3576,10.7203/zibaldone.13.29626,2025-12
2028,2255-3576,10.7203/zibaldone.13.29630,2025-12
2029,1989-3469,10.65598/rps.5966,2025-12
2029,1989-3469,10.65598/rps.6004,2026-01
2029,1989-3469,10.65598/rps.5944,2026-07
2029,1989-3469,10.65598/rps.4863,2026-02
2029,1989-3469,10.65598/rps.5859,2025-12
2029,1989-3469,10.65598/rps.6047,2026-07
2029,1989-3469,10.65598/rps.5954,2025-12
2029,1989-3469,10.65598/rps.5996,2026-01
2029,1989-3469,10.65598/rps.5673,2025-12
2029,1989-3469,10.65598/rps.5936,2025-12
2029,1989-3469,10.65598/rps.5824,2025-12
2029,1989-3469,10.65598/rps.5933,2025-12
2029,1989-3469,10.65598/rps.5939,2025-12
2029,1989-3469,10.65598/rps.6163,2026-04
2029,1989-3469,10.65598/rps.5942,2025-12
2029,1989-3469,10.65598/rps.5538,2026-01
2029,1989-3469,10.65598/rps.6090,2026-04
2029,1989-3469,10.65598/rps.6015,2026-04
2029,1989-3469,10.65598/rps.6001,2026-04
2029,1989-3469,10.65598/rps.5926,2025-12
2044,1339-3022,10.32782/2644-4909-2024-12-6-11,2024-07
2044,1339-3022,10.32782/2644-4909-2024-12-24-30,2024-07
2100,2289-3024,10.22452/mojes.vol12no2.2,2025-03
2100,2289-3024,10.22452/mojes.vol12no2.4,2025-03
2100,2289-3024,10.22452/mojes.vol12no3.3,2025-03
2100,2289-3024,10.22452/mojes.vol12no3.2,2025-03
2100,2289-3024,10.22452/mojes.vol12no2.3,2025-03
2100,2289-3024,10.22452/mojes.vol13no4.4,2026-09
2100,2289-3024,10.22452/mojes.vol12no4.4,2025-07
2100,2289-3024,10.22452/mojes.vol12no4.2,2025-07
2100,2289-3024,10.22452/aldad.vol12no2.1,2025-02
2100,2289-3024,10.22452/mojes.vol12no3.1,2025-03
2100,2289-3024,10.22452/mojes.vol13no2.5,2025-07
2100,2289-3024,10.22452/mojes.vol13no4.3,2026-09
2100,2289-3024,10.22452/mojes.vol13no1.1,2025-07
2100,2289-3024,10.22452/mojes.vol13no4.2,2026-09
2100,2289-3024,10.22452/mojes.vol14no1.2,2026-09
2100,2289-3024,10.22452/mojes.vol14no1.1,2026-09
2100,2289-3024,10.22452/mojes.vol13no3.5,2025-11
2100,2289-3024,10.22452/mojes.vol13no2.1,2025-07
2100,2289-3024,10.22452/mojes.vol13no1.5,2025-07
2100,2289-3024,10.22452/mojes.vol12no1.2,2025-03
2120,1582-540X,10.29081/chiba.2024.585,2024-07
2120,1582-540X,10.29081/chiba.2024.590,2024-10
2120,1582-540X,10.29081/chiba.2025.653,2025-10
2120,1582-540X,10.29081/chiba.2025.639,2025-10
2120,1582-540X,10.29081/chiba.2025.643,2026-01
2120,1582-540X,10.29081/chiba.2026.660,2026-04
2120,1582-540X,10.29081/chiba.2025.626,2025-07
2120,1582-540X,10.29081/chiba.2025.638,2025-10
2120,1582-540X,10.29081/chiba.2026.661,2026-04
2120,1582-540X,10.29081/chiba.2024.591,2024-10
2120,1582-540X,10.29081/chiba.2025.635,2025-07
2120,1582-540X,10.29081/chiba.2024.584,2024-07
2120,1582-540X,10.29081/chiba.2024.599,2024-10
2120,1582-540X,10.29081/chiba.2025.663,2026-01
2120,1582-540X,10.29081/chiba.2026.684,2026-06
2120,1582-540X,10.29081/chiba.2026.671,2026-06
2120,1582-540X,10.29081/chiba.2025.640,2025-07
2120,1582-540X,10.29081/chiba.2026.679,2026-06
2120,1582-540X,10.29081/chiba.2024.601,2024-10
2120,1582-540X,10.29081/chiba.2025.637,2025-07
2140,1488-559X,10.55016/093mvt08,2026-07
2140,1488-559X,10.55016/xwf19522,2026-07
2140,1488-559X,10.55016/dmg84n04,2026-07
2140,1488-559X,10.55016/5fyd5w69,2026-07
2140,1488-559X,10.55016/j2mhbm96,2026-07
2140,1488-559X,10.55016/gdm2m930,2026-07
2140,1488-559X,10.55016/bnesdv13,2026-07
2140,1488-559X,10.55016/ravj8b34,2026-07
2140,1488-559X,10.55016/5nf0d088,2026-07
2140,1488-559X,10.55016/25s7by60,2026-07
2140,1488-559X,10.55016/y61mfy13,2026-07
2140,1488-559X,10.55016/6p74v077,2026-07
2140,1488-559X,10.55016/dv1ymb12,2026-07
2140,1488-559X,10.55016/2f27sz07,2026-07
2140,1488-559X,10.55016/pf0h2m58,2026-07
2140,1488-559X,10.55016/qc482p40,2026-07
2140,1488-559X,10.55016/6ystj048,2026-07
2140,1488-559X,10.55016/paj1hc65,2026-07
2140,1488-559X,10.55016/67rfzg21,2026-07
2140,1488-559X,10.55016/pktm4k36,2026-07
2143,2594-0708,10.32399/fder.rdk.2594-0708.2014.15.164,2024-03
2143,2594-0708,10.32399/fder.rdk.2594-0708.2016.20.243,2024-03
2143,2594-0708,10.32399/fder.rdk.2594-0708.2019.26.735,2024-03
2143,2594-0708,10.32399/fder.rdk.2594-0708.2022.31.2191,2024-03
2143,2594-0708,10.32399/fder.rdk.2594-0708.2024.35.2599,2024-11
2143,2594-0708,10.32399/fder.rdk.2594-0708.2015.18.137,2024-03
2143,2594-0708,10.32399/fder.rdk.2594-0708.2021.30.2255,2024-03
2143,2594-0708,10.32399/fder.rdk.2594-0708.2019.25.644,2024-03
2143,2594-0708,10.32399/fder.rdk.2594-0708.2016.19.183,2024-03
2143,2594-0708,10.32399/fder.rdk.2594-0708.2016.19.179,2024-03
2143,2594-0708,10.32399/fder.rdk.2594-0708.2020.27.863,2024-03
2143,2594-0708,10.32399/fder.rdk.2594-0708.2014.16.172,2024-03
2143,2594-0708,10.32399/fder.rdk.2594-0708.2016.20.240,2024-03
2143,2594-0708,10.32399/fder.rdk.2594-0708.2015.18.136,2024-03
2143,2594-0708,10.32399/fder.rdk.2594-0708.2016.20.242,2024-03
2143,2594-0708,10.32399/fder.rdk.2594-0708.2017.22.521,2024-03
2143,2594-0708,10.32399/fder.rdk.2594-0708.2022.31.2204,2024-03
2143,2594-0708,10.32399/fder.rdk.2594-0708.2020.28.1026,2024-03
2143,2594-0708,10.32399/fder.rdk.2594-0708.2020.28.1454,2024-03
2143,2594-0708,10.32399/fder.rdk.2594-0708.2016.19.181,2024-03
2147,2250-4060,10.62174/quid16.i23_a501,2025-06
2147,2250-4060,10.62174/quid16.i25_a501,2026-06
2147,2250-4060,10.62174/quid16.i23_a307,2025-06
2147,2250-4060,10.62174/quid16.i24_a413,2025-12
2147,2250-4060,10.62174/quid16.i21_a402,2024-05
2147,2250-4060,10.62174/quid16.i24_a411,2025-12
2147,2250-4060,10.62174/quid16.i21_a301,2024-05
2147,2250-4060,10.62174/quid16.i22_a201,2024-12
2147,2250-4060,10.62174/quid16.i24_a403,2025-11
2147,2250-4060,10.62174/quid16.i21_a406,2024-06
2147,2250-4060,10.62174/quid16.i22_a304,2024-12
2147,2250-4060,10.62174/quid16.i23_a306,2025-06
2147,2250-4060,10.62174/quid16.i21_a302,2024-06
2147,2250-4060,10.62174/quid16.i23_a408,2025-05
2147,2250-4060,10.62174/quid16.i23_a406,2025-05
2147,2250-4060,10.62174/quid16.i21_a305,2024-06
2147,2250-4060,10.62174/quid16.i21_a405,2024-05
2147,2250-4060,10.62174/quid16.i21_a501,2024-05
2147,2250-4060,10.62174/quid16.i21_a401,2024-05
2147,2250-4060,10.62174/quid16.i23_a403,2025-05
2180,0801-9282,10.52145/cm.v38i1.2483,2026-03
2180,0801-9282,10.52145/cm.v38i2.2493,2026-03
2180,0801-9282,10.52145/cm.v38i1.2480,2026-03
2180,0801-9282,10.52145/cm.v38i1.2481,2026-03
2180,0801-9282,10.52145/cm.v38i1.2478,2026-03
2180,0801-9282,10.52145/cm.v38i1.2474,2026-03
2180,0801-9282,10.52145/cm.v38i2.2495,2026-03
2180,0801-9282,10.52145/cm.v38i1.2476,2026-03
2180,0801-9282,10.52145/cm.v38i1.2477,2026-03
2180,0801-9282,10.52145/cm.v38i1.2482,2026-03
2180,0801-9282,10.52145/cm.v38i1.2475,2026-03
2180,0801-9282,10.52145/cm.v38i2.2491,2026-03
2180,0801-9282,10.52145/cm.v38i2.2492,2026-03
2180,0801-9282,10.52145/cm.v38i2.2494,2026-03
2180,0801-9282,10.52145/cm.v38i1.2479,2026-03
2277,2538-2810,10.61186/jjums.11.2.1601,2025-02
2277,2538-2810,10.61186/jjums.11.1.1497,2024-10
2277,2538-2810,10.61186/jjums.11.1.1512,2024-10
2277,2538-2810,10.61186/jjums.11.2.1532,2025-02
2277,2538-2810,10.61186/jjums.11.2.1584,2025-02
2277,2538-2810,10.61186/jjums.11.1.1489,2024-10
2277,2538-2810,10.61186/jjums.11.1.1460,2024-10
2277,2538-2810,10.61186/jjums.11.2.1565,2025-02
2277,2538-2810,10.61186/jjums.11.1.1449,2024-10
2277,2538-2810,10.61186/jjums.11.2.1544,2025-02
2277,2538-2810,10.61186/jjums.11.1.1480,2024-10
2277,2538-2810,10.61186/jjums.11.2.1575,2025-02
2277,2538-2810,10.61186/jjums.11.1.1471,2024-10
2277,2538-2810,10.61186/jjums.11.2.1523,2025-02
2277,2538-2810,10.61186/jjums.11.2.1554,2025-02
2277,2538-2810,10.61186/jjums.11.1.1451,2024-10
2303,2659-5885,10.61890/adlimina/3.2012/08,2023-11
2303,2659-5885,10.61890/adlimina/5.2014/08,2023-11
2303,2659-5885,10.61890/adlimina/6.2015/03,2023-11
2303,2659-5885,10.61890/adlimina/11.2020/02,2023-11
2303,2659-5885,10.61890/adlimina/6.2015/06,2023-11
2303,2659-5885,10.61890/adlimina/4.2013/09,2023-11
2303,2659-5885,10.61890/adlimina/1.2010/21,2023-11
2303,2659-5885,10.61890/adlimina/14.2023/04,2023-11
2303,2659-5885,10.61890/adlimina/4.2013/05,2023-11
2303,2659-5885,10.61890/adlimina/3.2012/07,2023-11
2303,2659-5885,10.61890/adlimina/4.2013/02,2023-11
2303,2659-5885,10.61890/adlimina/1.2010/14,2023-11
2303,2659-5885,10.61890/adlimina/14.2023/06,2023-11
2303,2659-5885,10.61890/adlimina/2.2011/08,2023-11
2303,2659-5885,10.61890/adlimina/14.2023/10,2023-11
2303,2659-5885,10.61890/adlimina/10.2019/06,2023-11
2303,2659-5885,10.61890/adlimina/13.2022/02,2023-11
2303,2659-5885,10.61890/adlimina/14.2023/05,2023-11
2303,2659-5885,10.61890/adlimina/16.2.2025/04,2025-11
2303,2659-5885,10.61890/adlimina/16.2.2025/02,2025-11
2322,2659-7721,10.48260/ralf.extra2.63,2024-08
2322,2659-7721,10.48260/ralf.extra2.76,2024-08
2322,2659-7721,10.48260/ralf.7.161,2024-08
2322,2659-7721,10.48260/ralf.extra2.81,2024-08
2322,2659-7721,10.48260/ralf.extra5.233,2026-03
2322,2659-7721,10.48260/ralf.extra3.60,2024-08
2322,2659-7721,10.48260/ralf.extra3.73,2024-08
2322,2659-7721,10.48260/ralf.7.126,2024-08
2322,2659-7721,10.48260/ralf.extra6.209,2026-03
2322,2659-7721,10.48260/ralf.extra3.82,2024-08
2322,2659-7721,10.48260/ralf.n4.28,2024-11
2322,2659-7721,10.48260/ralf.extra3.62,2024-08
2322,2659-7721,10.48260/ralf.8.178,2025-07
2322,2659-7721,10.48260/ralf.7.130,2024-08
2322,2659-7721,10.48260/ralf.extra2.69,2024-08
2322,2659-7721,10.48260/ralf.extra5.248,2026-03
2322,2659-7721,10.48260/ralf.extra5.242,2026-03
2322,2659-7721,10.48260/ralf.extra3.66,2024-08
2322,2659-7721,10.48260/ralf.extra2.37,2024-08
2322,2659-7721,10.48260/ralf.9.207,2025-12
2351,2377-3537,10.21423/jrs-v04n03pi,2023-04
2351,2377-3537,10.21423/jrs.regsci.3116,2023-04
2351,2377-3537,10.21423/jrs.regsci.3119,2023-04
2351,2377-3537,10.21423/jrs-v09i1anderson,2023-04
2351,2377-3537,10.21423/jrs-v10a192,2023-04
2351,2377-3537,10.21423/jrs-v04n04p029,2023-04
2351,2377-3537,10.21423/jrs-v06n02p001,2023-04
2351,2377-3537,10.21423/jrs.regsci.102258,2023-04
2351,2377-3537,10.21423/jrs-v04n02p001,2023-04
2351,2377-3537,10.21423/jrs.regsci.3117,2023-04
2351,2377-3537,10.21423/jrs.regsci.2113,2023-04
2351,2377-3537,10.21423/jrs-v08singh,2023-04
2351,2377-3537,10.21423/jrs-v04n01p001,2023-04
2351,2377-3537,10.21423/jrs.regsci.121293,2024-11
2351,2377-3537,10.21423/jrs-v07moghissi,2023-04
2351,2377-3537,10.21423/jrs-v10i1beninger,2023-04
2351,2377-3537,10.21423/jrs.regsci.111272,2023-11
2351,2377-3537,10.21423/jrs.regsci.131301,2025-07
2351,2377-3537,10.21423/jrs-v06n02p035,2023-04
2351,2377-3537,10.21423/jrs.regsci.121269,2024-02
2387,1885-3730,10.63700/1156,2025-04
2387,1885-3730,10.63700/1162,2025-04
2387,1885-3730,10.63700/1183,2025-04
2387,1885-3730,10.63700/1272,2026-05
2387,1885-3730,10.63700/1271,2025-10
2387,1885-3730,10.63700/1184,2025-04
2387,1885-3730,10.63700/1395,2026-08
2387,1885-3730,10.63700/1320,2026-05
2387,1885-3730,10.63700/1107,2025-04
2387,1885-3730,10.63700/1068,2025-04
2387,1885-3730,10.63700/1221,2025-04
2387,1885-3730,10.63700/1193,2025-04
2387,1885-3730,10.63700/1344,2026-08
2387,1885-3730,10.63700/1119,2025-04
2387,1885-3730,10.63700/1334,2026-08
2387,1885-3730,10.63700/1324,2025-10
2387,1885-3730,10.63700/1157,2025-04
2387,1885-3730,10.63700/1205,2025-04
2387,1885-3730,10.63700/1288,2025-10
2387,1885-3730,10.63700/1169,2025-04
2471,2250-8619,10.36446/rlfp160,2025-03
2471,2250-8619,10.36446/rlfp183,2025-03
2471,2250-8619,10.36446/rlfp201,2025-06
2471,2250-8619,10.36446/rlfp159,2025-03
2471,2250-8619,10.36446/rlfp165,2024-10
2471,2250-8619,10.36446/rlfp203,2025-06
2471,2250-8619,10.36446/rlfp140,2024-10
2471,2250-8619,10.36446/rlfp158,2025-03
2471,2250-8619,10.36446/rlfp163,2025-03
2471,2250-8619,10.36446/rlfp141,2024-10
2471,2250-8619,10.36446/rlfp161,2025-03
2471,2250-8619,10.36446/rlfp211,2025-08
2471,2250-8619,10.36446/rlfp182,2025-03
2471,2250-8619,10.36446/rlfp152,2024-10
2471,2250-8619,10.36446/rlfp208,2025-08
2471,2250-8619,10.36446/rlfp202,2025-06
2471,2250-8619,10.36446/rlfp181,2025-03
2471,2250-8619,10.36446/rlfp207,2025-08
2471,2250-8619,10.36446/rlfp205,2025-08
2471,2250-8619,10.36446/rlfp210,2025-08
2485,1857-498X,10.59295/sum6(176)2024_27,2025-02
2485,1857-498X,10.59295/sum1(171)2024_05,2024-10
2485,1857-498X,10.59295/sum6(166)2023_01,2024-05
2485,1857-498X,10.59295/sum6(186)2025_32,2026-01
2485,1857-498X,10.59295/sum6(176)2024_06,2025-02
2485,1857-498X,10.59295/sum1(181)2025_03,2025-06
2485,1857-498X,10.59295/sum1(181)2025_27,2025-06
2485,1857-498X,10.59295/sum1(171)2023_25,2023-10
2485,1857-498X,10.59295/sum6(186)2025_04,2026-01
2485,1857-498X,10.59295/sum1(171)2024_21,2024-10
2485,1857-498X,10.59295/sum1(191)2026_12,2026-07
2485,1857-498X,10.59295/sum1(191)2026_31,2026-07
2485,1857-498X,10.59295/sum1(171)2023_09,2023-10
2485,1857-498X,10.59295/sum1(181)2025_05,2025-06
2485,1857-498X,10.59295/sum6(176)2024_28,2025-02
2485,1857-498X,10.59295/sum1(171)2023_08,2023-10
2485,1857-498X,10.59295/sum1(191)2026_17,2026-07
2485,1857-498X,10.59295/sum1(191)2026_22,2026-07
2485,1857-498X,10.59295/sum1(191)2026_24,2026-07
2485,1857-498X,10.59295/sum6(166)2023_13,2024-05
2486,1811-2668,10.59295/sum4(184)2024_22,2024-11
2486,1811-2668,10.59295/sum4(194)2025_03,2025-06
2486,1811-2668,10.59295/sum4(174)2023_17,2023-11
2486,1811-2668,10.59295/sum10(200)2024_24,2025-03
2486,1811-2668,10.59295/sum4(184)2024_21,2024-11
2486,1811-2668,10.59295/sum4(184)2024_04,2024-11
2486,1811-2668,10.59295/sum10(180)2023_02,2024-05
2486,1811-2668,10.59295/sum10(200)2024_32,2025-03
2486,1811-2668,10.59295/sum10(170)2023_11,2024-05
2486,1811-2668,10.59295/sum10(180)2023_03,2024-05
2486,1811-2668,10.59295/sum10(200)2024_07,2025-03
2486,1811-2668,10.59295/sum4(174)2023_16,2023-11
2486,1811-2668,10.59295/sum10(200)2024_12,2025-03
2486,1811-2668,10.59295/sum10(220)2025_09,2026-02
2486,1811-2668,10.59295/sum10(180)2023_13,2024-05
2486,1811-2668,10.59295/sum10(220)2025_1,2026-02
2486,1811-2668,10.59295/sum10(200)2024_23,2025-03
2486,1811-2668,10.59295/sum4(194)2025_13,2025-06
2486,1811-2668,10.59295/sum4(174)2023_14,2023-11
2486,1811-2668,10.59295/sum10(220)2025_07,2026-02
2488,2386-7655,10.5209/kant.101368,2025-07
2488,2386-7655,10.5209/kant.88708,2023-07
2488,2386-7655,10.5209/kant.105697,2026-07
2488,2386-7655,10.5209/kant.102843,2025-11
2488,2386-7655,10.5209/kant.88493,2023-12
2488,2386-7655,10.5209/kant.88682,2023-12
2488,2386-7655,10.5209/kant.88702,2023-07
2488,2386-7655,10.5209/kant.93057,2024-07
2488,2386-7655,10.5209/kant.90470,2023-12
2488,2386-7655,10.5209/kant.101667,2025-07
2488,2386-7655,10.5209/kant.88694,2023-07
2488,2386-7655,10.5209/kant.91837,2023-12
2488,2386-7655,10.5209/kant.97994,2024-11
2488,2386-7655,10.5209/kant.94877,2024-07
2488,2386-7655,10.5209/kant.103803,2025-11
2488,2386-7655,10.5209/kant.99840,2025-07
2488,2386-7655,10.5209/kant.94466,2024-07
2488,2386-7655,10.5209/kant.104302,2025-11
2488,2386-7655,10.5209/kant.88704,2023-07
2488,2386-7655,10.5209/kant.91978,2023-12
2562,2595-4431,10.66205/rvbma.v8i4.511,2026-02
2562,2595-4431,10.66205/rvbma.v12i2.1659,2026-02
2562,2595-4431,10.66205/rvbma.v8i2.365,2026-02
2562,2595-4431,10.66205/rvbma.v5i1.150,2026-02
2562,2595-4431,10.66205/rvbma.v6i1.196,2026-02
2562,2595-4431,10.66205/rvbma.v8i3.401,2026-02
2562,2595-4431,10.66205/rvbma.v11i2.1408,2026-02
2562,2595-4431,10.66205/rvbma.v14i2.2146,2026-08
2562,2595-4431,10.66205/rvbma.v14i1.2065,2026-02
2562,2595-4431,10.66205/rvbma.v7i2.270,2026-02
2562,2595-4431,10.66205/rvbma.v1i1.5,2026-02
2562,2595-4431,10.66205/rvbma.v10i1.984,2026-02
2562,2595-4431,10.66205/rvbma.v5i1.139,2026-02
2562,2595-4431,10.66205/rvbma.v11i3.1480,2026-02
2562,2595-4431,10.66205/rvbma.v14i1.2030,2026-02
2562,2595-4431,10.66205/rvbma.v9i1.649,2026-02
2562,2595-4431,10.66205/rvbma.v11i1.1257,2026-02
2562,2595-4431,10.66205/rvbma.v11i2.1426,2026-02
2562,2595-4431,10.66205/rvbma.v10i3.1079,2026-02
2562,2595-4431,10.66205/rvbma.v9i2.725,2026-02
2606,2489-4265,10.61199/85bv-9w0s,2026-04
2606,2489-4265,10.61199/6fwk-f7pg,2026-04
2606,2489-4265,10.61199/9k10-634p,2026-04
2606,2489-4265,10.61199/36eb-b5af,2026-04
2606,2489-4265,10.61199/ej90-2p07,2026-04
2606,2489-4265,10.61199/jass.142991,2024-04
2606,2489-4265,10.61199/jass.144600,2024-12
2606,2489-4265,10.61199/y5jg-9q68,2025-11
2606,2489-4265,10.61199/wm8m-wkr6,2026-04
2614,2525-1198,10.61377/ehc.38809,2025-01
2614,2525-1198,10.61377/ehc.38098,2023-11
2614,2525-1198,10.61377/ehc.40530,2026-01
2614,2525-1198,10.61377/ehc.30186,2025-01
2614,2525-1198,10.61377/ehc.46051,2026-01
2614,2525-1198,10.61377/ehc.40018,2023-11
2614,2525-1198,10.61377/ehc.32326,2025-01
2614,2525-1198,10.61377/ehc.39465,2023-11
2614,2525-1198,10.61377/ehc.34427,2025-01
2614,2525-1198,10.61377/ehc.30239,2025-01
2614,2525-1198,10.61377/ehc.30175,2025-01
2614,2525-1198,10.61377/ehc.34599,2025-01
2614,2525-1198,10.61377/ehc.32258,2025-01
2614,2525-1198,10.61377/ehc.41794,2023-11
2614,2525-1198,10.61377/ehc.44535,2026-01
2614,2525-1198,10.61377/ehc.38222,2025-01
2614,2525-1198,10.61377/ehc.39992,2025-01
2614,2525-1198,10.61377/ehc.32420,2025-01
2614,2525-1198,10.61377/ehc.45732,2026-01
2614,2525-1198,10.61377/ehc.37982,2025-01
2634,2783-5502,10.13165/sd-25-23-1-04,2025-06
2634,2783-5502,10.13165/sd-17-15-2-05,2017-11
2634,2783-5502,10.13165/sd-26-24-1-11,2026-07
2634,2783-5502,10.13165/sd-26-24-1-06,2026-07
2634,2783-5502,10.13165/sd-26-24-1-10,2026-07
2634,2783-5502,10.13165/sd-25-23-2-04,2026-03
2634,2783-5502,10.13165/sd-24-22-1-04,2024-06
2634,2783-5502,10.13165/sd-26-24-1-03,2026-07
2634,2783-5502,10.13165/sd-18-16-1-10,2018-05
2634,2783-5502,10.13165/sd-21-19-2-06,2021-12
2634,2783-5502,10.13165/sd-16-14-1-01,2016-06
2634,2783-5502,10.13165/sd-24-22-1-02,2024-06
2634,2783-5502,10.13165/sd-25-23-1-05,2025-06
2634,2783-5502,10.13165/sd-25-23-2-06,2026-03
2634,2783-5502,10.13165/sd-22-20-1-02,2022-06
2634,2783-5502,10.13165/sd-17-15-2-01,2017-11
2634,2783-5502,10.13165/sd-26-24-1-02,2026-07
2634,2783-5502,10.13165/sd-18-16-2-05,2018-11
2634,2783-5502,10.13165/sd-21-19-2-08,2021-12
2634,2783-5502,10.13165/sd-24-22-1-03,2024-06
2636,2764-1392,10.26694/2764-1392.5527,2024-06
2636,2764-1392,10.26694/1517-6258.220,2024-06
2636,2764-1392,10.26694/2764-1392.3606,2024-06
2636,2764-1392,10.26694/1517-6258.730,2024-06
2636,2764-1392,10.26694/2764-1392.4550,2024-06
2636,2764-1392,10.26694/2764-1392.4790,2024-06
2636,2764-1392,10.26694/3749,2024-06
2636,2764-1392,10.26694/2764-1392.8085,2026-06
2636,2764-1392,10.26694/2764-1392.8016,2026-06
2636,2764-1392,10.26694/2764-1392.6738,2026-02
2636,2764-1392,10.26694/1517-6258.358,2024-06
2636,2764-1392,10.26694/2764-1392.3734,2024-06
2636,2764-1392,10.26694/1517-6258.76,2024-06
2636,2764-1392,10.26694/1517-6258.60,2024-06
2636,2764-1392,10.26694/1517-6258.282,2024-06
2636,2764-1392,10.26694/1517-6258.221,2024-06
2636,2764-1392,10.26694/1517-6258.352,2024-06
2636,2764-1392,10.26694/2764-1392.6389,2026-02
2636,2764-1392,10.26694/2764-1392.3608,2024-06
2636,2764-1392,10.26694/2764-1392.6169,2024-12
2648,2347-0135,10.56991/a.18.1432,2024-06
2648,2347-0135,10.56991/a.21.1510,2026-04
2648,2347-0135,10.56991/a.17.1170,2023-11
2648,2347-0135,10.56991/a.20.1534,2025-10
2648,2347-0135,10.56991/a.19.1444,2024-12
2648,2347-0135,10.56991/a.17.1176,2023-11
2648,2347-0135,10.56991/a.17.1174,2023-11
2648,2347-0135,10.56991/a.18.1300,2024-06
2648,2347-0135,10.56991/a.17.1218,2023-11
2648,2347-0135,10.56991/a.19.1440,2024-12
2648,2347-0135,10.56991/a.18.1198,2024-06
2648,2347-0135,10.56991/a.20.1448,2025-10
2648,2347-0135,10.56991/a.17.1147,2023-11
2648,2347-0135,10.56991/a.20.1445,2025-10
2648,2347-0135,10.56991/a.17.1171,2023-11
2648,2347-0135,10.56991/a.21.1463,2026-04
2648,2347-0135,10.56991/a.17.1172,2023-11
2648,2347-0135,10.56991/a.17.1169,2023-11
2648,2347-0135,10.56991/a.18.1431,2024-06
2648,2347-0135,10.56991/a.17.1108,2023-11
2714,2423-3870,10.34172/jhbmi.2024.06,2024-06
2714,2423-3870,10.34172/jhbmi.2023.15,2023-08
2714,2423-3870,10.34172/jhbmi.2025.17,2026-02
2714,2423-3870,10.34172/jhbmi.2025.12,2026-02
2714,2423-3870,10.34172/jhbmi.2023.31,2024-06
2714,2423-3870,10.34172/jhbmi.2024.28,2025-12
2714,2423-3870,10.34172/jhbmi.2024.11,2024-10
2714,2423-3870,10.34172/jhbmi.2025.01,2025-12
2714,2423-3870,10.34172/jhbmi.2025.15,2026-02
2714,2423-3870,10.34172/jhbmi.2023.29,2024-06
2714,2423-3870,10.34172/jhbmi.2025.06,2025-12
2714,2423-3870,10.34172/jhbmi.2025.23,2026-02
2714,2423-3870,10.34172/jhbmi.2024.20,2025-01
2714,2423-3870,10.34172/jhbmi.2023.30,2024-06
2714,2423-3870,10.34172/jhbmi.2023.26,2024-06
2714,2423-3870,10.34172/jhbmi.2023.18,2024-06
2714,2423-3870,10.34172/jhbmi.2024.19,2025-01
2714,2423-3870,10.34172/jhbmi.2022.06,2023-08
2714,2423-3870,10.34172/jhbmi.2023.13,2023-08
2714,2423-3870,10.34172/jhbmi.2023.17,2023-08
2722,2524-9568,10.71047/2524.9568.n17.44894,2024-12
2722,2524-9568,10.71047/2524.9568.n18.51507,2025-12
2722,2524-9568,10.71047/2524.9568.n18.51547,2025-12
2722,2524-9568,10.71047/2524.9568.n18.49483,2025-12
2722,2524-9568,10.71047/2524.9568.n17.44892,2024-12
2722,2524-9568,10.71047/2524.9568.n18.49071,2025-12
2722,2524-9568,10.71047/2524.9568.n17.44467,2024-12
2722,2524-9568,10.71047/2524.9568.n17.44546,2024-12
2722,2524-9568,10.71047/2524.9568.n18.49406,2025-12
2722,2524-9568,10.71047/2524.9568.n17.46560,2024-12
2722,2524-9568,10.71047/2524.9568.n18.49505,2025-12
2722,2524-9568,10.71047/2524.9568.n17.45461,2024-12
2722,2524-9568,10.71047/2524.9568.n17.46561,2024-12
2722,2524-9568,10.71047/2524.9568.n17.44582,2024-12
2722,2524-9568,10.71047/2524.9568.n18.49565,2025-12
2722,2524-9568,10.71047/2524.9568.n18.49059,2025-12
2722,2524-9568,10.71047/2524.9568.n18.49466,2025-12
2722,2524-9568,10.71047/2524.9568.n17.46607,2024-12
2722,2524-9568,10.71047/2524.9568.n18.49068,2025-12
2728,2675-7028,10.18764/2675-7028v2n3e25298,2026-01
2728,2675-7028,10.18764/2675-7028v2n3e26725,2026-01
2742,2605-3012,10.62217/carth.535,2024-01
2742,2605-3012,10.62217/carth.632,2025-01
2742,2605-3012,10.62217/carth.505,2024-01
2742,2605-3012,10.62217/carth.717,2026-07
2742,2605-3012,10.62217/carth.380,2025-02
2742,2605-3012,10.62217/carth.378,2024-09
2742,2605-3012,10.62217/carth.178,2026-05
2742,2605-3012,10.62217/carth.565,2024-07
2742,2605-3012,10.62217/carth.722,2026-07
2742,2605-3012,10.62217/carth.437,2024-01
2742,2605-3012,10.62217/carth.502,2024-09
2742,2605-3012,10.62217/carth.334,2025-02
2742,2605-3012,10.62217/carth.623,2025-07
2742,2605-3012,10.62217/carth.691,2026-01
2742,2605-3012,10.62217/carth.640,2025-01
2742,2605-3012,10.62217/carth.306,2024-09
2742,2605-3012,10.62217/carth.710,2026-07
2742,2605-3012,10.62217/carth.499,2024-01
2742,2605-3012,10.62217/carth.591,2024-07
2742,2605-3012,10.62217/carth.672,2025-07
2812,2697-3375,10.63957/veritas.v8i2.0304,2026-08
2812,2697-3375,10.63957/7125.094104,2025-05
2812,2697-3375,10.63957/veritas.v8i1.0008,2026-03
2812,2697-3375,10.63957/7125.018028,2025-05
2812,2697-3375,10.63957/veritas.v6i2.0006,2026-03
2812,2697-3375,10.63957/10.63957/veritas.v6i1.0004,2026-03
2812,2697-3375,10.63957/7125.029040,2025-05
2812,2697-3375,10.63957/veritas.v8i2.0298,2026-08
2812,2697-3375,10.63957/7125.062070,2025-05
2812,2697-3375,10.63957/veritas.v8i1.0001,2026-03
2812,2697-3375,10.63957/veritas.v8i2.0290,2026-08
2812,2697-3375,10.63957/7125.082093,2025-05
2812,2697-3375,10.63957/7225.123133,2025-08
2812,2697-3375,10.63957/veritas.v8i2.0293,2026-08
2812,2697-3375,10.63957/veritas.v6i2.0002,2026-03
2812,2697-3375,10.63957/7225.105122,2025-08
2812,2697-3375,10.63957/veritas.v6i2.0003,2026-03
2812,2697-3375,10.63957/7125.071081,2025-05
2812,2697-3375,10.63957/veritas.v8i1.0005,2026-03
2812,2697-3375,10.63957/7225.197207,2025-08
2860,1982-257X,10.36920/xb0fjs12,2026-07
2860,1982-257X,10.36920/9wvw3n02,2026-08
2860,1982-257X,10.36920/8e5rjz81,2026-08
2860,1982-257X,10.36920/wwk6yg89,2026-08
2860,1982-257X,10.36920/tvxkbr38,2026-08
2860,1982-257X,10.36920/rrfpa849,2026-07
2860,1982-257X,10.36920/e0mxmz80,2026-08
2860,1982-257X,10.36920/enfbvz27,2026-08
2860,1982-257X,10.36920/ax7bb862,2026-08
2860,1982-257X,10.36920/0ajrdp53,2026-08
2860,1982-257X,10.36920/4ab40g34,2026-08
2860,1982-257X,10.36920/nr39mt87,2026-08
2860,1982-257X,10.36920/nz4dd311,2026-07
2860,1982-257X,10.36920/2bbe4570,2026-08
2860,1982-257X,10.36920/qwrqh714,2026-08
2860,1982-257X,10.36920/mvhwfn43,2026-06
2860,1982-257X,10.36920/b4dqfh39,2026-08
2860,1982-257X,10.36920/ea2k9s70,2026-08
2872,0258-8102,10.62781/peucesn.21.08,2024-11
2872,0258-8102,10.62781/peucesn.22.08,2025-01
2872,0258-8102,10.62781/peucesn.20.01,2025-04
2872,0258-8102,10.62781/peucesn.23.06,2026-02
2872,0258-8102,10.62781/peucesn.23.10,2026-02
2872,0258-8102,10.62781/peucesn.23.04,2026-02
2872,0258-8102,10.62781/peucesn.19.05,2025-07
2872,0258-8102,10.62781/peucesn.23.11,2026-02
2872,0258-8102,10.62781/peucesn.23.02,2026-02
2872,0258-8102,10.62781/peucesn.21.03,2024-11
2872,0258-8102,10.62781/peucesn.23.01,2026-02
2872,0258-8102,10.62781/peucesn.19.03,2025-07
2872,0258-8102,10.62781/peucesn.21.04,2024-11
2872,0258-8102,10.62781/peucesn.19.01,2025-07
2872,0258-8102,10.62781/peucesn.22.01,2025-01
2872,0258-8102,10.62781/peucesn.23.03,2026-02
2872,0258-8102,10.62781/peucesn.22.11,2025-01
2872,0258-8102,10.62781/peucesn.20.02,2025-04
2872,0258-8102,10.62781/peucesn.22.04,2025-01
2872,0258-8102,10.62781/peucesn.22.02,2025-01
2905,2455-7544,10.68198/daathvoyage.v11.n1.4,2026-09
2905,2455-7544,10.68198/daathvoyage.v11.n1.8,2026-09
2905,2455-7544,10.68198/daathvoyage.v11.n1.5,2026-09
2905,2455-7544,10.68198/daathvoyage.v11.n1.9,2026-09
2905,2455-7544,10.68198/daathvoyage.v11.n1.2,2026-09
2905,2455-7544,10.68198/daathvoyage.v11.n1.1,2026-09
2905,2455-7544,10.68198/daathvoyage.v11.n1.7,2026-09
2905,2455-7544,10.68198/daathvoyage.v11.n1.10,2026-09
2905,2455-7544,10.68198/daathvoyage.v11.n1.3,2026-09
2905,2455-7544,10.68198/daathvoyage.v11.n1.6,2026-09
2979,1522-5658,10.64667/vebs7936,2025-09
2979,1522-5658,10.64667/rhcf9313,2026-03
2979,1522-5658,10.64667/pydf4942,2026-02
2979,1522-5658,10.64667/pjgu6376,2026-03
2979,1522-5658,10.64667/dzie8714,2026-03
2979,1522-5658,10.64667/mavb7000,2025-08
2979,1522-5658,10.64667/hmyh3466,2025-09
2979,1522-5658,10.64667/phcm8898,2025-09
2979,1522-5658,10.64667/fbxb3323,2026-03
2979,1522-5658,10.64667/jaod9541,2025-08
2979,1522-5658,10.64667/vklq2758,2026-03
2979,1522-5658,10.64667/mmbz7621,2026-03
2979,1522-5658,10.64667/rxbs6687,2025-09
2979,1522-5658,10.64667/lycz2894,2025-09
2979,1522-5658,10.64667/qdnv9278,2026-03
2979,1522-5658,10.64667/mzvm3941,2026-02
2979,1522-5658,10.64667/istm9747,2026-03
2979,1522-5658,10.64667/cyyk4692,2025-09
2979,1522-5658,10.64667/lzfg9170,2025-08
2979,1522-5658,10.64667/jkri3219,2026-02
2994,2734-1356,10.22916/jcpc.2024..42.201,2024-10
2994,2734-1356,10.22916/jcpc.2023..39.179,2025-03
2994,2734-1356,10.22916/jcpc.2025..43.79,2025-03
2994,2734-1356,10.22916/jcpc.2022..38.131,2025-03
2994,2734-1356,10.22916/jcpc.2020..34.129,2025-03
2994,2734-1356,10.22916/jcpc.2022..38.15,2025-03
2994,2734-1356,10.22916/jcpc.2022..38.5,2025-03
2994,2734-1356,10.22916/jcpc.2021..35.159,2025-03
2994,2734-1356,10.22916/jcpc.2026..45.117,2026-03
2994,2734-1356,10.22916/jcpc.2025..44.77,2025-09
2994,2734-1356,10.22916/jcpc.2024..42.61,2024-10
2994,2734-1356,10.22916/jcpc.2023..39.91,2025-03
2994,2734-1356,10.22916/jcpc.2022..38.43,2025-03
2994,2734-1356,10.22916/jcpc.2019..32.99,2025-03
2994,2734-1356,10.22916/jcpc.2023..39.157,2025-03
2994,2734-1356,10.22916/jcpc.2024..42.157,2024-10
2994,2734-1356,10.22916/jcpc.2021..36.185,2025-03
2994,2734-1356,10.22916/jcpc.2024..41.149,2024-05
2994,2734-1356,10.22916/jcpc.2024..41.85,2024-05
2994,2734-1356,10.22916/jcpc.2023..40.157,2025-03
3030,2379-4690,10.70793/mgr.190,2025-12
3030,2379-4690,10.70793/mgr.109,2025-12
3030,2379-4690,10.70793/mgr.101,2025-12
3030,2379-4690,10.70793/mgr.148,2025-12
3030,2379-4690,10.70793/mgr.78,2025-12
3030,2379-4690,10.70793/mgr.120,2025-12
3030,2379-4690,10.70793/mgr.153,2025-12
3030,2379-4690,10.70793/mgr.49,2025-12
3030,2379-4690,10.70793/mgr.149,2025-12
3030,2379-4690,10.70793/mgr.181,2025-12
3030,2379-4690,10.70793/mgr.47,2025-12
3030,2379-4690,10.70793/mgr.104,2025-12
3030,2379-4690,10.70793/mgr.196,2025-12
3030,2379-4690,10.70793/mgr.185,2025-12
3030,2379-4690,10.70793/mgr.112,2025-12
3030,2379-4690,10.70793/mgr.35,2025-12
3030,2379-4690,10.70793/mgr.327,2026-06
3030,2379-4690,10.70793/mgr.118,2025-12
3030,2379-4690,10.70793/mgr.132,2025-12
3030,2379-4690,10.70793/mgr.179,2025-12
3091,1948-1802,10.70213/1948-1802.1042,2024-10
3091,1948-1802,10.70213/1948-1802.1096,2025-01
3091,1948-1802,10.70213/1948-1802.1075,2025-01
3091,1948-1802,10.70213/1948-1802.1106,2025-01
3091,1948-1802,10.70213/1948-1802.1031,2024-10
3091,1948-1802,10.70213/1948-1802.1062,2024-12
3091,1948-1802,10.70213/1948-1802.1038,2024-10
3091,1948-1802,10.70213/1948-1802.1111,2025-06
3091,1948-1802,10.70213/1948-1802.1054,2024-12
3091,1948-1802,10.70213/1948-1802.1088,2025-01
3091,1948-1802,10.70213/1948-1802.1076,2025-01
3091,1948-1802,10.70213/1948-1802.1037,2024-10
3091,1948-1802,10.70213/1948-1802.1098,2025-01
3091,1948-1802,10.70213/1948-1802.1104,2025-01
3091,1948-1802,10.70213/1948-1802.1103,2025-01
3091,1948-1802,10.70213/1948-1802.1105,2025-01
3091,1948-1802,10.70213/1948-1802.1085,2025-01
3091,1948-1802,10.70213/1948-1802.1053,2024-12
3091,1948-1802,10.70213/1948-1802.1113,2025-06
3091,1948-1802,10.70213/1948-1802.1056,2024-12
3099,2408-445X,10.62174/odisea.11175,2026-03
3099,2408-445X,10.62174/odisea.11229,2026-05
3099,2408-445X,10.62174/odisea.9703,2024-06
3099,2408-445X,10.62174/odisea.10003,2024-11
3099,2408-445X,10.62174/odisea.11305,2026-06
3099,2408-445X,10.62174/odisea.11162,2026-04
3099,2408-445X,10.62174/odisea.11202,2026-05
3099,2408-445X,10.62174/odisea.11315,2026-07
3099,2408-445X,10.62174/odisea.10138,2024-12
3102,2422-619X,10.62174/psocial.10209,2025-10
3102,2422-619X,10.62174/psocial.10305,2025-10
3102,2422-619X,10.62174/psocial.10131,2025-10
3102,2422-619X,10.62174/psocial.10426,2025-10
3102,2422-619X,10.62174/psocial.7892,2025-10
3102,2422-619X,10.62174/psocial.9965,2025-10
3102,2422-619X,10.62174/psocial.10028,2025-10
3102,2422-619X,10.62174/psocial.10425,2025-10
3102,2422-619X,10.62174/psocial.9576,2025-10
3289,2721-1169,10.62775/edukasia.v3i3.139,2024-03
3289,2721-1169,10.62775/edukasia.v3i3.225,2024-03
3289,2721-1169,10.62775/edukasia.v5i2.862,2024-08
3289,2721-1169,10.62775/edukasia.v3i3.119,2024-03
3289,2721-1169,10.62775/edukasia.v4i2.521,2024-04
3289,2721-1169,10.62775/edukasia.v5i1.845,2024-05
3289,2721-1169,10.62775/edukasia.v5i1.870,2024-06
3289,2721-1169,10.62775/edukasia.v4i2.569,2024-04
3289,2721-1169,10.62775/edukasia.v4i1.249,2024-03
3289,2721-1169,10.62775/edukasia.v3i3.246,2024-03
3289,2721-1169,10.62775/edukasia.v4i2.508,2024-04
3289,2721-1169,10.62775/edukasia.v5i1.1306,2026-07
3289,2721-1169,10.62775/edukasia.v7i1.2115,2026-07
3289,2721-1169,10.62775/edukasia.v5i1.1295,2026-07
3289,2721-1169,10.62775/edukasia.v5i1.1115,2026-07
3289,2721-1169,10.62775/edukasia.v5i1.1122,2026-07
3289,2721-1169,10.62775/edukasia.v5i1.1240,2026-07
3289,2721-1169,10.62775/edukasia.v5i1.1055,2026-07
3289,2721-1169,10.62775/edukasia.v5i1.1042,2026-07
3289,2721-1169,10.62775/edukasia.v5i1.1070,2026-07
3356,2317-9708,10.18391/racin.v10i2.4058,2025-09
3356,2317-9708,10.18391/racin.v12i2.4074,2025-09
3356,2317-9708,10.18391/racin.v13i1.4343,2025-09
3356,2317-9708,10.18391/racin.v10i2.4049,2025-09
3356,2317-9708,10.18391/racin.v11i2.3850,2025-09
3356,2317-9708,10.18391/racin.v10i2.4054,2025-09
3356,2317-9708,10.18391/racin.v12i1.4062,2025-09
3356,2317-9708,10.18391/racin.v9i1.4021,2025-09
3356,2317-9708,10.18391/racin.v10i2.4055,2025-09
3356,2317-9708,10.18391/racin.v11i2.3852,2025-09
3356,2317-9708,10.18391/racin.v12i2.4071,2025-09
3356,2317-9708,10.18391/racin.v9i2.4024,2025-09
3356,2317-9708,10.18391/racin.v10i1.4032,2025-09
3356,2317-9708,10.18391/racin.v9i1.4013,2025-09
3356,2317-9708,10.18391/racin.v10i2.4045,2025-09
3356,2317-9708,10.18391/racin.v11i2.3851,2025-09
3356,2317-9708,10.18391/racin.v14i1.5127,2026-05
3356,2317-9708,10.18391/racin.v10i2.4053,2025-09
3356,2317-9708,10.18391/racin.v12i2.4073,2025-09
3356,2317-9708,10.18391/racin.v9i2.4026,2025-09
3373,2531-5994,10.54103/2531-5994/31122,2026-04
3373,2531-5994,10.54103/2531-5994/31124,2026-04
3373,2531-5994,10.54103/2531-5994/31212,2026-04
3373,2531-5994,10.54103/2531-5994/31130,2026-04
3373,2531-5994,10.54103/2531-5994/32447,2026-08
3373,2531-5994,10.54103/2531-5994/31191,2026-04
3373,2531-5994,10.54103/2531-5994/31069,2026-04
3373,2531-5994,10.54103/2531-5994/31113,2026-04
3373,2531-5994,10.54103/2531-5994/31053,2026-04
3373,2531-5994,10.54103/2531-5994/31035,2026-04
3373,2531-5994,10.54103/2531-5994/31147,2026-04
3373,2531-5994,10.54103/2531-5994/31084,2026-04
3373,2531-5994,10.54103/2531-5994/31139,2026-04
3373,2531-5994,10.54103/2531-5994/31090,2026-04
3373,2531-5994,10.54103/2531-5994/31100,2026-04
3373,2531-5994,10.54103/2531-5994/31160,2026-04
3373,2531-5994,10.54103/2531-5994/31198,2026-04
3373,2531-5994,10.54103/2531-5994/31180,2026-04
3373,2531-5994,10.54103/2531-5994/31219,2026-04
3373,2531-5994,10.54103/2531-5994/31043,2026-04
3377,1857-2103,10.59295/sum9(179)2024_05,2025-03
3377,1857-2103,10.59295/sum5(165)2023_13,2023-07
3377,1857-2103,10.59295/sum9(179)2024_01,2025-03
3377,1857-2103,10.59295/sum5(165)2023_29,2023-07
3377,1857-2103,10.59295/sum9(189)2025_08,2026-01
3377,1857-2103,10.59295/sum9(169)2024_06,2024-05
3377,1857-2103,10.59295/sum5(165)2023_26,2023-07
3377,1857-2103,10.59295/sum9(176)2024_26,2025-03
3377,1857-2103,10.59295/sum9(176)2024_46,2025-03
3377,1857-2103,10.59295/sum9(189)2025_06,2026-01
3377,1857-2103,10.59295/sum9(189)2025_13,2026-01
3377,1857-2103,10.59295/sum5(185)2025_02,2025-06
3377,1857-2103,10.59295/sum5(165)2023_05,2023-07
3377,1857-2103,10.59295/sum5(165)2023_37,2023-07
3377,1857-2103,10.59295/sum9(176)2024_24,2025-03
3377,1857-2103,10.59295/sum9(189)2025_05,2026-01
3377,1857-2103,10.59295/sum9(169)2024_46,2024-05
3377,1857-2103,10.59295/sum5(165)2023_31,2023-07
3377,1857-2103,10.59295/sum9(169)2024_37,2024-05
3377,1857-2103,10.59295/sum9(189)2025_11,2026-01
3432,1927-4416,10.55016/ojs/jah.v2024y2024.79827,2024-09
3432,1927-4416,10.55016/ojs/jah.v2012y2012.53214,2024-07
3432,1927-4416,10.55016/ojs/jah.v2024i2024.78939,2024-07
3432,1927-4416,10.55016/pe8p5z56,2026-02
3432,1927-4416,10.55016/ojs/jah.v2011y2011.53186,2024-07
3432,1927-4416,10.55016/ojs/jah.v2013y2013.53221,2024-07
3432,1927-4416,10.55016/bd5dka23,2026-08
3432,1927-4416,10.55016/ojs/jah.v2022y2022.76092,2024-09
3432,1927-4416,10.55016/ojs/jah.v2017y2017.53315,2024-09
3432,1927-4416,10.55016/ojs/jah.v2024i2024.79368,2024-07
3432,1927-4416,10.55016/ojs/jah.v2024i2024.79529,2024-07
3432,1927-4416,10.55016/ojs/jah.v2021y2021.71844,2025-07
3432,1927-4416,10.55016/ojs/jah.v2016y2016.53277,2024-07
3432,1927-4416,10.55016/ojs/jah.v2022y2022.76002,2024-09
3432,1927-4416,10.55016/ojs/jah.v2025y2025.80926,2025-03
3432,1927-4416,10.55016/ojs/jah.v2023y2023.77982,2024-09
3432,1927-4416,10.55016/s8ac8g18,2026-06
3432,1927-4416,10.55016/ojs/jah.v2014y2014.53246,2024-07
3432,1927-4416,10.55016/ojs/jah.v2022y2022.74856,2024-09
3432,1927-4416,10.55016/ojs/jah.v2016y2016.53293,2024-07
3482,2591-3387,10.64955/jratiy2026x982,2026-01
3482,2591-3387,10.64955/z2vnrv90,2026-07
3482,2591-3387,10.64955/jratiy2025x926,2025-10
3482,2591-3387,10.64955/29v59x33,2026-05
3482,2591-3387,10.64955/jratiy2025x944,2025-10
3482,2591-3387,10.64955/jratiy2025x874,2025-10
3482,2591-3387,10.64955/jratiy2026x880,2026-01
3482,2591-3387,10.64955/6m488s82,2026-04
3482,2591-3387,10.64955/jratiy2025x981,2025-10
3482,2591-3387,10.64955/jratiy2025x942,2025-10
3482,2591-3387,10.64955/x8gqh193,2026-01
3482,2591-3387,10.64955/rta76x69,2026-06
3482,2591-3387,10.64955/jratiy2025x902,2025-10
3482,2591-3387,10.64955/jratiy2025x928,2025-10
3482,2591-3387,10.64955/vbxeq256,2026-06
3482,2591-3387,10.64955/x9sdft67,2026-08
3482,2591-3387,10.64955/jratiy2025x895,2025-10
3482,2591-3387,10.64955/jratiy2025x980,2025-12
3482,2591-3387,10.64955/jratiy2025x923,2025-10
3482,2591-3387,10.64955/7qktxs83,2026-07
3564,1326-2238,10.3127/ajis.v29.6059,2025-10
3564,1326-2238,10.3127/ajis.v28.5237,2024-05
3564,1326-2238,10.3127/ajis.v28.4869,2024-11
3564,1326-2238,10.3127/ajis.v29.5567,2025-12
3564,1326-2238,10.3127/ajis.v28.4441,2024-09
3564,1326-2238,10.3127/ajis.v29.5429,2025-07
3564,1326-2238,10.3127/ajis.v27i0.4043,2023-11
3564,1326-2238,10.3127/ajis.v28.4669,2024-11
3564,1326-2238,10.3127/ajis.v28.4529,2024-11
3564,1326-2238,10.3127/ajis.v29.6089,2025-12
3564,1326-2238,10.3127/ajis.v29.5773,2025-10
3564,1326-2238,10.3127/ajis.v28.4681,2024-09
3564,1326-2238,10.3127/ajis.v27i0.4435,2023-12
3564,1326-2238,10.3127/ajis.v27i0.4501,2023-12
3564,1326-2238,10.3127/ajis.v29.5095,2025-07
3564,1326-2238,10.3127/ajis.v27i0.4489,2023-12
3564,1326-2238,10.3127/ajis.v29.4793,2025-02
3564,1326-2238,10.3127/ajis.v28.4235,2024-05
3564,1326-2238,10.3127/ajis.v28.4611,2024-05
3564,1326-2238,10.3127/ajis.v29.5323,2025-07
3642,2610-7902,10.53766/contex/2024.28.30.02,2025-05
3642,2610-7902,10.53766/contex/2023.27.29.06,2023-12
3642,2610-7902,10.53766/contex/2025.29.31.08,2026-08
3642,2610-7902,10.53766/contex/2025.29.31.05,2026-08
3642,2610-7902,10.53766/contex/2023.27.29.02,2023-12
3642,2610-7902,10.53766/contex/2025.29.31.10,2026-08
3642,2610-7902,10.53766/contex/2023.27.29.04,2023-12
3642,2610-7902,10.53766/contex/2023.27.29.17,2023-12
3642,2610-7902,10.53766/contex/2024.28.30.15,2025-05
3642,2610-7902,10.53766/contex/2023.27.29.11,2023-12
3642,2610-7902,10.53766/contex/2025.29.31.19,2026-08
3642,2610-7902,10.53766/contex/2024.28.30.16,2025-05
3642,2610-7902,10.53766/contex/2024.28.30.01,2025-05
3642,2610-7902,10.53766/contex/2023.27.29.07,2023-12
3642,2610-7902,10.53766/contex/2025.29.31.11,2026-08
3642,2610-7902,10.53766/contex/2025.29.31.14,2026-08
3642,2610-7902,10.53766/contex/2023.27.29.01,2023-12
3642,2610-7902,10.53766/contex/2024.28.30.20,2025-05
3642,2610-7902,10.53766/contex/2024.28.30.18,2025-05
3642,2610-7902,10.53766/contex/2025.29.31.13,2026-08
3717,1989-5909,10.1387/cabas.28024,2026-06
3717,1989-5909,10.1387/cabas.26890,2025-06
3717,1989-5909,10.1387/cabas.27923,2025-12
3717,1989-5909,10.1387/cabas.26155,2024-06
3717,1989-5909,10.1387/cabas.26230,2024-06
3717,1989-5909,10.1387/cabas.26877,2024-12
3717,1989-5909,10.1387/cabas.28254,2026-06
3717,1989-5909,10.1387/cabas.26215,2024-06
3717,1989-5909,10.1387/cabas.27155,2025-06
3717,1989-5909,10.1387/cabas.27582,2025-12
3717,1989-5909,10.1387/cabas.28228,2026-06
3717,1989-5909,10.1387/cabas.27686,2025-12
3717,1989-5909,10.1387/cabas.26244,2024-06
3717,1989-5909,10.1387/cabas.26873,2025-06
3717,1989-5909,10.1387/cabas.28222,2026-06
3717,1989-5909,10.1387/cabas.26871,2025-06
3717,1989-5909,10.1387/cabas.26784,2024-12
3717,1989-5909,10.1387/cabas.28212,2026-06
3717,1989-5909,10.1387/cabas.26073,2024-06
3717,1989-5909,10.1387/cabas.26160,2024-06
3735,2251-807X,10.18502/jhsw.v14i2.17145,2024-12
3735,2251-807X,10.18502/jhsw.v14i4.18330,2025-04
3735,2251-807X,10.18502/jhsw.v15i2.21404,2026-04
3735,2251-807X,10.18502/jhsw.v16i1.21888,2026-06
3735,2251-807X,10.18502/jhsw.v15i1.21361,2026-04
3735,2251-807X,10.18502/jhsw.v15i4.21456,2026-05
3735,2251-807X,10.18502/jhsw.v14i1.17127,2024-12
3735,2251-807X,10.18502/jhsw.v14i2.17148,2024-12
3735,2251-807X,10.18502/jhsw.v16i1.21894,2026-06
3735,2251-807X,10.18502/jhsw.v15i2.21400,2026-04
3735,2251-807X,10.18502/jhsw.v14i2.17137,2024-12
3735,2251-807X,10.18502/jhsw.v15i4.21451,2026-05
3735,2251-807X,10.18502/jhsw.v15i3.21422,2026-05
3735,2251-807X,10.18502/jhsw.v14i2.17133,2024-12
3735,2251-807X,10.18502/jhsw.v14i1.17121,2024-12
3735,2251-807X,10.18502/jhsw.v16i1.21890,2026-06
3735,2251-807X,10.18502/jhsw.v15i1.21357,2026-04
3735,2251-807X,10.18502/jhsw.v14i3.18317,2025-04
3735,2251-807X,10.18502/jhsw.v15i3.21421,2026-05
3735,2251-807X,10.18502/jhsw.v14i3.18361,2025-04
3879,2008-2665,10.18502/payavard.v19i6.22328,2026-08
3879,2008-2665,10.18502/payavard.v19i6.22323,2026-08
3879,2008-2665,10.18502/payavard.v19i6.22324,2026-08
3879,2008-2665,10.18502/payavard.v20i1.22329,2026-08
3879,2008-2665,10.18502/payavard.v20i1.22336,2026-08
3879,2008-2665,10.18502/payavard.v20i1.22333,2026-08
3879,2008-2665,10.18502/payavard.v19i6.22326,2026-08
3879,2008-2665,10.18502/payavard.v19i6.22322,2026-08
3879,2008-2665,10.18502/payavard.v20i1.22331,2026-08
3879,2008-2665,10.18502/payavard.v20i1.22332,2026-08
3879,2008-2665,10.18502/payavard.v19i6.22327,2026-08
3879,2008-2665,10.18502/payavard.v20i1.22337,2026-08
3879,2008-2665,10.18502/payavard.v19i6.22314,2026-08
3879,2008-2665,10.18502/payavard.v20i1.22330,2026-08
3879,2008-2665,10.18502/payavard.v19i6.22325,2026-08
3879,2008-2665,10.18502/payavard.v20i1.22335,2026-08
3935,1522-7502,10.58680/forum202024101,2023-09
3935,1522-7502,10.58680/forum202577104,2026-01
3935,1522-7502,10.58680/forum202326102,2023-09
3935,1522-7502,10.58680/forum201821201,2023-09
3935,1522-7502,10.58680/forum202023201,2023-09
3935,1522-7502,10.58680/forum202024103,2023-09
3935,1522-7502,10.58680/forum201821203,2023-09
3935,1522-7502,10.58680/forum201923101,2023-09
3935,1522-7502,10.58680/forum202023202,2023-09
3935,1522-7502,10.58680/forum202577101,2026-01
3935,1522-7502,10.58680/forum202577103,2026-01
3935,1522-7502,10.58680/forum202023203,2023-09
3935,1522-7502,10.58680/forum202125103,2023-09
3935,1522-7502,10.58680/forum202125102,2023-09
3935,1522-7502,10.58680/forum202577102,2026-01
3935,1522-7502,10.58680/forum202326201,2023-09
3935,1522-7502,10.58680/forum202225201,2023-09
3935,1522-7502,10.58680/forum202326202,2023-09
3935,1522-7502,10.58680/forum202124203,2023-09
3935,1522-7502,10.58680/forum202024102,2023-09
3937,1848-8013,10.64785/mc.30.1.4,2025-09
3937,1848-8013,10.64785/mc.31.1.8,2026-04
3937,1848-8013,10.64785/mc.30.1.6,2025-09
3937,1848-8013,10.64785/mc.30.2.3,2025-09
3937,1848-8013,10.64785/mc.30.1.9,2025-09
3937,1848-8013,10.64785/mc.31.1.7,2026-04
3937,1848-8013,10.64785/mc.30.1.5,2025-09
3937,1848-8013,10.64785/mc.31.1.2,2026-04
3937,1848-8013,10.64785/mc.30.1.8,2025-09
3937,1848-8013,10.64785/mc.30.1.3,2025-09
3937,1848-8013,10.64785/mc.30.2.7,2025-09
3937,1848-8013,10.64785/mc.31.1.5,2026-04
3937,1848-8013,10.64785/mc.31.1.4,2026-04
3937,1848-8013,10.64785/mc.30.2.2,2025-09
3937,1848-8013,10.64785/mc.30.1.2,2025-09
3937,1848-8013,10.64785/mc.31.1.9,2026-04
3937,1848-8013,10.64785/mc.30.2.6,2025-09
3937,1848-8013,10.64785/mc.30.2.8,2025-09
3937,1848-8013,10.64785/mc.31.1.6,2026-04
3937,1848-8013,10.64785/mc.31.1.1,2026-04
3953,2362-325X,10.59516/mda.v5.103,2023-08
3953,2362-325X,10.59516/mda.v12.131,2023-08
3953,2362-325X,10.59516/mda.v14.9,2023-08
3953,2362-325X,10.59516/mda.v9.184,2023-08
3953,2362-325X,10.59516/mda.v14.4,2023-08
3953,2362-325X,10.59516/mda.v14.3,2023-08
3953,2362-325X,10.59516/mda.v10.169,2023-08
3953,2362-325X,10.59516/mda.v11.57,2023-08
3953,2362-325X,10.59516/mda.v16.239,2023-08
3953,2362-325X,10.59516/mda.v14.26,2023-08
3953,2362-325X,10.59516/mda.v8.157,2023-08
3953,2362-325X,10.59516/mda.v8.147,2023-08
3953,2362-325X,10.59516/mda.v4.124,2023-08
3953,2362-325X,10.59516/mda.v17.283,2023-10
3953,2362-325X,10.59516/mda.v14.6,2023-08
3953,2362-325X,10.59516/mda.v13.75,2023-08
3953,2362-325X,10.59516/mda.v19.321,2026-01
3953,2362-325X,10.59516/mda.v16.258,2023-08
3953,2362-325X,10.59516/mda.v17.290,2023-08
3953,2362-325X,10.59516/mda.v10.170,2023-08
3989,2238-5754,10.69969/revistababel.v9i2.6390,2024-07
3989,2238-5754,10.69969/revistababel.v2i1.215,2024-07
3989,2238-5754,10.69969/revistababel.v4i1.981,2024-07
3989,2238-5754,10.69969/revistababel.v4i1.986,2024-07
3989,2238-5754,10.69969/revistababel.v10i1.8875,2024-07
3989,2238-5754,10.69969/revistababel.v4i2.1403,2024-07
3989,2238-5754,10.69969/revistababel.v3i1.969,2024-07
3989,2238-5754,10.69969/revistababel.v7i2.2792,2024-07
3989,2238-5754,10.69969/revistababel.v9i1.5933,2024-07
3989,2238-5754,10.69969/revistababel.v8i1.3488,2024-07
3989,2238-5754,10.69969/revistababel.v5i1.2543,2024-07
3989,2238-5754,10.69969/revistababel.v13i.14823,2024-07
3989,2238-5754,10.69969/revistababel.v2i1.219,2024-07
3989,2238-5754,10.69969/revistababel.v5i2.2548,2024-07
3989,2238-5754,10.69969/revistababel.v13i.17327,2024-07
3989,2238-5754,10.69969/revistababel.v6i1.2737,2024-07
3989,2238-5754,10.69969/revistababel.v8i2.5475,2024-07
3989,2238-5754,10.69969/revistababel.v4i2.1402,2024-07
3989,2238-5754,10.69969/revistababel.v2i2.960,2024-07
3989,2238-5754,10.69969/revistababel.v9i1.6288,2024-07
4029,2455-4626,10.4103/bc.bc_120_24,2025-04
4029,2455-4626,10.4103/bc.bc_72_24,2025-04
4029,2455-4626,10.4103/bc.bc_133_24,2025-03
4029,2455-4626,10.4103/bc.bc_41_25,2025-10
4029,2455-4626,10.4103/bc.bc_99_23,2024-06
4029,2455-4626,10.4103/bc.bc_83_23,2024-03
4029,2455-4626,10.4103/2394-8108.203256,2022-01
4029,2455-4626,10.4103/bc.bc_9_24,2024-03
4029,2455-4626,10.4103/bc.bc_36_24,2024-12
4029,2455-4626,10.4103/bc.bc_22_23,2023-09
4029,2455-4626,10.4103/bc.bc_129_25,2026-01
4029,2455-4626,10.4103/bc.bc_5_25,2025-05
4029,2455-4626,10.4103/bc.bc_44_23,2023-11
4029,2455-4626,10.4103/bc.bc_9_23,2023-09
4029,2455-4626,10.4103/bc.bc_134_24,2025-03
4029,2455-4626,10.4103/bc.bc_166_25,2026-05
4029,2455-4626,10.4103/bc.bc_105_25,2025-12
4029,2455-4626,10.4103/bc.bc_173_24,2025-09
4029,2455-4626,10.4103/2394-8108.186256,2016-08
4029,2455-4626,10.4103/bc.bc_57_24,2025-03
4041,2320-1495,10.4103/sej.sej_47_23,2023-08
4041,2320-1495,10.4103/sej.sej_117_25,2025-12
4041,2320-1495,10.4103/sej.sej_110_25,2025-12
4041,2320-1495,10.4103/sej.sej_260_25,2026-08
4041,2320-1495,10.4103/sej.sej_161_22,2023-04
4041,2320-1495,10.4103/sej.sej_152_25,2025-12
4041,2320-1495,10.4103/sej.sej_183_25,2025-12
4041,2320-1495,10.4103/sej.sej_295_24,2025-08
4041,2320-1495,10.4103/sej.sej_17_23,2023-08
4041,2320-1495,10.4103/sej.sej_144_23,2024-09
4041,2320-1495,10.4103/sej.sej_20_23,2023-08
4041,2320-1495,10.4103/sej.sej_277_25,2026-08
4041,2320-1495,10.4103/sej.sej_148_25,2025-12
4041,2320-1495,10.4103/sej.sej_251_25,2026-08
4041,2320-1495,10.4103/sej.sej_315_25,2026-08
4041,2320-1495,10.4103/sej.sej_211_22,2023-04
4041,2320-1495,10.4103/sej.sej_313_25,2025-12
4041,2320-1495,10.4103/sej.sej_9_23,2023-08
4041,2320-1495,10.4103/sej.sej_93_25,2025-12
4041,2320-1495,10.4103/sej.sej_147_25,2025-12
4116,1679-9127,10.29327/2682327.24.1-4,2025-11
4116,1679-9127,10.29327/2682327.23.1-2,2025-11
4116,1679-9127,10.29327/2682327.23.1-9,2025-11
4116,1679-9127,10.29327/2682327.23.1-8,2025-11
4116,1679-9127,10.29327/2682327.24.2-5,2025-10
4116,1679-9127,10.29327/2682327.23.2-5,2025-11
4116,1679-9127,10.29327/2682327.24.2-9,2025-10
4116,1679-9127,10.29327/2682327.24.2-1,2025-10
4116,1679-9127,10.29327/2682327.23.2-9,2025-11
4116,1679-9127,10.29327/2682327.23.1-4,2025-11
4116,1679-9127,10.29327/2682327.24.1-6,2025-11
4116,1679-9127,10.29327/2682327.24.2-7,2025-10
4116,1679-9127,10.29327/2682327.23.2-10,2025-11
4116,1679-9127,10.29327/2682327.23.2-4,2025-11
4116,1679-9127,10.29327/2682327.24.1-5,2025-11
4116,1679-9127,10.29327/2682327.23.2-1,2025-11
4116,1679-9127,10.29327/2682327.23.1-5,2025-11
4116,1679-9127,10.29327/2682327.24.1-7,2025-11
4116,1679-9127,10.29327/2682327.24.1-1,2025-11
4116,1679-9127,10.29327/2682327.23.2-7,2025-11
4151,2068-9403,10.64404/jodrm.2025.2.20,2025-12
4151,2068-9403,10.64404/jodrm.2026.1.03,2026-06
4151,2068-9403,10.64404/jodrm.2025.1.11,2025-07
4151,2068-9403,10.64404/jodrm.2025.1.14,2025-07
4151,2068-9403,10.64404/jodrm.2025.1.18,2025-07
4151,2068-9403,10.64404/jodrm.2025.2.07,2025-12
4151,2068-9403,10.64404/jodrm.2026.1.05,2026-06
4151,2068-9403,10.64404/jodrm.2026.1.15,2026-06
4151,2068-9403,10.64404/jodrm.2026.1.04,2026-06
4151,2068-9403,10.64404/jodrm.2026.1.13,2026-06
4151,2068-9403,10.64404/jodrm.2025.1.15,2025-07
4151,2068-9403,10.64404/jodrm.2025.2.14,2025-12
4151,2068-9403,10.64404/jodrm.2025.1.02,2025-07
4151,2068-9403,10.64404/jodrm.2025.2.19,2025-12
4151,2068-9403,10.64404/jodrm.2025.2.21,2025-12
4151,2068-9403,10.64404/jodrm.2025.1.13,2025-07
4151,2068-9403,10.64404/jodrm.2026.1.09,2026-06
4151,2068-9403,10.64404/jodrm.2025.1.06,2025-07
4151,2068-9403,10.64404/jodrm.2025.1.03,2025-07
4151,2068-9403,10.64404/jodrm.2026.1.02,2026-06
4172,2647-4840,10.58335/crescentis.1234,2023-09
4172,2647-4840,10.58335/crescentis.1003,2023-09
4172,2647-4840,10.58335/crescentis.1512,2025-02
4172,2647-4840,10.58335/crescentis.1579,2025-02
4172,2647-4840,10.58335/crescentis.1451,2024-01
4172,2647-4840,10.58335/crescentis.224,2023-09
4172,2647-4840,10.58335/crescentis.1157,2023-09
4172,2647-4840,10.58335/crescentis.1484,2024-01
4172,2647-4840,10.58335/crescentis.1290,2023-09
4172,2647-4840,10.58335/crescentis.298,2023-09
4172,2647-4840,10.58335/crescentis.1736,2026-05
4172,2647-4840,10.58335/crescentis.347,2023-09
4172,2647-4840,10.58335/crescentis.1399,2024-01
4172,2647-4840,10.58335/crescentis.251,2023-09
4172,2647-4840,10.58335/crescentis.1549,2025-02
4172,2647-4840,10.58335/crescentis.147,2023-09
4172,2647-4840,10.58335/crescentis.1079,2023-09
4172,2647-4840,10.58335/crescentis.1292,2023-09
4172,2647-4840,10.58335/crescentis.1601,2025-02
4172,2647-4840,10.58335/crescentis.1273,2023-09
4233,0800-3076,10.52145/nlt.v43i1.2425,2026-03
4233,0800-3076,10.52145/nlt.v43i1.2427,2026-03
4233,0800-3076,10.52145/nlt.v43i2.2519,2026-03
4233,0800-3076,10.52145/nlt.v43i1.2424,2026-03
4233,0800-3076,10.52145/nlt.v43i2.2520,2026-03
4233,0800-3076,10.52145/nlt.v43i1.2423,2026-03
4233,0800-3076,10.52145/nlt.v43i1.2426,2026-03
4233,0800-3076,10.52145/nlt.v43i2.2518,2026-03
4250,1583-7467,10.59168/wkls1359,2023-05
4250,1583-7467,10.59168/zkxb8937,2023-05
4250,1583-7467,10.59168/dqed4990,2023-06
4250,1583-7467,10.59168/iutm8778,2025-01
4250,1583-7467,10.59168/vcuv2193,2023-06
4250,1583-7467,10.59168/fuap6124,2023-05
4250,1583-7467,10.59168/ptks3832,2023-06
4250,1583-7467,10.59168/poec2203,2025-09
4250,1583-7467,10.59168/cqxy1902,2025-09
4250,1583-7467,10.59168/zfzr6849,2026-07
4250,1583-7467,10.59168/xjzx9378,2026-07
4250,1583-7467,10.59168/nugf8847,2025-09
4250,1583-7467,10.59168/ckka3765,2023-05
4250,1583-7467,10.59168/rcbn3600,2023-06
4250,1583-7467,10.59168/mhan6499,2023-05
4250,1583-7467,10.59168/ybmf3435,2024-01
4250,1583-7467,10.59168/mtgp2890,2026-07
4250,1583-7467,10.59168/xqml8689,2026-07
4250,1583-7467,10.59168/qzpz6886,2025-09
4250,1583-7467,10.59168/hlmw7334,2023-06
4257,2645-4262,10.47176/smok.2021.1322,2025-07
4257,2645-4262,10.47176/smok.2020.1246,2025-04
4257,2645-4262,10.47176/smok.2022.1417,2025-07
4257,2645-4262,10.47176/smok.2022.1394,2025-07
4257,2645-4262,10.47176/smok.2019.1100,2025-04
4257,2645-4262,10.47176/smok.2021.1349,2025-07
4257,2645-4262,10.47176/smok.2022.1395,2025-07
4257,2645-4262,10.47176/smok.2025.1913,2026-01
4257,2645-4262,10.47176/smok.2026.1974,2026-06
4257,2645-4262,10.47176/smok.2026.2010,2026-07
4257,2645-4262,10.47176/smok.2024.1666,2024-12
4257,2645-4262,10.47176/smok.2023.1635,2025-07
4257,2645-4262,10.47176/smok.2019.1106,2025-04
4257,2645-4262,10.47176/smok.2021.1378,2025-07
4257,2645-4262,10.47176/smok.2018.1316,2025-04
4257,2645-4262,10.47176/smok.2022.1433,2025-07
4257,2645-4262,10.47176/smok.2022.1406,2025-07
4257,2645-4262,10.47176/smok.2021.1270,2025-07
4257,2645-4262,10.47176/smok.2020.1145,2025-04
4257,2645-4262,10.47176/smok.2021.1310,2025-07
4269,2658-154X,10.34768/spgp-gx88,2024-05
4269,2658-154X,10.34768/a3k6-4j11,2024-05
4269,2658-154X,10.61827/kter-89bj,2024-06
4269,2658-154X,10.61827/wvxz-o65b,2024-06
4269,2658-154X,10.34768/rn14-n261,2024-05
4269,2658-154X,10.34768/e05s-1671,2024-05
4269,2658-154X,10.34768/m0ma-8171,2024-05
4269,2658-154X,10.61827/mvy2-sw5z,2025-04
4269,2658-154X,10.34768/0kmp-pt29,2024-05
4269,2658-154X,10.34768/1bem-jx69,2024-05
4269,2658-154X,10.61827/o6m5-7776,2024-06
4269,2658-154X,10.34768/w7qf-3p53,2024-05
4269,2658-154X,10.34768/j8a5-d484,2024-05
4269,2658-154X,10.34768/cecx-9w61,2024-05
4269,2658-154X,10.61827/kdcd-0o2q,2026-09
4269,2658-154X,10.34768/wyfk-sr30,2024-05
4269,2658-154X,10.61827/ssbs-q0uj,2024-06
4269,2658-154X,10.61827/r4yr-a1e8,2024-06
4269,2658-154X,10.34768/3xpt-k178,2024-05
4269,2658-154X,10.34768/d4gn-cc64,2024-05
4346,2067-3809,10.59168/adpj8002,2025-11
4346,2067-3809,10.59168/czff3279,2025-11
4346,2067-3809,10.59168/xcgf9697,2025-11
4346,2067-3809,10.59168/wvrs9642,2025-11
4346,2067-3809,10.59168/temc1538,2025-11
4346,2067-3809,10.59168/xrjr1398,2025-11
4346,2067-3809,10.59168/veit1821,2025-11
4346,2067-3809,10.59168/sicn2610,2025-11
4346,2067-3809,10.59168/xxvl5803,2025-11
4346,2067-3809,10.59168/pccn6364,2025-11
4346,2067-3809,10.59168/fqma2030,2025-11
4346,2067-3809,10.59168/mnyy1333,2025-11
4346,2067-3809,10.59168/vsjj9945,2025-11
4346,2067-3809,10.59168/rxdq1407,2025-11
4346,2067-3809,10.59168/pikv9441,2025-11
4346,2067-3809,10.59168/wlnh8971,2025-11
4346,2067-3809,10.59168/xphk4648,2025-11
4346,2067-3809,10.59168/lcdz5671,2025-11
4346,2067-3809,10.59168/jbmy8981,2025-11
4346,2067-3809,10.59168/cids2835,2025-11
4356,2684-0553,10.67746/sd196,2026-08
4356,2684-0553,10.67746/sd204,2026-08
4356,2684-0553,10.67746/sd211,2026-08
4356,2684-0553,10.67746/sd195,2026-08
4356,2684-0553,10.67746/sd198,2026-08
4356,2684-0553,10.67746/sd201,2026-08
4356,2684-0553,10.67746/sd206,2026-08
4356,2684-0553,10.67746/sd199,2026-08
4356,2684-0553,10.67746/sd209,2026-08
4356,2684-0553,10.67746/sd210,2026-08
4356,2684-0553,10.67746/sd200,2026-08
4356,2684-0553,10.67746/sd202,2026-08
4356,2684-0553,10.67746/sd197,2026-08
4356,2684-0553,10.67746/sd203,2026-08
4361,1094-3501,10.64152/10125/25184,2025-08
4361,1094-3501,10.64152/10125/44052,2025-08
4361,1094-3501,10.64152/10125/44735,2025-08
4361,1094-3501,10.64152/10125/44206,2025-08
4361,1094-3501,10.64152/10125/44037,2025-08
4361,1094-3501,10.64152/10125/73461,2025-08
4361,1094-3501,10.64152/10125/25077,2025-08
4361,1094-3501,10.64152/10125/44246,2025-08
4361,1094-3501,10.64152/10125/24508,2025-08
4361,1094-3501,10.64152/10125/44056,2025-08
4361,1094-3501,10.64152/10125/44614,2025-08
4361,1094-3501,10.64152/10125/25127,2025-08
4361,1094-3501,10.64152/10125/44012,2025-08
4361,1094-3501,10.64152/10125/73591,2025-08
4361,1094-3501,10.64152/10125/25165,2025-08
4361,1094-3501,10.64152/10125/44389,2025-08
4361,1094-3501,10.64152/10125/25164,2025-08
4361,1094-3501,10.64152/10125/25133,2025-08
4361,1094-3501,10.64152/10125/44604,2025-08
4361,1094-3501,10.64152/10125/44120,2025-08
4368,0070-1688,10.48162/rev.45.022,2025-12
4368,0070-1688,10.48162/rev.45.030,2025-12
4368,0070-1688,10.48162/rev.45.005,2024-07
4368,0070-1688,10.48162/rev.45.041,2026-04
4368,0070-1688,10.48162/rev.45.028,2025-12
4368,0070-1688,10.48162/rev.45.027,2025-12
4368,0070-1688,10.48162/rev.45.046,2026-04
4368,0070-1688,10.48162/rev.45.004,2024-07
4368,0070-1688,10.48162/rev.45.018,2025-12
4368,0070-1688,10.48162/rev.45.036,2026-04
4368,0070-1688,10.48162/rev.45.026,2025-12
4368,0070-1688,10.48162/rev.45.034,2025-12
4368,0070-1688,10.48162/rev.45.042,2026-04
4368,0070-1688,10.48162/rev.45.033,2025-12
4368,0070-1688,10.48162/rev.45.006,2024-07
4368,0070-1688,10.48162/rev.45.035,2026-04
4368,0070-1688,10.48162/rev.45.038,2026-04
4368,0070-1688,10.48162/rev.45.003,2024-07
4368,0070-1688,10.48162/rev.45.044,2026-04
4368,0070-1688,10.48162/rev.45.010,2024-07
4378,1932-8036,10.65476/wvzx4349,2026-03
4378,1932-8036,10.65476/0ddh4n81,2026-01
4378,1932-8036,10.65476/e20tjk66,2026-08
4378,1932-8036,10.65476/82q8mw89,2026-01
4378,1932-8036,10.65476/ppzen716,2026-03
4378,1932-8036,10.65476/4grtyc16,2026-05
4378,1932-8036,10.65476/nt5fcf85,2026-05
4378,1932-8036,10.65476/0py9ex82,2026-04
4378,1932-8036,10.65476/2wgyst19,2026-01
4378,1932-8036,10.65476/t62r0k92,2026-05
4378,1932-8036,10.65476/nf8kn336,2026-06
4378,1932-8036,10.65476/gy6br160,2026-08
4378,1932-8036,10.65476/qxvxky89,2026-07
4378,1932-8036,10.65476/r3p7r945,2026-08
4378,1932-8036,10.65476/8xsd0m69,2026-08
4378,1932-8036,10.65476/qbrz0774,2026-05
4378,1932-8036,10.65476/4y5t1782,2026-04
4378,1932-8036,10.65476/av0ka969,2026-01
4378,1932-8036,10.65476/qd17zh66,2026-07
4378,1932-8036,10.65476/8yk9qv86,2026-01
4389,2246-8498,10.54337/ojs.jos.v10i1.8486,2024-08
4389,2246-8498,10.54337/ojs.jos.v9i1.7923,2023-10
4389,2246-8498,10.54337/ojs.jos.v11i2.11114,2026-02
4389,2246-8498,10.54337/ojs.jos.v9i1/2.7877,2024-03
4389,2246-8498,10.54337/ojs.jos.v10i2.8712,2025-05
4389,2246-8498,10.54337/ojs.jos.v10i1.8461,2024-08
4389,2246-8498,10.54337/ojs.jos.v10i1.8333,2024-08
4389,2246-8498,10.54337/ojs.jos.v9i1/2.8156,2024-03
4389,2246-8498,10.54337/ojs.jos.v11i2.10199,2026-02
4389,2246-8498,10.54337/ojs.jos.v11i2.11256,2026-02
4389,2246-8498,10.54337/ojs.jos.v8i2.7479,2023-08
4389,2246-8498,10.54337/ojs.jos.v11i2.11311,2026-02
4389,2246-8498,10.54337/ojs.jos.v11i1.10586,2025-10
4389,2246-8498,10.54337/ojs.jos.v11i1.10012,2025-10
4389,2246-8498,10.54337/ojs.jos.v10i2.8600,2025-05
4389,2246-8498,10.54337/ojs.jos.v11i1.10672,2025-10
4389,2246-8498,10.54337/ojs.jos.v11i2.11298,2026-02
4389,2246-8498,10.54337/ojs.jos.v9i1/2.7891,2024-03
4389,2246-8498,10.54337/ojs.jos.v10i2.10083,2025-05
4389,2246-8498,10.54337/ojs.jos.v10i1.8485,2024-08
4464,2252-648X,10.15294/jpes.v14i4.30962,2025-12
4464,2252-648X,10.15294/jpes.v14i4.30907,2025-12
4464,2252-648X,10.15294/jpes.v14i3.25790,2025-11
4464,2252-648X,10.15294/jpes.v15i1.30382,2026-04
4464,2252-648X,10.15294/jpes.v15i1.31832,2026-04
4464,2252-648X,10.15294/jpes.v14i2.19472,2025-07
4464,2252-648X,10.15294/jpes.v15i2.39604,2026-07
4464,2252-648X,10.15294/jpes.v14i2.23865,2025-07
4464,2252-648X,10.15294/jpes.v15i2.44647,2026-07
4464,2252-648X,10.15294/jpes.v15i2.40549,2026-07
4464,2252-648X,10.15294/jpes.v15i2.40975,2026-07
4464,2252-648X,10.15294/jpes.v15i2.41410,2026-07
4464,2252-648X,10.15294/jpes.v14i4.24986,2025-12
4464,2252-648X,10.15294/jpes.v15i2.44992,2026-07
4464,2252-648X,10.15294/jpes.v15i2.32809,2026-07
4464,2252-648X,10.15294/jpes.v14i3.29123,2025-11
4464,2252-648X,10.15294/jpes.v14i3.20006,2025-11
4464,2252-648X,10.15294/jpes.v14i2.15259,2025-07
4464,2252-648X,10.15294/jpes.v14i4.30015,2025-12
4464,2252-648X,10.15294/jpes.v14i4.30976,2025-12
4473,2252-6935,10.15294/upej.v14i2.21797,2025-08
4473,2252-6935,10.15294/upej.v14i1.24174,2025-05
4473,2252-6935,10.15294/upej.v14i2.26883,2025-08
4473,2252-6935,10.15294/upej.v13i2.3802,2025-05
4473,2252-6935,10.15294/upej.v13i1.8630,2025-05
4473,2252-6935,10.15294/upej.v14i3.43712,2026-04
4473,2252-6935,10.15294/upej.v13i3.19784,2025-05
4473,2252-6935,10.15294/upej.v14i1.22346,2025-05
4473,2252-6935,10.15294/upej.v13i1.8635,2025-05
4473,2252-6935,10.15294/upej.v13i3.14757,2025-08
4473,2252-6935,10.15294/upej.v14i3.31689,2026-01
4473,2252-6935,10.15294/upej.v13i3.19944,2025-05
4473,2252-6935,10.15294/upej.v14i1.24171,2025-05
4473,2252-6935,10.15294/upej.v14i2.24764,2025-08
4473,2252-6935,10.15294/upej.v13i2.15186,2025-05
4473,2252-6935,10.15294/upej.v14i2.33499,2025-09
4473,2252-6935,10.15294/upej.v14i2.31523,2025-08
4473,2252-6935,10.15294/upej.v13i1.8622,2025-05
4473,2252-6935,10.15294/upej.v13i1.8631,2025-05
4473,2252-6935,10.15294/upej.v13i1.8629,2025-05
4531,2618-4281,10.64713/etc.n15.2024.47543,2025-12
4531,2618-4281,10.64713/etc.n14.2024.45655,2025-12
4531,2618-4281,10.64713/etc.n12.2023.41920,2025-12
4531,2618-4281,10.64713/etc.n12.2023.41910,2025-12
4531,2618-4281,10.64713/etc.n13.2023.43721,2025-12
4531,2618-4281,10.64713/etc.n18.2026.53491,2026-07
4531,2618-4281,10.64713/etc.n18.2026.53141,2026-07
4531,2618-4281,10.64713/etc.n18.2026.51997,2026-07
4531,2618-4281,10.64713/etc.n12.2023.41917,2025-12
4531,2618-4281,10.64713/etc.n14.2024.45712,2025-12
4531,2618-4281,10.64713/etc.n15.2024.47507,2025-12
4531,2618-4281,10.64713/etc.n15.2024.47514,2025-12
4531,2618-4281,10.64713/etc.n17.2025.51437,2025-12
4531,2618-4281,10.64713/etc.n16.2025.49535,2025-11
4531,2618-4281,10.64713/etc.n14.2024.45710,2025-12
4531,2618-4281,10.64713/etc.n12.2023.41921,2025-12
4531,2618-4281,10.64713/etc.n14.2024.45802,2025-12
4531,2618-4281,10.64713/etc.n15.2024.47511,2025-12
4531,2618-4281,10.64713/etc.n12.2023.41907,2025-12
4531,2618-4281,10.64713/etc.n17.2025.51436,2025-12
4652,2788-6298,10.35293/tetfle.v7i1.5246,2026-04
4652,2788-6298,10.35293/tetfle.v5i1.4582,2024-07
4652,2788-6298,10.35293/tetfle.v4i1.4166,2023-09
4652,2788-6298,10.35293/tetfle.v6i1.4684,2025-05
4652,2788-6298,10.35293/tetfle.v5i1.4564,2024-07
4652,2788-6298,10.35293/tetfle.v4i1.4219,2023-09
4652,2788-6298,10.35293/tetfle.v7i1.5309,2026-04
4652,2788-6298,10.35293/tetfle.v6i1.5066,2025-05
4652,2788-6298,10.35293/tetfle.v4i1.4247,2023-09
4652,2788-6298,10.35293/tetfle.v7i1.5250,2026-04
4652,2788-6298,10.35293/tetfle.v7i1.5071,2026-04
4652,2788-6298,10.35293/tetfle.v7i1.5185,2026-04
4652,2788-6298,10.35293/tetfle.v6i1.5040,2025-05
4652,2788-6298,10.35293/tetfle.v7i1.7021,2026-04
4652,2788-6298,10.35293/tetfle.v4i1.4192,2023-09
4652,2788-6298,10.35293/tetfle.v7i1.5251,2026-04
4652,2788-6298,10.35293/tetfle.v4i1.4185,2023-09
4652,2788-6298,10.35293/tetfle.v5i1.4530,2024-07
4652,2788-6298,10.35293/tetfle.v6i1.4727,2025-05
4652,2788-6298,10.35293/tetfle.v5i1.4526,2024-07
4717,2347-2529,10.26541/ijaamm.2026.140105,2026-07
4717,2347-2529,10.26541/ijaamm.2026.140104,2026-07
4717,2347-2529,10.26541/ijaamm.2026.140111,2026-08
4717,2347-2529,10.26541/ijaamm.2026.140112,2026-09
4717,2347-2529,10.26541/ijaamm.2026.130403,2026-03
4717,2347-2529,10.26541/ijaamm.2026.140103,2026-07
4717,2347-2529,10.26541/ijaamm.2026.130410,2026-06
4717,2347-2529,10.26541/ijaamm.2026.130407,2026-04
4717,2347-2529,10.26541/ijaamm.2026.130413,2026-06
4717,2347-2529,10.26541/ijaamm.2026.130402,2026-03
4717,2347-2529,10.26541/ijaamm.2026.130409,2026-05
4717,2347-2529,10.26541/ijaamm.2026.130404,2026-03
4717,2347-2529,10.26541/ijaamm.2026.140108,2026-08
4717,2347-2529,10.26541/ijaamm.2026.140101,2026-07
4717,2347-2529,10.26541/ijaamm.2026.140115,2026-09
4717,2347-2529,10.26541/ijaamm.2026.130408,2026-04
4717,2347-2529,10.26541/ijaamm.2026.140110,2026-08
4717,2347-2529,10.26541/ijaamm.2026.140109,2026-08
4717,2347-2529,10.26541/ijaamm.2026.140106,2026-07
4717,2347-2529,10.26541/ijaamm.2026.130405,2026-03
4725,2538-5461,10.61186/jrds.21.2.157,2024-06
4725,2538-5461,10.61186/jrds.22.1.64,2025-04
4725,2538-5461,10.61186/jrds.21.4.251,2025-01
4725,2538-5461,10.61186/jrds.20.3.98,2023-11
4725,2538-5461,10.61186/jrds.21.1.8,2024-03
4725,2538-5461,10.61186/jrds.20.3.130,2023-11
4725,2538-5461,10.61186/jrds.21.4.267,2025-01
4725,2538-5461,10.61186/jrds.21.4.259,2025-01
4725,2538-5461,10.61186/jrds.21.1.27,2024-03
4725,2538-5461,10.61186/jrds.21.2.142,2024-06
4725,2538-5461,10.61186/jrds.22.1.18,2025-04
4725,2538-5461,10.61186/jrds.22.1.53,2025-04
4725,2538-5461,10.61186/jrds.21.1.78,2024-03
4725,2538-5461,10.61186/jrds.22.2.141,2025-07
4725,2538-5461,10.61186/jrds.22.1.1,2025-04
4725,2538-5461,10.61186/jrds.21.3.181,2024-11
4725,2538-5461,10.61186/jrds.20.2.1,2023-11
4725,2538-5461,10.61186/jrds.21.4.292,2025-01
4725,2538-5461,10.61186/jrds.22.1.37,2025-04
4725,2538-5461,10.61186/jrds.21.2.168,2024-06
4761,2600-7495,10.54554/ijeeas.2022.5.02.003,2025-02
4761,2600-7495,10.54554/ijeeas.2025.8.01.009,2025-09
4761,2600-7495,10.54554/ijeeas.2025.8.02.011,2026-06
4761,2600-7495,10.54554/ijeeas.2024.7.02.011,2025-03
4761,2600-7495,10.54554/ijeeas.2024.7.01.005,2025-02
4761,2600-7495,10.54554/ijeeas.2025.8.02.017,2026-06
4761,2600-7495,10.54554/ijeeas.2024.7.02.002,2025-03
4761,2600-7495,10.54554/ijeeas.2025.8.02.008,2026-06
4761,2600-7495,10.54554/ijeeas.2025.8.02.004,2026-06
4761,2600-7495,10.54554/ijeeas.2025.8.01.004,2025-09
4761,2600-7495,10.54554/ijeeas.2023.6.02.005,2025-02
4761,2600-7495,10.54554/ijeeas.2025.8.01.006,2025-09
4761,2600-7495,10.54554/ijeeas.2025.8.02.016,2026-06
4761,2600-7495,10.54554/ijeeas.2025.8.01.002,2025-09
4761,2600-7495,10.54554/ijeeas.2023.6.02.003,2025-02
4761,2600-7495,10.54554/ijeeas.2024.7.01.001,2025-02
4761,2600-7495,10.54554/ijeeas.2024.7.02.009,2025-03
4761,2600-7495,10.54554/ijeeas.2025.8.02.014,2026-06
4761,2600-7495,10.54554/ijeeas.2025.8.02.009,2026-06
4761,2600-7495,10.54554/ijeeas.2023.6.01.002,2025-02
4771,2445-2394,10.12800/vg.19.9,2025-04
4771,2445-2394,10.12800/vg.19.6,2025-04
4771,2445-2394,10.12800/vg.16.4,2025-03
4771,2445-2394,10.12800/vg.16.3,2025-03
4771,2445-2394,10.12800/vg.18.5,2025-02
4771,2445-2394,10.12800/vg.18.8,2025-02
4771,2445-2394,10.12800/vg.16.5,2025-03
4771,2445-2394,10.12800/vg.17.7,2025-03
4771,2445-2394,10.12800/vg.18.1,2025-02
4771,2445-2394,10.12800/vg.18.4,2025-02
4771,2445-2394,10.12800/vg.17.5,2025-03
4771,2445-2394,10.12800/vg.19.10,2025-04
4771,2445-2394,10.12800/vg.19.3,2025-04
4771,2445-2394,10.12800/vg.17.6,2025-03
4771,2445-2394,10.12800/vg.17.2,2025-03
4771,2445-2394,10.12800/vg.17.1,2025-03
4771,2445-2394,10.12800/vg.19.7,2025-04
4771,2445-2394,10.12800/vg.19.8,2025-04
4771,2445-2394,10.12800/vg.18.7,2025-02
4771,2445-2394,10.12800/vg.16.1,2025-03
4877,2539-6161,10.64960/easr.2026.263364,2026-04
4877,2539-6161,10.64960/easr.2026.262620,2026-01
4877,2539-6161,10.64960/easr.2026.261970,2026-01
4877,2539-6161,10.64960/easr.2026.265366,2026-08
4877,2539-6161,10.64960/easr.2026.263838,2026-03
4877,2539-6161,10.64960/easr.2026.262451,2026-04
4877,2539-6161,10.64960/easr.2026.266473,2026-09
4877,2539-6161,10.64960/easr.2026.264250,2026-06
4877,2539-6161,10.64960/easr.2026.265102,2026-08
4877,2539-6161,10.64960/easr.2026.263071,2026-04
4877,2539-6161,10.64960/easr.2026.262381,2026-01
4877,2539-6161,10.64960/easr.2026.264277,2026-06
4877,2539-6161,10.64960/easr.2026.265202,2026-08
4877,2539-6161,10.64960/easr.2026.261600,2026-06
4877,2539-6161,10.64960/easr.2026.264781,2026-08
4877,2539-6161,10.64960/easr.2026.262727,2026-04
4877,2539-6161,10.64960/easr.2026.264274,2026-07
4877,2539-6161,10.64960/easr.2026.263568,2026-06
4877,2539-6161,10.64960/easr.2026.263170,2026-08
4877,2539-6161,10.64960/easr.2026.261795,2026-03
4966,0857-6084,10.66650/tjog.v34i4.277955,2026-06
4966,0857-6084,10.66650/tjog.v34i4.278591,2026-06
4966,0857-6084,10.66650/tjog.v34i3.273981,2026-05
4966,0857-6084,10.66650/tjog.v34i2.277935,2026-04
4966,0857-6084,10.66650/tjog.v34i3.277967,2026-05
4966,0857-6084,10.66650/tjog.v34i4.282879,2026-06
4966,0857-6084,10.66650/tjog.v34i3.277966,2026-05
4966,0857-6084,10.66650/tjog.v34i2.280607,2026-04
4966,0857-6084,10.66650/tjog.v34i2.276753,2026-04
4966,0857-6084,10.66650/tjog.v34i2.277930,2026-04
4966,0857-6084,10.66650/tjog.v34i2.277953,2026-04
4966,0857-6084,10.66650/tjog.v34i4.272978,2026-06
4966,0857-6084,10.66650/tjog.v34i4.277963,2026-06
4966,0857-6084,10.66650/tjog.v34i4.278007,2026-06
4966,0857-6084,10.66650/tjog.v34i3.278015,2026-05
4966,0857-6084,10.66650/tjog.v34i3.277944,2026-05
4966,0857-6084,10.66650/tjog.v34i3.281072,2026-05
4966,0857-6084,10.66650/tjog.v34i4.270395,2026-06
4966,0857-6084,10.66650/tjog.v34i3.277938,2026-05
4966,0857-6084,10.66650/tjog.v34i2.275064,2026-04
4994,2408-4751,10.63314/evdj8501,2025-06
4994,2408-4751,10.63314/wvah9599,2025-12
4994,2408-4751,10.63314/jsug1660,2025-06
4994,2408-4751,10.63314/atdj4954,2025-06
4994,2408-4751,10.63314/qlvr2884,2025-06
4994,2408-4751,10.63314/xjaz4560,2025-03
4994,2408-4751,10.63314/awpa4971,2025-06
4994,2408-4751,10.63314/cpen1684,2025-12
4994,2408-4751,10.63314/qsun9775,2025-06
4994,2408-4751,10.63314/wvkm6288,2025-06
4994,2408-4751,10.63314/azwo1756,2025-07
4994,2408-4751,10.63314/ogtl5286,2025-06
4994,2408-4751,10.63314/wpwz1992,2025-12
4994,2408-4751,10.63314/hvxo8334,2025-06
4994,2408-4751,10.63314/cgga2645,2025-06
4994,2408-4751,10.63314/wqoz2786,2025-06
4994,2408-4751,10.63314/lljg2120,2025-06
4994,2408-4751,10.63314/qltp6126,2025-06
4994,2408-4751,10.63314/hkeo7916,2025-06
4994,2408-4751,10.63314/okcx3592,2025-06
4995,2477-6165,10.55732/jrt.v6i1.142,2024-01
4995,2477-6165,10.55732/jrt.v7i2.556,2024-01
4995,2477-6165,10.55732/jrt.v3i2.275,2024-01
4995,2477-6165,10.55732/jrt.v7i2.540,2024-01
4995,2477-6165,10.55732/jrt.v11i1.1646,2025-11
4995,2477-6165,10.55732/jrt.v7i2.450,2024-01
4995,2477-6165,10.55732/jrt.v9i2.1065,2025-04
4995,2477-6165,10.55732/jrt.v9i2.1040,2025-04
4995,2477-6165,10.55732/jrt.v9i2.1079,2025-04
4995,2477-6165,10.55732/jrt.v8i2.672,2023-11
4995,2477-6165,10.55732/jrt.v4i1.817,2024-01
4995,2477-6165,10.55732/jrt.v5i2.302,2024-01
4995,2477-6165,10.55732/jrt.v1i1.325,2023-11
4995,2477-6165,10.55732/jrt.v7i1.284,2024-01
4995,2477-6165,10.55732/jrt.v8i1.641,2023-11
4995,2477-6165,10.55732/jrt.v10i2.1536,2025-04
4995,2477-6165,10.55732/jrt.v9i2.702,2025-04
4995,2477-6165,10.55732/jrt.v6i1.152,2024-01
4995,2477-6165,10.55732/bh1mtz97,2026-08
4995,2477-6165,10.55732/jrt.v5i1.445,2024-01
5007,2066-7086,10.56082/annalsarscimilit.2025.1.36,2025-04
5007,2066-7086,10.56082/annalsarscimilit.2025.1.80,2025-04
5007,2066-7086,10.56082/annalsarscimilit.2026.1.38,2026-05
5007,2066-7086,10.56082/annalsarscimilit.2025.2.96,2025-07
5007,2066-7086,10.56082/annalsarscimilit.2026.2.23,2026-07
5007,2066-7086,10.56082/annalsarscimilit.2025.2.38,2025-07
5007,2066-7086,10.56082/annalsarscimilit.2025.1.92,2025-04
5007,2066-7086,10.56082/annalsarscimilit.2025.1.19,2025-04
5007,2066-7086,10.56082/annalsarscimilit.2026.1.25,2026-05
5007,2066-7086,10.56082/annalsarscimilit.2025.4.6,2026-01
5007,2066-7086,10.56082/annalsarscimilit.2025.2.109,2025-07
5007,2066-7086,10.56082/annalsarscimilit.2026.2.52,2026-07
5007,2066-7086,10.56082/annalsarscimilit.2025.1.131,2025-04
5007,2066-7086,10.56082/annalsarscimilit.2025.3.56,2025-10
5007,2066-7086,10.56082/annalsarscimilit.2025.1.99,2025-04
5007,2066-7086,10.56082/annalsarscimilit.2025.1.52,2025-04
5007,2066-7086,10.56082/annalsarscimilit.2026.2.69,2026-07
5007,2066-7086,10.56082/annalsarscimilit.2025.3.66,2025-10
5007,2066-7086,10.56082/annalsarscimilit.2026.2.3,2026-07
5007,2066-7086,10.56082/annalsarscimilit.2026.2.93,2026-07
5021,2236-3165,10.30681/reps.v2i1.8962,2023-09
5021,2236-3165,10.30681/reps.v6i4.9724,2023-09
5021,2236-3165,10.30681/reps.v2i3.9079,2023-09
5021,2236-3165,10.30681/reps.v3i1.9135,2023-09
5021,2236-3165,10.30681/reps.v11i2.10301,2023-09
5021,2236-3165,10.30681/reps.v7i3.9912,2023-09
5021,2236-3165,10.30681/reps.v3i1.9153,2023-09
5021,2236-3165,10.30681/reps.v13i2.6349,2023-08
5021,2236-3165,10.30681/reps.v14i2.11458,2023-08
5021,2236-3165,10.30681/reps.v2i3.9082,2023-09
5021,2236-3165,10.30681/reps.v3i1.9130,2023-09
5021,2236-3165,10.30681/reps.v3i1.9137,2023-09
5021,2236-3165,10.30681/reps.v6i3.9691,2023-09
5021,2236-3165,10.30681/reps.v5i1.9484,2023-09
5021,2236-3165,10.30681/reps.v5i4.9573,2023-09
5021,2236-3165,10.30681/reps.v3i1.9142,2023-09
5021,2236-3165,10.30681/reps.v3i2.9251,2023-09
5021,2236-3165,10.30681/reps.v5i2.9499,2023-09
5021,2236-3165,10.30681/reps.v5i4.9570,2023-09
5021,2236-3165,10.30681/reps.v6i4.9720,2023-09
5027,2566-2171,10.14428/rcompro.v12i12.79923,2023-09
5027,2566-2171,10.14428/rcompro.v0i6.3453,2020-02
5027,2566-2171,10.14428/rcompro.v14i14.74663,2024-12
5027,2566-2171,10.14428/rcompro.vi4.783,2018-03
5027,2566-2171,10.14428/rcompro.v13i13.66353,2023-09
5027,2566-2171,10.14428/rcompro.vi2.323,2018-03
5027,2566-2171,10.14428/rcompro.vi9.19313,2021-05
5027,2566-2171,10.14428/rcompro.vi3.553,2018-03
5027,2566-2171,10.14428/rcompro.v14i14.81633,2024-12
5027,2566-2171,10.14428/rcompro.vi4.813,2018-03
5027,2566-2171,10.14428/rcompro.vi10.55613,2024-05
5027,2566-2171,10.14428/rcompro.vi3.483,2018-03
5027,2566-2171,10.14428/rcompro.vi5.863,2018-03
5027,2566-2171,10.14428/rcompro.vi5.893,2018-03
5027,2566-2171,10.14428/rcompro.vi17.83763,2026-06
5027,2566-2171,10.14428/rcompro.v0i6.3383,2020-02
5027,2566-2171,10.14428/rcompro.v0i6.3433,2020-02
5027,2566-2171,10.14428/rcompro.vi15.82543,2025-09
5027,2566-2171,10.14428/rcompro.v7i1.18193,2020-02
5027,2566-2171,10.14428/rcompro.vi10.19443,2021-05
5117,2067-9033,10.59277/tiser.2023.03,2024-01
5117,2067-9033,10.59277/tiser.2025.03,2025-11
5117,2067-9033,10.59277/tiser.2023.01,2024-01
5117,2067-9033,10.59277/tiser.2024.03,2024-12
5117,2067-9033,10.59277/tiser.2024.02,2024-12
5117,2067-9033,10.59277/tiser.2023.02,2024-01
5117,2067-9033,10.59277/tiser.2022.02,2023-05
5117,2067-9033,10.59277/tiser.2022.04,2023-05
5117,2067-9033,10.59277/tiser.2024.06,2024-12
5117,2067-9033,10.59277/tiser.2023.04,2024-01
5117,2067-9033,10.59277/tiser.2023.06,2024-01
5117,2067-9033,10.59277/tiser.2023.07,2024-01
5117,2067-9033,10.59277/tiser.2023.05,2024-01
5117,2067-9033,10.59277/tiser.2022.01,2023-05
5117,2067-9033,10.59277/tiser.2025.01,2025-11
5117,2067-9033,10.59277/tiser.2025.06,2025-11
5117,2067-9033,10.59277/tiser.2025.02,2025-11
5117,2067-9033,10.59277/tiser.2025.07,2025-11
5117,2067-9033,10.59277/tiser.2025.04,2025-11
5117,2067-9033,10.59277/tiser.2024.05,2024-12
5227,2412-6535,10.70759/9zyszk48,2024-11
5227,2412-6535,10.70759/xb2bjd28,2024-11
5227,2412-6535,10.70759/ayywc788,2024-11
5227,2412-6535,10.70759/effgpd53,2024-11
5227,2412-6535,10.70759/57yyzk34,2025-12
5227,2412-6535,10.70759/nvw2p851,2024-11
5227,2412-6535,10.70759/zaaj7q91,2024-11
5227,2412-6535,10.70759/b0w10y66,2024-11
5227,2412-6535,10.70759/87ke2s63,2024-11
5227,2412-6535,10.70759/a5nwxn27,2024-11
5227,2412-6535,10.70759/6a32ck38,2024-11
5227,2412-6535,10.70759/tejs5421,2025-12
5227,2412-6535,10.70759/jygdjx04,2026-01
5227,2412-6535,10.70759/a7y3xx41,2025-06
5227,2412-6535,10.70759/a4zmzy13,2024-11
5227,2412-6535,10.70759/mbz2k613,2024-11
5227,2412-6535,10.70759/5v43pw86,2025-05
5227,2412-6535,10.70759/x5c3ym23,2024-11
5227,2412-6535,10.70759/fwmdt430,2024-11
5227,2412-6535,10.70759/1sv53305,2024-11
5228,2641-2799,10.52214/btpp.v1i1.12449,2024-02
5228,2641-2799,10.52214/btpp.v1i1.12450,2024-02
5228,2641-2799,10.52214/btpp.v3i1.3871,2024-02
5228,2641-2799,10.52214/btpp.v6i1.12462,2024-03
5228,2641-2799,10.52214/btpp.v1i1.12459,2024-03
5228,2641-2799,10.52214/btpp.v5i1.12461,2024-03
5228,2641-2799,10.52214/btpp.v7i1.12466,2024-03
5228,2641-2799,10.52214/btpp.v4i1.3870,2024-02
5228,2641-2799,10.52214/btpp.v6i1.12634,2024-05
5228,2641-2799,10.52214/btpp.v9i1.12519,2024-03
5228,2641-2799,10.52214/btpp.v3i1.3872,2024-02
5228,2641-2799,10.52214/btpp.v8i1.12515,2024-03
5228,2641-2799,10.52214/btpp.v1i1.483,2024-02
5228,2641-2799,10.52214/btpp.v9i1.12518,2024-03
5228,2641-2799,10.52214/btpp.v5i1.13221,2024-12
5228,2641-2799,10.52214/btpp.v4i1.3869,2024-02
5228,2641-2799,10.52214/btpp.v8i1.12516,2024-03
5228,2641-2799,10.52214/btpp.v1i1.478,2024-02
5228,2641-2799,10.52214/btpp.v3i1.3873,2024-02
5228,2641-2799,10.52214/btpp.v7i1.12465,2024-03
5261,0122-1108,10.15446/peju.n60.119872,2025-09
5261,0122-1108,10.15446/peju.n59.116778,2025-09
5261,0122-1108,10.15446/peju.n60.119877,2025-09
5261,0122-1108,10.15446/peju.n60.119880,2025-09
5261,0122-1108,10.15446/peju.n62.120184,2026-03
5261,0122-1108,10.15446/peju.n61.122190,2026-03
5261,0122-1108,10.15446/peju.n59.116777,2025-09
5261,0122-1108,10.15446/peju.n61.121877,2026-03
5261,0122-1108,10.15446/peju.n61.122193,2026-03
5261,0122-1108,10.15446/peju.n62.120743,2026-03
5261,0122-1108,10.15446/peju.n61.122189,2026-03
5261,0122-1108,10.15446/peju.n61.122186,2026-03
5261,0122-1108,10.15446/peju.n59.116776,2025-09
5261,0122-1108,10.15446/peju.n60.119874,2025-09
5261,0122-1108,10.15446/peju.n60.119875,2025-09
5261,0122-1108,10.15446/peju.n59.116780,2025-09
5261,0122-1108,10.15446/peju.n60.119879,2025-09
5261,0122-1108,10.15446/peju.n61.121874,2026-03
5261,0122-1108,10.15446/peju.n60.119876,2025-09
5261,0122-1108,10.15446/peju.n59.116775,2025-09
5283,2545-7055,10.51438/25457055iye80052,2025-12
5283,2545-7055,10.51438/25457055iye81064,2026-07
5283,2545-7055,10.51438/25457055iye81061,2026-07
5283,2545-7055,10.51438/25457055iye81060,2026-07
5283,2545-7055,10.51438/25457055iye75e003,2023-10
5283,2545-7055,10.51438/25457055iye80047,2025-12
5283,2545-7055,10.51438/25457055iye75e006,2023-10
5283,2545-7055,10.51438/25457055iye77e034,2024-12
5283,2545-7055,10.51438/25457055iye80053,2025-12
5283,2545-7055,10.51438/25457055iye76e026,2023-12
5283,2545-7055,10.51438/25457055iye77e029,2024-12
5283,2545-7055,10.51438/25457055iye76e009,2023-12
5283,2545-7055,10.51438/25457055iye80051,2025-12
5283,2545-7055,10.51438/25457055iye81059,2026-07
5283,2545-7055,10.51438/25457055iye76e024,2023-12
5283,2545-7055,10.51438/25457055iye75e001,2023-10
5283,2545-7055,10.51438/25457055iye76e020,2023-12
5283,2545-7055,10.51438/25457055iye76e022,2023-12
5283,2545-7055,10.51438/25457055iye76e011,2023-12
5283,2545-7055,10.51438/25457055iye78039,2024-12
5374,2821-5796,10.34302/cjee/jayj9255,2025-05
5374,2821-5796,10.34302/cjee/pnlk5679,2025-02
5374,2821-5796,10.34302/cjee/daco1267,2026-01
5374,2821-5796,10.34302/cjee/sqtj4961,2025-02
5374,2821-5796,10.34302/cjee/ldgv2056,2026-02
5374,2821-5796,10.34302/cjee/buep2247,2026-02
5374,2821-5796,10.34302/cjee/ecck7473,2026-02
5374,2821-5796,10.34302/cjee/xlci7386,2025-04
5374,2821-5796,10.34302/cjee/meiz3377,2026-02
5374,2821-5796,10.34302/cjee/tkyd3692,2025-02
5374,2821-5796,10.34302/cjee/lrbt6157,2026-05
5374,2821-5796,10.34302/cjee/tjlg4115,2025-05
5374,2821-5796,10.34302/cjee/qseg2220,2025-04
5386,1857-2537,10.59295/dia.s.2023.1.14,2023-12
5386,1857-2537,10.59295/dia.2024.3.09,2024-12
5386,1857-2537,10.59295/dia.2023.2.06,2023-09
5386,1857-2537,10.59295/dia.2025.1.12,2025-05
5386,1857-2537,10.59295/dia.2026.1.11,2026-07
5386,1857-2537,10.59295/dia.2026.2.13,2026-09
5386,1857-2537,10.59295/dia.2023.2.07,2023-09
5386,1857-2537,10.59295/dia.2023.1.06,2023-06
5386,1857-2537,10.59295/dia.s.2025.1.14,2025-12
5386,1857-2537,10.59295/dia.2025.3.05,2025-12
5386,1857-2537,10.59295/dia.s.2025.1.12,2025-12
5386,1857-2537,10.59295/dia.2025.1.10,2025-05
5386,1857-2537,10.59295/dia.2024.2.16,2024-09
5386,1857-2537,10.59295/dia.2025.2.10,2025-10
5386,1857-2537,10.59295/dia.2025.2.05,2025-10
5386,1857-2537,10.59295/dia.2025.3.10,2025-12
5386,1857-2537,10.59295/dia.s.2023.1.10,2023-12
5386,1857-2537,10.59295/dia.2025.1.13,2025-05
5386,1857-2537,10.59295/dia.2024.1.14,2024-05
5386,1857-2537,10.59295/dia.s.2023.1.07,2023-12
5411,2355-2034,10.25273/jcare.v13i2.22622,2025-10
5411,2355-2034,10.25273/jcare.v11i2.19746,2024-07
5411,2355-2034,10.25273/jcare.v12i2.21605,2025-07
5411,2355-2034,10.25273/jcare.v12i1.20199,2024-07
5411,2355-2034,10.25273/jcare.v12i2.20108,2025-07
5411,2355-2034,10.25273/jcare.v13i2.22628,2025-10
5411,2355-2034,10.25273/jcare.v14i2.25718,2026-09
5411,2355-2034,10.25273/jcare.v14i1.23625,2026-09
5411,2355-2034,10.25273/jcare.v12i2.20431,2025-07
5411,2355-2034,10.25273/jcare.v11i2.19732,2024-07
5411,2355-2034,10.25273/jcare.v11i2.20097,2024-07
5411,2355-2034,10.25273/jcare.v10i2.10964,2025-10
5411,2355-2034,10.25273/jcare.v13i2.21716,2026-01
5411,2355-2034,10.25273/jcare.v12i1.19902,2024-07
5411,2355-2034,10.25273/jcare.v13i1.22004,2025-07
5411,2355-2034,10.25273/jcare.v12i1.19991,2024-07
5411,2355-2034,10.25273/jcare.v11i2.20160,2025-07
5411,2355-2034,10.25273/jcare.v11i2.20391,2025-07
5411,2355-2034,10.25273/jcare.v13i2.22961,2025-10
5411,2355-2034,10.25273/jcare.v13i2.22815,2025-11
5415,2625-0675,10.64136/hlz-6925,2026-08
5444,2145-9282,10.15332/24222399.2934,2024-10
5444,2145-9282,10.15332/24222399.3157,2025-08
5444,2145-9282,10.15332/24222399.3039,2024-10
5444,2145-9282,10.15332/2422409x.2878,2024-10
5444,2145-9282,10.15332/24222399.2946,2024-10
5444,2145-9282,10.15332/24222399.2947,2024-10
5444,2145-9282,10.15332/24222399.2999,2024-10
5444,2145-9282,10.15332/24222399.2878,2024-10
5444,2145-9282,10.15332/24222399.2939,2024-10
5444,2145-9282,10.15332/24222399.2877,2024-10
5444,2145-9282,10.15332/24222399.3038,2024-10
5444,2145-9282,10.15332/24222399.2996,2024-10
5444,2145-9282,10.15332/24222399.3205,2025-08
5444,2145-9282,10.15332/24222399.3115,2025-08
5446,2013-7087,10.5821/jacces.v15i2.625.2,2026-07
5494,2411-1473,10.25559/sitito.15.201903.733-745,2025-01
5494,2411-1473,10.25559/sitito.15.201903.563-571,2025-01
5494,2411-1473,10.25559/sitito.2017.4.365,2024-07
5494,2411-1473,10.25559/sitito.16.202001.235-245,2024-12
5494,2411-1473,10.25559/sitito.019.202302.430-437,2024-07
5494,2411-1473,10.25559/sitito.15.201903.682-692,2025-01
5494,2411-1473,10.25559/sitito.15.201904.1022-1030,2024-12
5494,2411-1473,10.25559/sitito.16.202003.776-787,2024-12
5494,2411-1473,10.25559/sitito.16.202003.551-563,2024-12
5494,2411-1473,10.25559/sitito.2017.4.525,2024-07
5494,2411-1473,10.25559/sitito.2017.3.440,2024-07
5494,2411-1473,10.25559/sitito.16.202004.961-969,2024-12
5494,2411-1473,10.25559/sitito.16.202001.118-126,2024-12
5494,2411-1473,10.25559/sitito.2017.1.445,2024-07
5494,2411-1473,10.25559/sitito.020.202403.782-790,2026-01
5494,2411-1473,10.25559/sitito.2017.2.244,2024-07
5494,2411-1473,10.25559/sitito.021.202502.251-259,2026-05
5494,2411-1473,10.25559/sitito.14.201804.781-792,2025-01
5494,2411-1473,10.25559/sitito.15.201903.654-671,2025-01
5494,2411-1473,10.25559/sitito.15.201901.72-80,2025-01
5503,2617-3441,10.70596/cts144,2024-12
5503,2617-3441,10.70596/cts159,2025-03
5503,2617-3441,10.70596/cts130,2025-12
5503,2617-3441,10.70596/cts178,2025-05
5503,2617-3441,10.70596/cts163,2025-03
5503,2617-3441,10.70596/cts173,2025-05
5503,2617-3441,10.70596/cts186,2025-12
5503,2617-3441,10.70596/cts175,2025-05
5503,2617-3441,10.70596/cts169,2025-03
5503,2617-3441,10.70596/cts154,2025-03
5503,2617-3441,10.70596/cts149,2024-12
5503,2617-3441,10.70596/cts172,2025-05
5503,2617-3441,10.70596/cts168,2025-03
5503,2617-3441,10.70596/cts145,2024-12
5503,2617-3441,10.70596/cts188,2025-12
5503,2617-3441,10.70596/cts157,2025-03
5503,2617-3441,10.70596/cts152,2025-12
5503,2617-3441,10.70596/cts164,2025-03
5503,2617-3441,10.70596/cts153,2025-03
5503,2617-3441,10.70596/cts158,2025-03
5523,2284-354X,10.12899/asr-1119,2026-07
5523,2284-354X,10.12899/asr-1494,2026-07
5523,2284-354X,10.12899/asr-2709,2026-07
5523,2284-354X,10.12899/asr-2693,2026-07
5523,2284-354X,10.12899/asr-902,2026-07
5523,2284-354X,10.12899/asr-1935,2026-07
5523,2284-354X,10.12899/asr-1377,2026-07
5523,2284-354X,10.12899/asr-2532,2026-07
5523,2284-354X,10.12899/asr-2447,2026-07
5523,2284-354X,10.12899/asr-831,2026-07
5523,2284-354X,10.12899/asr-904,2026-07
5523,2284-354X,10.12899/asr-1883,2026-07
5523,2284-354X,10.12899/asr-1932,2026-07
5523,2284-354X,10.12899/asr-1946,2026-07
5523,2284-354X,10.12899/asr-2444,2026-07
5523,2284-354X,10.12899/asr-2018,2026-07
5523,2284-354X,10.12899/asr-1195,2026-07
5523,2284-354X,10.12899/asr-1851,2026-07
5523,2284-354X,10.12899/asr-1482,2026-07
5523,2284-354X,10.12899/asr-779,2026-07
5525,1451-3749,10.69644/ivk-2025-sia-0003,2025-03
5525,1451-3749,10.69644/ivk-2024-02-0151,2024-11
5525,1451-3749,10.69644/ivk-2024-03-0323,2024-12
5525,1451-3749,10.69644/ivk-2025-01-0089,2025-06
5525,1451-3749,10.69644/ivk-2024-01-0033,2024-09
5525,1451-3749,10.69644/ivk-2025-02-0213,2025-12
5525,1451-3749,10.69644/ivk-2025-sia-0025,2025-03
5525,1451-3749,10.69644/ivk-2025-sia-0057,2025-03
5525,1451-3749,10.69644/ivk-2026-01-0125,2026-05
5525,1451-3749,10.69644/ivk-2024-01-0021,2024-09
5525,1451-3749,10.69644/ivk-2026-01-0131,2026-05
5525,1451-3749,10.69644/ivk-2024-03-0330,2024-12
5525,1451-3749,10.69644/ivk-2025-03-0461,2025-12
5525,1451-3749,10.69644/ivk-2025-02-0319,2025-12
5525,1451-3749,10.69644/ivk-2024-03-0263,2024-12
5525,1451-3749,10.69644/ivk-2024-01-0093,2024-09
5525,1451-3749,10.69644/ivk-2024-01-0017,2024-09
5525,1451-3749,10.69644/ivk-2024-02-0139,2024-11
5525,1451-3749,10.69644/ivk-2024-02-0232,2024-11
5525,1451-3749,10.69644/ivk-2025-03-0453,2025-12
5555,2316-4484,10.47247/2316.4484/12.1.12,2025-03
5555,2316-4484,10.47247/2316.4484/12.1.8,2025-03
5555,2316-4484,10.47247/2316.4484/12.1.6,2025-03
5555,2316-4484,10.47247/2316.4484/12.1.15,2025-03
5555,2316-4484,10.47247/2316.4484/12.1.9,2025-03
5555,2316-4484,10.47247/2316.4484/12.1.1,2025-03
5555,2316-4484,10.47247/2316.4484/12.1.10,2025-03
5555,2316-4484,10.47247/2316.4484/12.1.16,2025-03
5555,2316-4484,10.47247/2316.4484/12.1.3,2025-03
5555,2316-4484,10.47247/2316.4484/12.1.7,2025-03
5555,2316-4484,10.47247/2316.4484/12.1.13,2025-03
5555,2316-4484,10.47247/2316.4484/12.1.2,2025-03
5555,2316-4484,10.47247/2316.4484/12.1.11,2025-03
5555,2316-4484,10.47247/2316.4484/12.1.4,2025-03
5555,2316-4484,10.47247/2316.4484/12.1.14,2025-03
5555,2316-4484,10.47247/2316.4484/12.1.5,2025-03
5555,2316-4484,10.47247/2316.4484/12.1.0,2025-03
5577,2279-7165,10.3269/k6v6vj78,2026-09
5577,2279-7165,10.3269/k3xa4a78,2026-09
5577,2279-7165,10.3269/1970-5492.2020.15.36,2026-01
5577,2279-7165,10.3269/5gw5ka46,2026-09
5577,2279-7165,10.3269/h37hp314,2026-09
5577,2279-7165,10.3269/1970-5492.2013.8.21,2026-01
5577,2279-7165,10.3269/1970-5492.2023.18.32,2026-01
5577,2279-7165,10.3269/1970-5492.2019.14.16,2026-01
5577,2279-7165,10.3269/1970-5492.2024.19.16,2026-01
5577,2279-7165,10.3269/1970-5492.2022.17.11,2026-01
5577,2279-7165,10.3269/1970-5492.2020.15.47,2026-01
5577,2279-7165,10.3269/1970-5492.2020.15.49,2026-01
5577,2279-7165,10.3269/1970-5492.2019.14.15,2026-01
5577,2279-7165,10.3269/1970-5492.2018.13.4,2026-01
5577,2279-7165,10.3269/1970-5492.2017.12.6,2026-01
5577,2279-7165,10.3269/1970-5492.2021.16.24,2026-01
5577,2279-7165,10.3269/1970-5492.2020.15.28,2026-01
5577,2279-7165,10.3269/1970-5492.2018.13.19,2026-01
5577,2279-7165,10.3269/1970-5492.2018.13.36,2026-01
5577,2279-7165,10.3269/9jwyta65,2026-09
5597,2067-9092,10.35923/colind.2023.14.12,2024-08
5597,2067-9092,10.35923/colind.2024.15.07,2026-05
5597,2067-9092,10.35923/colind.2022.13.13,2024-08
5597,2067-9092,10.35923/colind.2023.14.02,2024-08
5597,2067-9092,10.35923/colind.2022.13.14,2024-08
5597,2067-9092,10.35923/colind.2022.13.09,2024-08
5597,2067-9092,10.35923/colind.2023.14.10,2024-08
5597,2067-9092,10.35923/colind.2025.16.08,2026-09
5597,2067-9092,10.35923/colind.2022.13.12,2024-08
5597,2067-9092,10.35923/colind.2024.15.06,2026-05
5597,2067-9092,10.35923/colind.2021.12.01,2023-06
5597,2067-9092,10.35923/colind.2025.16.16,2026-09
5597,2067-9092,10.35923/colind.2023.14.03,2024-08
5597,2067-9092,10.35923/colind.2023.14.08,2024-08
5597,2067-9092,10.35923/colind.2021.12.15,2023-06
5597,2067-9092,10.35923/colind.2024.15.12,2026-05
5597,2067-9092,10.35923/colind.2025.16.09,2026-09
5597,2067-9092,10.35923/colind.2023.14.15,2024-08
5597,2067-9092,10.35923/colind.2022.13.11,2024-08
5597,2067-9092,10.35923/colind.2022.13.06,2024-08
5627,2345-5802,10.61838/ijbmc.v12i3.859,2025-06
5627,2345-5802,10.61838/ijbmc.v12i6.1185,2025-10
5627,2345-5802,10.61838/ijbmc.v12i4.922,2025-08
5627,2345-5802,10.61838/ijbmc.v12i5.868,2025-08
5627,2345-5802,10.61838/ijbmc.v12i4.1037,2025-08
5627,2345-5802,10.61838/rmdn.ijbmc.11.6.23,2025-05
5627,2345-5802,10.61838/ijbmc.v13i1.1049,2026-06
5627,2345-5802,10.61838/rmdn.ijbmc.11.6.9,2025-05
5627,2345-5802,10.61838/ijbmc.v13i1.1025,2026-06
5627,2345-5802,10.61838/ijbmc.v12i7.1085,2025-11
5627,2345-5802,10.61838/ijbmc.v12i1.905,2025-05
5627,2345-5802,10.61838/ijbmc.v13i1.1139,2026-06
5627,2345-5802,10.61838/ijbmc.v13i1.1131,2026-06
5627,2345-5802,10.61838/ijbmc.v12i5.913,2025-08
5627,2345-5802,10.61838/ijbmc.v11i6.915,2025-07
5627,2345-5802,10.61838/ijbmc.v12i4.955,2025-08
5627,2345-5802,10.61838/ijbmc.v12i2.977,2025-08
5627,2345-5802,10.61838/ijbmc.v12i4.939,2025-07
5627,2345-5802,10.61838/ijbmc.v12i4.912,2025-08
5627,2345-5802,10.61838/ijbmc.v12i4.985,2025-07
5630,2360-1795,10.58441/psf.v1i3.4,2023-06
5630,2360-1795,10.58441/psf.v4i1.21,2023-07
5630,2360-1795,10.58441/psf.v1i2.15,2023-06
5630,2360-1795,10.58441/psf.v1i1.9,2023-06
5630,2360-1795,10.58441/psf.v4i1.17,2023-07
5630,2360-1795,10.58441/psf.v1i1.6,2023-06
5630,2360-1795,10.58441/psf.v1i3.2,2023-06
5630,2360-1795,10.58441/psf.v1i2.14,2023-06
5630,2360-1795,10.58441/psf.v1i1.8,2023-06
5630,2360-1795,10.58441/psf.v4i1.25,2023-07
5630,2360-1795,10.58441/psf.v1i2.13,2023-06
5630,2360-1795,10.58441/psf.v4i1.19,2023-07
5630,2360-1795,10.58441/psf.v1i2.16,2023-06
5630,2360-1795,10.58441/psf.v1i2.11,2023-06
5630,2360-1795,10.58441/psf.v1i3.3,2023-06
5630,2360-1795,10.58441/psf.v4i1.20,2023-07
5630,2360-1795,10.58441/psf.v1i1.7,2023-06
5630,2360-1795,10.58441/psf.v1i2.12,2023-06
5630,2360-1795,10.58441/psf.v4i1.22,2023-07
5630,2360-1795,10.58441/psf.v1i3.5,2023-06
5653,0328-1337,10.62166/area.30.1.1829,2024-11
5653,0328-1337,10.62166/area.30.2.2718,2024-11
5653,0328-1337,10.62166/area.30.1.2521,2024-11
5653,0328-1337,10.62166/area.30.1.2523,2024-11
5653,0328-1337,10.62166/area.32.1.3985,2026-05
5653,0328-1337,10.62166/area.31.2.3650,2025-11
5653,0328-1337,10.62166/area.32.1.3958,2026-04
5653,0328-1337,10.62166/area.31.2.3488,2025-09
5653,0328-1337,10.62166/area.31.1.2972,2024-11
5653,0328-1337,10.62166/area.31.1.3101,2025-03
5653,0328-1337,10.62166/area.30.2.2885,2024-11
5653,0328-1337,10.62166/area.30.1.2524,2024-11
5653,0328-1337,10.62166/area.31.2.3631,2025-10
5653,0328-1337,10.62166/area.32.1.3960,2026-05
5653,0328-1337,10.62166/area.30.1.2522,2024-11
5653,0328-1337,10.62166/area.30.1.2519,2024-11
5653,0328-1337,10.62166/area.30.1.2247,2024-11
5653,0328-1337,10.62166/area.30.2.2951,2024-11
5653,0328-1337,10.62166/area.32.1.3983,2026-05
5653,0328-1337,10.62166/area.30.1.2517,2024-11
5714,2611-318X,10.54103/2611-318x/9677,2023-05
5714,2611-318X,10.54103/2611-318x/9633,2023-05
5714,2611-318X,10.54103/2611-318x/9837,2023-05
5714,2611-318X,10.54103/2611-318x/9814,2023-05
5714,2611-318X,10.54103/2611-318x/9325,2023-05
5714,2611-318X,10.54103/2611-318x/9687,2023-05
5714,2611-318X,10.54103/2611-318x/21500,2023-12
5714,2611-318X,10.54103/2611-318x/29470,2025-11
5714,2611-318X,10.54103/2611-318x/9679,2023-05
5714,2611-318X,10.54103/2611-318x/15956,2023-05
5714,2611-318X,10.54103/2611-318x/18885,2023-05
5714,2611-318X,10.54103/2611-318x/12630,2023-05
5714,2611-318X,10.54103/2611-318x/30670,2026-02
5714,2611-318X,10.54103/2611-318x/26192,2024-12
5714,2611-318X,10.54103/2611-318x/13004,2023-05
5714,2611-318X,10.54103/2611-318x/20237,2023-12
5714,2611-318X,10.54103/2611-318x/16149,2023-05
5714,2611-318X,10.54103/2611-318x/15766,2023-05
5714,2611-318X,10.54103/2611-318x/18288,2023-05
5714,2611-318X,10.54103/2611-318x/12636,2023-05
5721,2713-1955,10.34680/vistheo-2025-7-1-173-194,2025-06
5721,2713-1955,10.34680/vistheo-2025-7-2-228-257,2025-12
5721,2713-1955,10.34680/vistheo-2025-7-1-136-150,2025-06
5721,2713-1955,10.34680/vistheo-2025-7-1-49-65,2025-06
5721,2713-1955,10.34680/vistheo-2025-7-1-10-23,2025-06
5721,2713-1955,10.34680/vistheo-2025-7-1-89-117,2025-06
5721,2713-1955,10.34680/vistheo-2025-7-2-258-275,2025-12
5721,2713-1955,10.34680/vistheo-2025-7-2-344-360,2025-12
5721,2713-1955,10.34680/vistheo-2025-7-1-151-172,2025-06
5721,2713-1955,10.34680/vistheo-2025-7-2-206-227,2025-12
5721,2713-1955,10.34680/vistheo-2025-7-1-66-88,2025-06
5721,2713-1955,10.34680/vistheo-2025-7-2-312-328,2025-12
5721,2713-1955,10.34680/vistheo-2025-7-2-276-311,2025-12
5721,2713-1955,10.34680/vistheo-2025-7-2-329-343,2025-12
5721,2713-1955,10.34680/vistheo-2025-7-1-118-135,2025-06
5721,2713-1955,10.34680/vistheo-2025-7-2-361-381,2025-12
5721,2713-1955,10.34680/vistheo-2025-7-1-24-48,2025-06
5770,2186-8662,10.63212/ijds25040103,2025-10
5770,2186-8662,10.63212/ijds25021801,2025-07
5770,2186-8662,10.63212/ijds25010801,2025-08
5770,2186-8662,10.63212/ijds25060501,2025-10
5770,2186-8662,10.63212/ijds25071801,2025-10
5770,2186-8662,10.63212/ijds25042701,2025-06
5770,2186-8662,10.63212/ijds25081105,2026-02
5770,2186-8662,10.63212/ijds24052501,2025-02
5770,2186-8662,10.63212/ijds25080101,2026-01
5770,2186-8662,10.63212/ijds25041301,2026-01
5770,2186-8662,10.63212/ijds25050201,2025-10
5770,2186-8662,10.63212/ijds25052601,2025-10
5770,2186-8662,10.63212/ijds25041902,2026-01
5770,2186-8662,10.63212/ijds24080701,2025-02
5770,2186-8662,10.63212/ijds25051201,2025-10
5770,2186-8662,10.63212/ijds25011601,2025-07
5770,2186-8662,10.63212/ijds25071701,2026-01
5770,2186-8662,10.63212/ijds25072201,2026-01
5770,2186-8662,10.63212/ijds24101402,2025-05
5770,2186-8662,10.63212/ijds25100601,2026-02
5798,2675-9144,10.52521/enpe.v6i1.16515,2025-11
5798,2675-9144,10.52521/enpe.v7i1.18484,2026-08
5798,2675-9144,10.52521/enpe.v7i1.18431,2026-08
5798,2675-9144,10.52521/enpe.v7i1.18123,2026-08
5798,2675-9144,10.52521/enpe.v7i1.18447,2026-08
5798,2675-9144,10.52521/enpe.v5i1.14284,2024-11
5798,2675-9144,10.52521/enpe.v5i1.14280,2024-11
5798,2675-9144,10.52521/enpe.v5i1.13833,2024-12
5798,2675-9144,10.52521/enpe.v5i1.14282,2024-11
5798,2675-9144,10.52521/enpe.v6i1.15609,2025-11
5798,2675-9144,10.52521/enpe.v7i1.18433,2026-08
5798,2675-9144,10.52521/enpe.v7i1.18434,2026-08
5798,2675-9144,10.52521/enpe.v5i1.14268,2024-11
5798,2675-9144,10.52521/enpe.v5i1.14180,2024-11
5798,2675-9144,10.52521/enpe.v6i1.14847,2025-11
5798,2675-9144,10.52521/enpe.v6i1.16518,2025-11
5798,2675-9144,10.52521/enpe.v6i1.14936,2025-11
5798,2675-9144,10.52521/enpe.v6i1.15604,2025-11
5798,2675-9144,10.52521/enpe.v5i1.14270,2024-11
5798,2675-9144,10.52521/enpe.v5i1.14292,2024-11
5848,1893-9910,10.21337/0057,2024-04
5848,1893-9910,10.21337/0011,2024-04
5848,1893-9910,10.21337/0026,2024-04
5848,1893-9910,10.21337/0033,2024-04
5848,1893-9910,10.21337/0078,2024-04
5848,1893-9910,10.21337/0055,2024-04
5848,1893-9910,10.21337/0030,2024-04
5848,1893-9910,10.21337/0034,2024-04
5848,1893-9910,10.21337/0077,2024-04
5848,1893-9910,10.21337/0025,2024-04
5848,1893-9910,10.21337/0074,2024-04
5848,1893-9910,10.21337/0062,2024-04
5848,1893-9910,10.21337/0012,2024-04
5848,1893-9910,10.21337/0008,2024-04
5848,1893-9910,10.21337/0081,2024-04
5848,1893-9910,10.21337/0066,2024-04
5848,1893-9910,10.21337/0061,2024-04
5848,1893-9910,10.21337/0080,2024-04
5848,1893-9910,10.7557/29.7960,2025-01
5848,1893-9910,10.7557/29.8461,2026-06
5849,1939-795X,10.70252/cwfp3150,2024-10
5849,1939-795X,10.70252/abwk5726,2025-04
5849,1939-795X,10.70252/xtkd4727,2024-09
5849,1939-795X,10.70252/wpmc4848,2024-10
5849,1939-795X,10.70252/bcsy3591,2024-10
5849,1939-795X,10.70252/ioju9840,2024-09
5849,1939-795X,10.70252/hdxr8780,2024-09
5849,1939-795X,10.70252/yjsx4918,2024-10
5849,1939-795X,10.70252/oeos1945,2024-10
5849,1939-795X,10.70252/upih4143,2024-09
5849,1939-795X,10.70252/dqxp5432,2024-10
5849,1939-795X,10.70252/ebgu9654,2024-09
5849,1939-795X,10.70252/jpjq5506,2024-10
5849,1939-795X,10.70252/chls5341,2024-10
5849,1939-795X,10.70252/tgkr1297,2024-10
5849,1939-795X,10.70252/zpdy2502,2024-09
5849,1939-795X,10.70252/fysw2196,2024-09
5849,1939-795X,10.70252/mhww1005,2024-10
5849,1939-795X,10.70252/fnik8317,2024-09
5849,1939-795X,10.70252/wejr4154,2024-10
5862,2447-018X,10.56365/6jjjmw33,2024-06
5881,1984-3852,10.23900/artefactum.v25i1.2604,2026-03
5881,1984-3852,10.23900/artefactum.v25i1.2450,2026-01
5881,1984-3852,10.23900/artefactum.v25i4.3110,2026-07
5881,1984-3852,10.23900/artefactum.v25i2.2901,2026-06
5881,1984-3852,10.23900/artefactum.v25i2.2890,2026-06
5881,1984-3852,10.23900/artefactum.v25i1.2519,2026-02
5881,1984-3852,10.23900/artefactum.v25i2.2792,2026-05
5881,1984-3852,10.23900/artefactum.v25i1.2577,2026-03
5881,1984-3852,10.23900/artefactum.v25i2.2785,2026-05
5881,1984-3852,10.23900/artefactum.v25i2.2761,2026-05
5881,1984-3852,10.23900/artefactum.v25i5.3461,2026-07
5881,1984-3852,10.23900/artefactum.v25i5.3390,2026-07
5881,1984-3852,10.23900/artefactum.v25i6.3624,2026-08
5881,1984-3852,10.23900/artefactum.v25i6.3631,2026-08
5881,1984-3852,10.23900/artefactum.v25i5.3425,2026-07
5881,1984-3852,10.23900/artefactum.v25i5.3362,2026-07
5881,1984-3852,10.23900/artefactum.v25i7.3558,2026-08
5881,1984-3852,10.23900/artefactum.v25i7.3763,2026-08
5881,1984-3852,10.23900/artefactum.v25i8.3855,2026-09
5881,1984-3852,10.23900/artefactum.v25i8.4028,2026-09
5962,2500-784X,10.61497/7ca51j86,2025-01
5962,2500-784X,10.61497/0364s909,2025-01
5962,2500-784X,10.61497/mkd34q27,2025-01
5962,2500-784X,10.61497/5ptfem18,2025-01
5962,2500-784X,10.61497/dnd5vd66,2025-01
5962,2500-784X,10.61497/rcyh.v8i8.132,2023-10
5962,2500-784X,10.61497/0jvryd51,2025-01
5962,2500-784X,10.61497/08cycd80,2025-01
5962,2500-784X,10.61497/rfbbvh21,2025-01
5962,2500-784X,10.61497/89kmcf65,2025-01
5962,2500-784X,10.61497/tq81k420,2025-01
5962,2500-784X,10.61497/4mvgpa75,2025-01
5962,2500-784X,10.61497/fsw84q83,2025-01
5962,2500-784X,10.61497/h7wjqw64,2025-03
5962,2500-784X,10.61497/00r0dh95,2025-01
5962,2500-784X,10.61497/rdysmm60,2025-01
5962,2500-784X,10.61497/r40hb143,2025-12
5962,2500-784X,10.61497/08xbav55,2025-01
5962,2500-784X,10.61497/r9385m55,2025-01
5962,2500-784X,10.61497/7qs93g58,2025-01
6002,2688-5999,10.71162/aetr.736265,2025-02
6002,2688-5999,10.71162/aetr.626500,2026-05
6002,2688-5999,10.71162/aetr.534257,2025-04
6002,2688-5999,10.71162/aetr.895318,2025-03
6002,2688-5999,10.71162/aetr.782095,2025-03
6002,2688-5999,10.71162/aetr.691483,2025-10
6002,2688-5999,10.71162/aetr.482854,2025-10
6002,2688-5999,10.71162/aetr.650321,2025-03
6002,2688-5999,10.71162/aetr.691915,2025-03
6002,2688-5999,10.71162/aetr.331803,2025-10
6002,2688-5999,10.71162/aetr.717870,2026-05
6002,2688-5999,10.71162/aetr.479483,2025-04
6002,2688-5999,10.71162/aetr.578206,2025-10
6002,2688-5999,10.71162/aetr.554721,2026-05
6002,2688-5999,10.71162/aetr.466201,2026-05
6002,2688-5999,10.71162/aetr.224304,2025-10
6002,2688-5999,10.71162/aetr.206016,2025-04
6002,2688-5999,10.71162/aetr.264881,2025-04
6002,2688-5999,10.71162/aetr.519369,2025-03
6002,2688-5999,10.71162/aetr.288697,2025-04
6076,2459-8917,10.65243/s.9.1.3,2026-01
6076,2459-8917,10.65243/s.10.1.1,2026-07
6076,2459-8917,10.65243/s.9.1.1,2026-01
6076,2459-8917,10.65243/s.10.1.3,2026-07
6076,2459-8917,10.65243/s.9.2.4,2026-01
6076,2459-8917,10.65243/s.9.2.5,2026-01
6076,2459-8917,10.65243/s.9.2.2,2026-01
6076,2459-8917,10.65243/s.9.1.5,2026-01
6076,2459-8917,10.65243/s.9.2.1,2026-01
6076,2459-8917,10.65243/s.10.1.5,2026-07
6076,2459-8917,10.65243/s.9.2.3,2026-01
6076,2459-8917,10.65243/s.9.1.4,2026-01
6076,2459-8917,10.65243/s.10.1.4,2026-07
6076,2459-8917,10.65243/s.9.1.2,2026-01
6076,2459-8917,10.65243/s.10.1.2,2026-07
6087,2247-2371,10.62591/jhss.1.7.2016.art.8,2026-09
6087,2247-2371,10.62591/jhss.2.8.2017.art.5,2026-09
6087,2247-2371,10.62591/jhss.1.11.2020.art.8,2026-09
6087,2247-2371,10.62591/jhss.2.10.2019.art.10,2026-09
6087,2247-2371,10.62591/jhss.1.11.2020.art.2,2026-09
6087,2247-2371,10.62591/jhss.2.12.2021.art.7,2026-09
6087,2247-2371,10.62591/jhss.2.13.2022.art.7,2026-09
6087,2247-2371,10.62591/jhss.2.12.2021.art.1,2026-09
6087,2247-2371,10.62591/jhss.2.14.2023.art.11,2026-09
6087,2247-2371,10.62591/jhss.2.5.2014.art.5,2026-09
6087,2247-2371,10.62591/jhss.2.7.2016.art.15,2026-09
6087,2247-2371,10.62591/jhss.1.7.2016.art.9,2026-09
6087,2247-2371,10.62591/jhss.2.9.2018.art.11,2026-09
6087,2247-2371,10.62591/jhss.2.11.2020.art.2,2026-09
6087,2247-2371,10.62591/jhss.1.14.2023.art.3,2026-09
6087,2247-2371,10.62591/jhss.1.12.2021.art.6,2026-09
6087,2247-2371,10.62591/jhss.1.5.2014.art.3,2026-09
6087,2247-2371,10.62591/jhss.1.5.2014.art.8,2026-09
6087,2247-2371,10.62591/jhss.2.5.2014.art.9,2026-09
6087,2247-2371,10.62591/jhss.1.7.2016.art.12,2026-09
6127,1518-2487,10.54786/revistaeptic.v25i1.19176,2023-10
6127,1518-2487,10.54786/revistaeptic.v27i2.22836,2025-09
6127,1518-2487,10.54786/revistaeptic.v28i1.23488,2026-05
6127,1518-2487,10.54786/revistaeptic.v28i1.25196,2026-05
6127,1518-2487,10.54786/revistaeptic.v25i2.19158,2023-10
6127,1518-2487,10.54786/revistaeptic.v27i2.23681,2025-09
6127,1518-2487,10.54786/revistaeptic.v26i2.21788,2024-09
6127,1518-2487,10.54786/revistaeptic.v27i3.23487,2025-12
6127,1518-2487,10.54786/revistaeptic.v25i3.20755,2024-03
6127,1518-2487,10.54786/revistaeptic.v27i2.22835,2025-09
6127,1518-2487,10.54786/revistaeptic.v26i1.20304,2024-05
6127,1518-2487,10.54786/revistaeptic.v28i1.25198,2026-05
6127,1518-2487,10.54786/revistaeptic.v25i2.18571,2023-10
6127,1518-2487,10.54786/revistaeptic.v25i2.18254,2023-10
6127,1518-2487,10.54786/revistaeptic.v26i2.20493,2024-09
6127,1518-2487,10.54786/revistaeptic.v25i1.18481,2023-10
6127,1518-2487,10.54786/revistaeptic.v27i1.17689,2025-04
6127,1518-2487,10.54786/revistaeptic.v26i1.21197,2024-05
6127,1518-2487,10.54786/revistaeptic.v25i3.19126,2024-03
6127,1518-2487,10.54786/revistaeptic.v25i3.20756,2024-03
6129,2039-2362,10.13138/2039-2362/4300,2026-07
6129,2039-2362,10.13138/2039-2362/5158,2026-07
6129,2039-2362,10.13138/2039-2362/5160,2026-07
6129,2039-2362,10.13138/2039-2362/5239,2026-07
6129,2039-2362,10.13138/2039-2362/4139,2026-07
6129,2039-2362,10.13138/2039-2362/4192,2026-07
6129,2039-2362,10.13138/2039-2362/4431,2026-07
6129,2039-2362,10.13138/2039-2362/4247,2026-07
6129,2039-2362,10.13138/2039-2362/5194,2026-07
6129,2039-2362,10.13138/2039-2362/5286,2026-07
6129,2039-2362,10.13138/2039-2362/5203,2026-07
6129,2039-2362,10.13138/2039-2362/5145,2026-07
6129,2039-2362,10.13138/2039-2362/5281,2026-07
6129,2039-2362,10.13138/2039-2362/3902,2026-07
6129,2039-2362,10.13138/2039-2362/5148,2026-07
6129,2039-2362,10.13138/2039-2362/4250,2026-07
6129,2039-2362,10.13138/2039-2362/4402,2026-07
6129,2039-2362,10.13138/2039-2362/4058,2026-07
6129,2039-2362,10.13138/2039-2362/3960,2026-07
6150,1512-6102,10.58817/2233-1786.2011.45.41.33,2024-02
6150,1512-6102,10.58817/2233-1786.2021.55.52.109,2024-02
6150,1512-6102,10.58817/2233-1786.2019.53.50.71,2024-02
6150,1512-6102,10.58817/2233-1786.2021.55.52.61,2024-02
6150,1512-6102,10.58817/2233-1786.2020.54.51.88,2024-02
6150,1512-6102,10.58817/2233-1786.2011.45.41.22,2024-02
6150,1512-6102,10.58817/2233-1786.2015.49.46.75,2024-02
6150,1512-6102,10.58817/2233-1786.2015.49.46.28,2024-02
6150,1512-6102,10.58817/2233-1786.2012.46.42.53,2024-02
6150,1512-6102,10.58817/2233-1786.2016.50.47.16,2024-02
6150,1512-6102,10.58817/2233-1786.2024.58.55.5,2024-12
6150,1512-6102,10.58817/2233-1786.2016.50.47.5,2024-02
6150,1512-6102,10.58817/2233-1786.2015.49.46.7,2024-02
6150,1512-6102,10.58817/2233-1786.2014.48.45.74,2024-02
6150,1512-6102,10.58817/2233-1786.2011.45.40.70,2024-02
6150,1512-6102,10.58817/2233-1786.2014.48.45.46,2024-02
6150,1512-6102,10.58817/2233-1786.2018.52.49.92,2024-02
6150,1512-6102,10.58817/2233-1786.2017.51.48.134,2024-02
6150,1512-6102,10.58817/2233-1786.2024.58.55.48,2024-12
6150,1512-6102,10.58817/2233-1786.2025.59.56.50,2025-12
6152,1740-357X,10.26034/cm.jostrans.2022.113,2025-06
6152,1740-357X,10.26034/cm.jostrans.2021.008,2025-08
6152,1740-357X,10.26034/cm.jostrans.2025.6955,2025-02
6152,1740-357X,10.26034/cm.jostrans.2025.6949,2025-02
6152,1740-357X,10.26034/cm.jostrans.2006.734,2025-06
6152,1740-357X,10.26034/cm.jostrans.2018.193,2025-06
6152,1740-357X,10.26034/cm.jostrans.2017.255,2025-06
6152,1740-357X,10.26034/cm.jostrans.2018.205,2025-06
6152,1740-357X,10.26034/cm.jostrans.2014.377,2025-06
6152,1740-357X,10.26034/cm.jostrans.2017.247,2025-06
6152,1740-357X,10.26034/cm.jostrans.2017.236,2025-06
6152,1740-357X,10.26034/cm.jostrans.2017.266,2025-06
6152,1740-357X,10.26034/cm.jostrans.2018.201,2025-06
6152,1740-357X,10.26034/cm.jostrans.2018.206,2025-06
6152,1740-357X,10.26034/cm.jostrans.2004.831,2025-06
6152,1740-357X,10.26034/cm.jostrans.2010.596,2025-06
6152,1740-357X,10.26034/cm.jostrans.2020.145,2025-06
6152,1740-357X,10.26034/cm.jostrans.2012.451,2025-06
6152,1740-357X,10.26034/cm.jostrans.2010.611,2025-06
6152,1740-357X,10.26034/cm.jostrans.2013.400,2025-06
6156,2537-4044,10.62229/aubpslxxiii/2_24/7,2025-08
6156,2537-4044,10.62229/aubpslxxiii/2_24/3,2025-08
6156,2537-4044,10.62229/aubpslxxiv/1_25/5,2026-04
6156,2537-4044,10.62229/aubpslxxiv/1_25/9,2026-04
6156,2537-4044,10.62229/aubpslxxi/1_23/3,2024-07
6156,2537-4044,10.62229/aubpslxxi/1_23/6,2024-07
6156,2537-4044,10.62229/aubpslxxi/1_23/5,2024-07
6156,2537-4044,10.62229/aubpslxxiii/1_24/7,2025-05
6156,2537-4044,10.62229/aubpslxxiii/1_24/4,2025-05
6156,2537-4044,10.62229/aubpslxxi/2_22/6,2024-03
6156,2537-4044,10.62229/aubpslxxiii/1_24/3,2025-05
6156,2537-4044,10.62229/aubpslxxiv/1_25/4,2026-04
6156,2537-4044,10.62229/aubpslxxiv/1_25/6,2026-04
6156,2537-4044,10.62229/aubpslxxiii/2_24/5,2025-08
6156,2537-4044,10.62229/aubpslxxii/2_23/6,2024-09
6156,2537-4044,10.62229/aubpslxxi/2_22/3,2024-03
6156,2537-4044,10.62229/aubpslxxiii/1_24/1,2025-05
6156,2537-4044,10.62229/aubpslxxi/2_22/7,2024-03
6156,2537-4044,10.62229/aubpslxxi/1_23/4,2024-07
6156,2537-4044,10.62229/aubpslxxiv/1_25/8,2026-04
6194,2001-5909,10.25227/linbg.028595,2026-08
6194,2001-5909,10.25227/linbg.027695,2026-08
6194,2001-5909,10.25227/linbg.028690,2026-08
6206,2239-267X,10.66428/ijppv16i02a002,2026-07
6206,2239-267X,10.66428/ijppv14i01a004,2026-05
6206,2239-267X,10.66428/ijppv16i01a005,2026-07
6206,2239-267X,10.66428/ijppv15i01a004,2026-04
6206,2239-267X,10.66428/ijppv15i01a001,2026-04
6206,2239-267X,10.66428/ijppv16i01a001,2026-03
6206,2239-267X,10.66428/ijppv15i01a003,2026-04
6206,2239-267X,10.66428/ijppv14i01a003,2026-04
6206,2239-267X,10.66428/ijppv16i01a003,2026-04
6206,2239-267X,10.66428/ijppv15i01a005,2026-04
6206,2239-267X,10.66428/ijppv16i01a002,2026-03
6206,2239-267X,10.66428/ijppv16i01a004,2026-06
6206,2239-267X,10.66428/ijppv16i02a001,2026-06
6206,2239-267X,10.66428/ijppv14i01a002,2026-04
6206,2239-267X,10.66428/ijppv14i01a005,2026-05
6206,2239-267X,10.66428/ijppv16i01a006,2026-07
6206,2239-267X,10.66428/ijppv14i01a001,2026-04
6206,2239-267X,10.66428/ijppv15i01a002,2026-04
6206,2239-267X,10.66428/ijppv16i02a003,2026-07
6214,2381-2362,10.59620/2381-2362.1249,2025-12
6214,2381-2362,10.59620/2381-2362.1245,2025-11
6214,2381-2362,10.59620/2381-2362.1239,2025-12
6214,2381-2362,10.59620/2381-2362.1260,2026-08
6214,2381-2362,10.59620/2381-2362.1244,2025-11
6214,2381-2362,10.59620/2381-2362.1255,2025-11
6214,2381-2362,10.59620/2381-2362.1233,2025-08
6214,2381-2362,10.59620/2381-2362.1257,2026-08
6214,2381-2362,10.59620/2381-2362.1259,2025-12
6214,2381-2362,10.59620/2381-2362.1253,2025-12
6214,2381-2362,10.59620/2381-2362.1266,2026-08
6214,2381-2362,10.59620/2381-2362.1238,2025-11
6214,2381-2362,10.59620/2381-2362.1258,2026-08
6214,2381-2362,10.59620/2381-2362.1246,2025-12
6214,2381-2362,10.59620/2381-2362.1236,2025-08
6214,2381-2362,10.59620/2381-2362.1237,2025-11
6214,2381-2362,10.59620/2381-2362.1251,2026-08
6214,2381-2362,10.59620/2381-2362.1247,2025-12
6214,2381-2362,10.59620/2381-2362.1235,2025-11
6214,2381-2362,10.59620/2381-2362.1248,2025-12
6273,1814-3199,10.59295/sum3(173)2024_24,2024-10
6273,1814-3199,10.59295/sum3(163)2023_10,2023-06
6273,1814-3199,10.59295/sum3(173)2024_36,2024-10
6273,1814-3199,10.59295/sum8(178)2024_11,2025-03
6273,1814-3199,10.59295/sum3(173)2024_27,2024-10
6273,1814-3199,10.59295/sum8(168)2023_37,2024-01
6273,1814-3199,10.59295/sum3(183)2025_31,2025-06
6273,1814-3199,10.59295/sum3(183)2025_25,2025-06
6273,1814-3199,10.59295/sum8(168)2023_07,2024-01
6273,1814-3199,10.59295/sum3(173)2024_02,2024-10
6273,1814-3199,10.59295/sum3(173)2024_18,2024-10
6273,1814-3199,10.59295/sum3(193)2026_30,2026-07
6273,1814-3199,10.59295/sum8(188)2025_24,2026-01
6273,1814-3199,10.59295/sum8(168)2023_20,2024-01
6273,1814-3199,10.59295/sum8(178)2024_16,2025-03
6273,1814-3199,10.59295/sum8(188)2025_23,2026-01
6273,1814-3199,10.59295/sum3(173)2024_30,2024-10
6273,1814-3199,10.59295/sum3(173)2024_11,2024-10
6273,1814-3199,10.59295/sum8(188)2025_22,2026-01
6273,1814-3199,10.59295/sum8(168)2023_22,2024-01
6316,2066-6071,10.65672/fs.2026.1.6,2026-05
6316,2066-6071,10.65672/fs.2026.2.6,2026-07
6316,2066-6071,10.65672/fs.2026.1.4,2026-05
6316,2066-6071,10.65672/fs.2025.4.2,2026-02
6316,2066-6071,10.65672/fs.2026.2.1,2026-07
6316,2066-6071,10.65672/fs.2026.2.2,2026-07
6316,2066-6071,10.65672/fs.2025.4.3,2026-02
6316,2066-6071,10.65672/fs.2025.4.4,2026-02
6316,2066-6071,10.65672/fs.2026.2.7,2026-07
6316,2066-6071,10.65672/fs.2025.4.5,2026-02
6316,2066-6071,10.65672/fs.2025.4.1,2026-02
6316,2066-6071,10.65672/fs.2025.4.6,2026-02
6316,2066-6071,10.65672/fs.2026.1.5,2026-05
6316,2066-6071,10.65672/fs.2026.2.4,2026-07
6316,2066-6071,10.65672/fs.2026.1.1,2026-05
6316,2066-6071,10.65672/fs.2026.1.3,2026-05
6316,2066-6071,10.65672/fs.2026.1.2,2026-05
6316,2066-6071,10.65672/fs.2026.2.3,2026-07
6316,2066-6071,10.65672/fs.2026.2.5,2026-07
6319,2068-1712,10.61215/rjpt.2025.31.54.28,2025-03
6319,2068-1712,10.61215/rjpt.2025.31.54.20,2025-03
6319,2068-1712,10.61215/rjpt.2023.29.51.24,2024-02
6319,2068-1712,10.61215/rjpt.2024.30.53.27,2024-08
6319,2068-1712,10.61215/rjpt.2025.31.55.108,2025-12
6319,2068-1712,10.61215/rjpt.2024.30.53.60,2025-02
6319,2068-1712,10.61215/rjpt.2026.32.56.4,2026-02
6319,2068-1712,10.61215/rjpt.2025.31.54.62,2025-06
6319,2068-1712,10.61215/rjpt.2023.29.50.4,2023-09
6319,2068-1712,10.61215/rjpt.2025.31.55.43,2025-11
6319,2068-1712,10.61215/rjpt.2023.29.51.4,2023-10
6319,2068-1712,10.61215/rjpt.2025.31.54.74,2025-06
6319,2068-1712,10.61215/rjpt.2025.31.55.64,2025-11
6319,2068-1712,10.61215/rjpt.2025.31.55.118,2025-12
6319,2068-1712,10.61215/rjpt.2023.29.50.43,2023-09
6319,2068-1712,10.61215/rjpt.2024.30.52.12,2024-06
6319,2068-1712,10.61215/rjpt.2024.30.53.15,2024-08
6319,2068-1712,10.61215/rjpt.2026.32.56.21,2026-02
6319,2068-1712,10.61215/rjpt.2025.31.54.4,2025-03
6319,2068-1712,10.61215/rjpt.2023.29.50.33,2023-09
6344,2385-2615,10.3280/ria2026oa22073,2026-07
6344,2385-2615,10.3280/ria1-2023oa14813,2023-12
6344,2385-2615,10.3280/ria1-2024oa17373,2024-09
6344,2385-2615,10.3280/ria1-2024oa17368,2024-09
6344,2385-2615,10.3280/ria2026oa22997,2026-07
6344,2385-2615,10.3280/ria2-2023oa16390,2024-09
6344,2385-2615,10.3280/ria2026oa21986,2026-07
6344,2385-2615,10.3280/ria2-2023oa15485,2024-02
6344,2385-2615,10.3280/ria1-2023oa14860,2023-12
6344,2385-2615,10.3280/riaof-2026oa21543,2026-03
6344,2385-2615,10.3280/ria1-2024oa17365,2024-09
6344,2385-2615,10.3280/ria1-2025oa20513,2025-09
6344,2385-2615,10.3280/ria2-2024oa18832,2024-12
6344,2385-2615,10.3280/ria1-2023oa14983,2023-12
6344,2385-2615,10.3280/ria2-2025oa21012,2025-12
6344,2385-2615,10.3280/ria2-2025oa21459,2025-12
6344,2385-2615,10.3280/ria1-2025oa20516,2025-09
6344,2385-2615,10.3280/ria1-2023oa14848,2023-12
6344,2385-2615,10.3280/ria1-2024oa17997,2024-09
6344,2385-2615,10.3280/ria2-2024oa18827,2024-12
6370,2242-685X,10.70484/vakki.149084,2024-11
6370,2242-685X,10.70484/vakki.149243,2024-11
6370,2242-685X,10.70484/vakki.149249,2024-11
6370,2242-685X,10.70484/vakki.149351,2024-11
6370,2242-685X,10.70484/vakki.149294,2024-11
6370,2242-685X,10.70484/vakki.149103,2024-11
6370,2242-685X,10.70484/vakki.149150,2024-11
6370,2242-685X,10.70484/vakki.162331,2025-12
6370,2242-685X,10.70484/vakki.149233,2024-11
6370,2242-685X,10.70484/vakki.149350,2024-11
6370,2242-685X,10.70484/vakki.149237,2024-11
6370,2242-685X,10.70484/vakki.149077,2024-11
6370,2242-685X,10.70484/vakki.149266,2024-11
6370,2242-685X,10.70484/vakki.149270,2024-11
6370,2242-685X,10.70484/vakki.149296,2024-11
6370,2242-685X,10.70484/vakki.149271,2024-11
6370,2242-685X,10.70484/vakki.149219,2024-11
6370,2242-685X,10.70484/vakki.149093,2024-11
6370,2242-685X,10.70484/vakki.149323,2024-11
6370,2242-685X,10.70484/vakki.145828,2024-12
6406,1923-6662,10.64211/oidaijsd190721,2026-06
6406,1923-6662,10.64211/oidaijsd190314,2026-03
6406,1923-6662,10.64211/oidaijsd190810,2026-08
6406,1923-6662,10.64211/oidaijsd190913,2026-09
6406,1923-6662,10.64211/oidaijsd190604,2026-04
6406,1923-6662,10.64211/oidaijsd190718,2026-06
6406,1923-6662,10.64211/oidaijsd190410,2026-03
6406,1923-6662,10.64211/oidaijsd190907,2026-08
6406,1923-6662,10.64211/oidaijsd190618,2026-05
6406,1923-6662,10.64211/oidaijsd190109,2026-02
6406,1923-6662,10.64211/oidaijsd190808,2026-08
6406,1923-6662,10.64211/oidaijsd190408,2026-03
6406,1923-6662,10.64211/oidaijsd190624,2026-05
6406,1923-6662,10.64211/oidaijsd190724,2026-07
6406,1923-6662,10.64211/oidaijsd190208,2026-02
6406,1923-6662,10.64211/oidaijsd190719,2026-06
6406,1923-6662,10.64211/oidaijsd190523,2026-04
6406,1923-6662,10.64211/oidaijsd190214,2026-02
6406,1923-6662,10.64211/oidaijsd190511,2026-04
6406,1923-6662,10.64211/oidaijsd190903,2026-08
6421,1885-7019,10.17398/1885-7019.19.231,2024-04
6421,1885-7019,10.17398/1885-7019.18.183,2023-07
6421,1885-7019,10.17398/1885-7019.17.45,2024-04
6421,1885-7019,10.17398/1885-7019.22.79,2026-03
6421,1885-7019,10.17398/1885-7019.21.393,2025-08
6421,1885-7019,10.17398/1885-7019.17.145,2024-04
6421,1885-7019,10.17398/1885-7019.22.55,2026-03
6421,1885-7019,10.17398/1885-7019.21.77,2025-01
6421,1885-7019,10.17398/1885-7019.20.317,2024-09
6421,1885-7019,10.17398/1885-7019.21.423,2025-08
6421,1885-7019,10.17398/1885-7019.21.383,2025-08
6421,1885-7019,10.17398/1885-7019.18.221,2023-07
6421,1885-7019,10.17398/1885-7019.21.65,2025-01
6421,1885-7019,10.17398/1885-7019.18.127,2024-04
6421,1885-7019,10.17398/1885-7019.18.233,2023-07
6421,1885-7019,10.17398/1885-7019.21.193,2025-03
6421,1885-7019,10.17398/1885-7019.17.153,2024-04
6421,1885-7019,10.17398/1885-7019.21.515,2026-01
6421,1885-7019,10.17398/1885-7019.21.537,2026-01
6421,1885-7019,10.17398/1885-7019.21.49,2025-01
6445,2535-5430,10.59391/inscriptions.v5i2.162,2023-05
6445,2535-5430,10.59391/inscriptions.v5i1.143,2023-05
6445,2535-5430,10.59391/inscriptions.v3i1.56,2023-06
6445,2535-5430,10.59391/inscriptions.v6i1.188,2023-05
6445,2535-5430,10.59391/inscriptions.v5i1.156,2023-05
6445,2535-5430,10.59391/inscriptions.v3i2.66,2023-05
6445,2535-5430,10.59391/inscriptions.v7i1.238,2024-01
6445,2535-5430,10.59391/inscriptions.v4i1.95,2023-05
6445,2535-5430,10.59391/inscriptions.v6i2.207,2023-07
6445,2535-5430,10.59391/a8rmv425,2025-07
6445,2535-5430,10.59391/w18x1a27,2025-01
6445,2535-5430,10.59391/inscriptions.v4i2.118,2023-05
6445,2535-5430,10.59391/inscriptions.v6i1.190,2023-05
6445,2535-5430,10.59391/inscriptions.v6i2.206,2023-07
6445,2535-5430,10.59391/fbbztk90,2025-01
6445,2535-5430,10.59391/inscriptions.v2i2.40,2023-06
6445,2535-5430,10.59391/gttyvn17,2026-01
6445,2535-5430,10.59391/inscriptions.v1i1.16,2023-06
6445,2535-5430,10.59391/1dd4dn68,2026-07
6445,2535-5430,10.59391/inscriptions.v5i1.152,2023-05
6558,2321-6689,10.4103/smj.smj_5_20,2022-08
6558,2321-6689,10.4103/smj.smj_87_20,2023-11
6558,2321-6689,10.4103/smj.smj_162_20,2023-11
6558,2321-6689,10.4103/smj.smj_70_20,2022-08
6558,2321-6689,10.4103/smj.smj_158_20,2023-11
6558,2321-6689,10.4103/smj.smj_163_20,2023-11
6558,2321-6689,10.4103/smj.smj_44_21,2022-08
6558,2321-6689,10.4103/smj.smj_127_20,2023-11
6558,2321-6689,10.4103/smj.smj_81_20,2024-05
6558,2321-6689,10.4103/smj.smj_71_21,2024-05
6558,2321-6689,10.4103/smj.smj_30_21,2023-11
6558,2321-6689,10.4103/smj.smj_125_20,2023-11
6558,2321-6689,10.4103/smj.smj_37_19,2024-05
6558,2321-6689,10.4103/smj.smj_80_20,2024-05
6558,2321-6689,10.4103/smj.smj_72_20,2024-05
6558,2321-6689,10.4103/smj.smj_79_20,2022-08
6558,2321-6689,10.4103/smj.smj_28_21,2024-05
6558,2321-6689,10.4103/smj.smj_78_20,2022-08
6647,1668-2963,10.70198/rt.35.760,2025-12
6647,1668-2963,10.70198/rt.34.739,2026-05
6647,1668-2963,10.70198/rt.36.788,2026-08
6647,1668-2963,10.70198/rt.33.704,2024-12
6647,1668-2963,10.70198/rt.36.810,2026-08
6647,1668-2963,10.70198/rt.35.755,2025-12
6647,1668-2963,10.70198/rt.35.762,2025-12
6647,1668-2963,10.70198/rt.33.705,2024-12
6647,1668-2963,10.70198/rt.33.710,2024-12
6647,1668-2963,10.70198/rt.34.741,2025-08
6647,1668-2963,10.70198/rt.36.813,2026-08
6647,1668-2963,10.70198/rt.35.761,2025-12
6647,1668-2963,10.70198/rt.36.811,2026-08
6647,1668-2963,10.70198/rt.35.766,2025-12
6647,1668-2963,10.70198/rt.34.732,2025-08
6647,1668-2963,10.70198/rt.36.782,2026-08
6647,1668-2963,10.70198/rt.33.711,2024-12
6647,1668-2963,10.70198/rt.34.738,2026-05
6647,1668-2963,10.70198/rt.33.712,2024-12
6647,1668-2963,10.70198/rt.33.713,2024-12
6650,2766-1652,10.37016/mr-2020-204,2026-07
6650,2766-1652,10.37016/mr-2020-211,2026-08
6650,2766-1652,10.37016/mr-2020-198,2026-07
6650,2766-1652,10.37016/mr-2020-200,2026-06
6650,2766-1652,10.37016/mr-2020-195,2026-02
6650,2766-1652,10.37016/mr-2020-210,2026-08
6650,2766-1652,10.37016/mr-2020-202,2026-07
6650,2766-1652,10.37016/mr-2020-208,2026-08
6650,2766-1652,10.37016/mr-2020-193,2026-01
6650,2766-1652,10.37016/mr-2020-207,2026-07
6650,2766-1652,10.37016/mr-2020-201,2026-07
6650,2766-1652,10.37016/mr-2020-203,2026-07
6650,2766-1652,10.37016/mr-2020-197,2026-07
6650,2766-1652,10.37016/mr-2020-194,2026-02
6650,2766-1652,10.37016/mr-2020-205,2026-07
6650,2766-1652,10.37016/mr-2020-196,2026-02
6650,2766-1652,10.37016/mr-2020-206,2026-07
6650,2766-1652,10.37016/mr-2020-209,2026-08
6650,2766-1652,10.37016/mr-2020-199,2026-07
6657,2250-4982,10.62174/aei.9663,2024-07
6657,2250-4982,10.62174/aei.11266,2026-06
6657,2250-4982,10.62174/aei.9673,2024-07
6657,2250-4982,10.62174/aei.10050,2024-12
6657,2250-4982,10.62174/aei.10484,2025-06
6657,2250-4982,10.62174/aei.10052,2024-12
6657,2250-4982,10.62174/aei.10043,2024-12
6657,2250-4982,10.62174/aei.11270,2026-06
6657,2250-4982,10.62174/aei.11260,2026-06
6657,2250-4982,10.62174/aei.10045,2024-12
6657,2250-4982,10.62174/aei.10487,2025-06
6657,2250-4982,10.62174/aei.11264,2026-06
6657,2250-4982,10.62174/aei.10488,2025-06
6657,2250-4982,10.62174/aei.11259,2026-06
6657,2250-4982,10.62174/aei.11269,2026-06
6657,2250-4982,10.62174/aei.11265,2026-06
6657,2250-4982,10.62174/aei.9845,2024-12
6657,2250-4982,10.62174/aei.10481,2025-06
6657,2250-4982,10.62174/aei.11267,2026-06
6657,2250-4982,10.62174/aei.9664,2024-07
6690,2595-4881,10.56238/rcev6-001,2024-08
6732,0719-4773,10.69967/07194773.v1i19.424,2024-08
6732,0719-4773,10.69967/07194773.v1i6.156,2024-08
6732,0719-4773,10.69967/07194773.v1i18.403,2024-08
6732,0719-4773,10.69967/07194773.v13i.641,2026-08
6732,0719-4773,10.69967/07194773.v1i20.452,2024-08
6732,0719-4773,10.69967/07194773.v1i18.393,2024-08
6732,0719-4773,10.69967/07194773.v1i4.113,2024-08
6732,0719-4773,10.69967/07194773.v1i21.471,2024-08
6732,0719-4773,10.69967/07194773.v1i1.60,2024-08
6732,0719-4773,10.69967/07194773.v12i.555,2025-09
6732,0719-4773,10.69967/07194773.v1i3.102,2024-08
6732,0719-4773,10.69967/07194773.v12i.624,2025-12
6732,0719-4773,10.69967/07194773.v1i3.105,2024-08
6732,0719-4773,10.69967/07194773.v2i1.493,2024-08
6732,0719-4773,10.69967/07194773.v1i5.140,2024-08
6732,0719-4773,10.69967/07194773.v1i2.84,2024-08
6732,0719-4773,10.69967/07194773.v1i2.88,2024-08
6732,0719-4773,10.69967/07194773.v1i4.108,2024-08
6732,0719-4773,10.69967/07194773.v1i18.386,2024-08
6732,0719-4773,10.69967/07194773.v13i.609,2026-03
6738,1666-8979,10.62174/arg.2025.10829,2025-10
6738,1666-8979,10.62174/arg.2026.11235,2026-05
6738,1666-8979,10.62174/arg.2026.11214,2026-05
6738,1666-8979,10.62174/arg.2026.11238,2026-05
6738,1666-8979,10.62174/arg.2024.9943,2024-10
6738,1666-8979,10.62174/arg.2025.10351,2025-04
6738,1666-8979,10.62174/arg.2025.10815,2025-10
6738,1666-8979,10.62174/arg.2025.10818,2025-10
6738,1666-8979,10.62174/arg.2025.10839,2025-10
6738,1666-8979,10.62174/arg.2024.9957,2024-10
6738,1666-8979,10.62174/arg.2025.10372,2025-04
6738,1666-8979,10.62174/arg.2026.11217,2026-05
6738,1666-8979,10.62174/arg.2024.9945,2024-10
6738,1666-8979,10.62174/arg.2025.10834,2025-10
6738,1666-8979,10.62174/arg.2025.10817,2025-10
6738,1666-8979,10.62174/arg.2025.10824,2025-10
6738,1666-8979,10.62174/arg.2026.11221,2026-05
6738,1666-8979,10.62174/arg.2026.11219,2026-05
6738,1666-8979,10.62174/arg.2024.9947,2024-10
6738,1666-8979,10.62174/arg.2025.10811,2025-10
6783,2636-753X,10.61766/hire.1612450,2025-03
6783,2636-753X,10.61766/hire.1472693,2024-10
6783,2636-753X,10.61766/hire.1715243,2025-10
6783,2636-753X,10.61766/hire.1725657,2025-10
6783,2636-753X,10.61766/hire.1392409,2024-03
6783,2636-753X,10.61766/hire.1596828,2025-03
6783,2636-753X,10.61766/hire.1861752,2026-03
6783,2636-753X,10.61766/hire.1493687,2024-10
6783,2636-753X,10.61766/hire.1696784,2025-10
6783,2636-753X,10.61766/hire.1723537,2025-10
6783,2636-753X,10.61766/hire.1673421,2025-10
6783,2636-753X,10.61766/hire.1399616,2024-03
6783,2636-753X,10.61766/hire.1396629,2024-03
6783,2636-753X,10.61766/hire.1681414,2025-10
6783,2636-753X,10.61766/hire.1610554,2025-03
6783,2636-753X,10.61766/hire.1419843,2024-03
6783,2636-753X,10.61766/hire.1606133,2025-03
6783,2636-753X,10.61766/hire.1614988,2025-03
6783,2636-753X,10.61766/hire.1702621,2026-03
6783,2636-753X,10.61766/hire.1494537,2024-10
6799,1995-0039,10.15275/ssmj21020161,2025-08
6799,1995-0039,10.15275/ssmj1903302,2024-01
6799,1995-0039,10.15275/ssmj2001022,2024-09
6799,1995-0039,10.15275/ssmj2001097,2024-09
6799,1995-0039,10.15275/ssmj449,2025-03
6799,1995-0039,10.15275/ssmj2101100,2025-05
6799,1995-0039,10.15275/ssmj2102156,2025-08
6799,1995-0039,10.15275/ssmj2103340,2026-01
6799,1995-0039,10.15275/ssmj2101019,2025-05
6799,1995-0039,10.15275/ssmj2001046,2024-09
6799,1995-0039,10.15275/ssmj2103314,2026-01
6799,1995-0039,10.15275/ssmj2103322,2026-01
6799,1995-0039,10.15275/ssmj2101074,2025-05
6799,1995-0039,10.15275/ssmj1904414,2024-03
6799,1995-0039,10.15275/ssmj2001007,2024-09
6799,1995-0039,10.15275/ssmj2103305,2026-01
6799,1995-0039,10.15275/ssmj2002219,2024-11
6799,1995-0039,10.15275/ssmj2104429,2026-04
6799,1995-0039,10.15275/ssmj2104385,2026-04
6799,1995-0039,10.15275/ssmj2104474,2026-05
6839,1844-6159,10.69475/ratei.2024.1.7,2024-10
6839,1844-6159,10.69475/ratei.2024.1.2,2024-05
6839,1844-6159,10.69475/ratei.2024.1.3,2024-05
6839,1844-6159,10.69475/ratei.2024.2.3,2024-12
6839,1844-6159,10.69475/ratei.2024.1.4,2024-10
6839,1844-6159,10.69475/ratei.2024.2.6,2024-12
6839,1844-6159,10.69475/ratei.2025.1.10,2025-09
6839,1844-6159,10.69475/ratei.2024.2.1,2024-10
6839,1844-6159,10.69475/ratei.2024.1.1,2024-05
6839,1844-6159,10.69475/ratei.2024.2.5,2024-12
6839,1844-6159,10.69475/ratei.2024.1.8,2024-10
6839,1844-6159,10.69475/ratei.2024.1.5,2024-10
6839,1844-6159,10.69475/ratei.2025.1.5,2025-06
6839,1844-6159,10.69475/ratei.2025.2.2,2026-06
6839,1844-6159,10.69475/ratei.2025.1.2,2025-06
6839,1844-6159,10.69475/ratei.2025.1.7,2025-09
6839,1844-6159,10.69475/ratei.2026.1.2,2026-06
6839,1844-6159,10.69475/ratei.2025.1.4,2025-06
6839,1844-6159,10.69475/ratei.2025.1.6,2025-09
6839,1844-6159,10.69475/ratei.2025.1.9,2025-09
6841,2543-5981,10.64867/pjes.25435981.26.121.0906,2026-07
6841,2543-5981,10.64867/pjes.25435981.26.121.1003,2026-07
6841,2543-5981,10.64867/pjes.25435981.25.111.113,2025-11
6841,2543-5981,10.64867/pjes.25435981.25.112.1233,2025-12
6841,2543-5981,10.64867/pjes.25435981.25.111.139,2025-11
6841,2543-5981,10.64867/pjes.25435981.26.121.0608,2026-07
6841,2543-5981,10.64867/pjes.25435981.25.111.87,2025-11
6841,2543-5981,10.64867/pjes.25435981.25.111.148,2025-11
6841,2543-5981,10.64867/pjes.25435981.25.111.61,2025-11
6841,2543-5981,10.64867/pjes.25435981.26.121.1204,2026-07
6841,2543-5981,10.64867/pjes.25435981.25.112.8763,2025-12
6841,2543-5981,10.64867/pjes.25435981.26.121.0401,2026-07
6841,2543-5981,10.64867/pjes.25435981.25.111.34,2025-11
6841,2543-5981,10.64867/pjes.25435981.25.111.143,2025-11
6841,2543-5981,10.64867/pjes.25435981.25.112.6741,2026-02
6841,2543-5981,10.64867/pjes.25435981.25.112.0384,2025-12
6841,2543-5981,10.64867/pjes.25435981.25.112.0972,2025-12
6841,2543-5981,10.64867/pjes.25435981.25.112.2840,2025-12
6841,2543-5981,10.64867/pjes.25435981.26.121.0402,2026-07
6841,2543-5981,10.64867/pjes.25435981.25.112.9236,2025-12
6852,2338-9117,10.17977/jps.v11i42023p151,2025-04
6852,2338-9117,10.17977/jps.v13i32025p134,2025-11
6852,2338-9117,10.17977/2442-3904.1046,2026-02
6852,2338-9117,10.17977/jps.v9i2.15086,2026-05
6852,2338-9117,10.17977/jps.v8i1.13657,2026-06
6852,2338-9117,10.17977/jps.v1i4.4182,2026-06
6852,2338-9117,10.17977/2442-3904.1111,2026-02
6852,2338-9117,10.17977/jps.v4i2.8182,2026-06
6852,2338-9117,10.17977/2442-3904.1047,2026-02
6852,2338-9117,10.17977/jps.v11i42023p147,2025-04
6852,2338-9117,10.17977/jps.v6i3.11743,2026-06
6852,2338-9117,10.17977/jps.v5i2.9521,2026-06
6852,2338-9117,10.17977/jps.v4i3.8188,2026-06
6852,2338-9117,10.17977/jps.v7i2.12515,2026-06
6852,2338-9117,10.17977/jps.v9i2.15088,2026-05
6852,2338-9117,10.17977/jps.v2i4.4534,2026-05
6852,2338-9117,10.17977/jps.v1i4.4192,2026-06
6852,2338-9117,10.17977/jps.v5i4.10343,2026-06
6852,2338-9117,10.17977/jps.v11i22023p045,2024-01
6852,2338-9117,10.17977/jps.v12i42024p123,2025-04
6853,0867-8286,10.59203/zfn.76.677,2024-12
6853,0867-8286,10.59203/zfn.48.136,2025-11
6853,0867-8286,10.59203/zfn.49.126,2025-11
6853,0867-8286,10.59203/zfn.44.219,2025-11
6853,0867-8286,10.59203/zfn.59.186,2025-11
6853,0867-8286,10.59203/zfn.37.333,2025-12
6853,0867-8286,10.59203/zfn.60.368,2025-11
6853,0867-8286,10.59203/zfn.59.185,2025-11
6853,0867-8286,10.59203/zfn.53.61,2025-11
6853,0867-8286,10.59203/zfn.51.86,2025-11
6853,0867-8286,10.59203/zfn.70.556,2025-11
6853,0867-8286,10.59203/zfn.74.685,2024-03
6853,0867-8286,10.59203/zfn.45.193,2025-11
6853,0867-8286,10.59203/zfn.62.392,2025-11
6853,0867-8286,10.59203/zfn.51.91,2025-11
6853,0867-8286,10.59203/zfn.75.684,2024-05
6853,0867-8286,10.59203/zfn.38.318,2025-12
6853,0867-8286,10.59203/zfn.53.58,2025-11
6853,0867-8286,10.59203/zfn.38.313,2025-12
6853,0867-8286,10.59203/zfn.78.710,2025-12
6867,2538-5291,10.61186/ijes.5.2.99,2023-11
6867,2538-5291,10.61186/ijes.5.3.41,2023-11
6867,2538-5291,10.61186/ijes.5.3.280,2023-11
6867,2538-5291,10.61186/ijes.5.1.12,2023-11
6867,2538-5291,10.61186/ijes.5.1.51,2023-11
6867,2538-5291,10.61186/ijes.5.3.13,2023-11
6867,2538-5291,10.61186/ijes.5.1.126,2023-11
6867,2538-5291,10.61186/ijes.5.2.50,2023-11
6867,2538-5291,10.61186/ijes.5.4.253,2023-11
6867,2538-5291,10.61186/ijes.5.2.166,2023-11
6867,2538-5291,10.61186/ijes.5.3.260,2023-11
6867,2538-5291,10.61186/ijes.5.4.79,2023-11
6867,2538-5291,10.61186/ijes.5.3.142,2023-11
6867,2538-5291,10.61186/ijes.5.3.163,2023-11
6867,2538-5291,10.61186/ijes.5.2.38,2023-11
6867,2538-5291,10.61186/ijes.5.4.105,2023-11
6867,2538-5291,10.61186/ijes.5.4.9,2023-11
6867,2538-5291,10.61186/ijes.5.3.227,2023-11
6867,2538-5291,10.61186/ijes.5.2.89,2023-11
6867,2538-5291,10.61186/ijes.5.1.23,2023-11
6875,2215-4647,10.15517/wgxbbn98,2026-05
6875,2215-4647,10.15517/ag.v17i17719,2026-05
6879,2085-4943,10.15294/jed.v12i1.1981,2025-05
6879,2085-4943,10.15294/jed.v12i1.3597,2025-05
6879,2085-4943,10.15294/jed.v12i1.2126,2025-05
6879,2085-4943,10.15294/jed.v12i2.4207,2026-04
6879,2085-4943,10.15294/jed.v12i1.3645,2025-05
6879,2085-4943,10.15294/jed.v12i1.3374,2026-04
6879,2085-4943,10.15294/jed.v12i2.2009,2025-05
6879,2085-4943,10.15294/jed.v12i2.2308,2026-04
6884,2252-6927,10.15294/ujme.v4i1.7443,2024-08
6884,2252-6927,10.15294/ujme.v7i1.21251,2024-08
6884,2252-6927,10.15294/ujme.v6i3.19417,2024-08
6884,2252-6927,10.15294/ujme.v12i2.68961,2024-08
6884,2252-6927,10.15294/ujme.v8i1.24239,2024-08
6884,2252-6927,10.15294/ujme.v6i3.19518,2024-08
6884,2252-6927,10.15294/ujme.v6i1.12496,2024-08
6884,2252-6927,10.15294/ujme.v7i1.17087,2024-08
6884,2252-6927,10.15294/ujme.v6i2.17172,2024-08
6884,2252-6927,10.15294/ujme.v8i3.34523,2024-08
6884,2252-6927,10.15294/ujme.v8i2.32060,2024-08
6884,2252-6927,10.15294/ujme.v5i1.9344,2024-08
6884,2252-6927,10.15294/ujme.v12i1.66188,2023-05
6884,2252-6927,10.15294/ujme.v4i2.7597,2024-08
6884,2252-6927,10.15294/ujme.v9i2.38776,2024-08
6884,2252-6927,10.15294/ujme.v11i2.59938,2024-08
6884,2252-6927,10.15294/ujme.v6i2.17201,2024-08
6884,2252-6927,10.15294/ujme.v6i1.13630,2024-08
6884,2252-6927,10.15294/ujme.v5i1.9343,2024-08
6884,2252-6927,10.15294/ujme.v11i2.51046,2024-08
6891,2528-505X,10.15294/ijal.v10i1.22211,2025-06
6891,2528-505X,10.15294/ijal.v11i1.42776,2026-02
6891,2528-505X,10.15294/ijal.v10i2.29886,2025-07
6891,2528-505X,10.15294/ijal.v10i2.34325,2025-09
6891,2528-505X,10.15294/ijal.v10i1.29225,2025-07
6891,2528-505X,10.15294/ijal.v11i1.47297,2026-04
6891,2528-505X,10.15294/ijal.v10i2.22476,2025-06
6891,2528-505X,10.15294/ijal.v10i2.25252,2025-07
6891,2528-505X,10.15294/ijal.v10i1.22475,2025-06
6891,2528-505X,10.15294/ijal.v10i2.36640,2025-11
6891,2528-505X,10.15294/ijal.v10i2.30147,2025-07
6891,2528-505X,10.15294/ijal.v10i2.31591,2025-08
6891,2528-505X,10.15294/ijal.v10i1.22104,2025-06
6891,2528-505X,10.15294/ijal.v10i2.26054,2025-07
6891,2528-505X,10.15294/ijal.v10i2.32387,2025-08
7019,0860-6102,10.60018/acasva.abdn5783,2023-08
7019,0860-6102,10.60018/acasva.zrux1490,2023-08
7019,0860-6102,10.60018/acasva.cscy7993,2023-07
7019,0860-6102,10.60018/acasva.uqnf7657,2025-03
7019,0860-6102,10.60018/acasva.cxdu9543,2023-08
7019,0860-6102,10.60018/acasva.jwtg4818,2026-01
7019,0860-6102,10.60018/acasva.yyeh5163,2024-04
7019,0860-6102,10.60018/acasva.spvj9399,2024-04
7019,0860-6102,10.60018/acasva.thkp8274,2023-07
7019,0860-6102,10.60018/acasva.cmyh6200,2025-03
7019,0860-6102,10.60018/acasva.nssz2549,2023-08
7019,0860-6102,10.60018/acasva.ddou4623,2026-01
7019,0860-6102,10.60018/acasva.lrct5018,2025-03
7019,0860-6102,10.60018/acasva.vyvl9167,2024-04
7019,0860-6102,10.60018/acasva.rsfz7727,2026-01
7019,0860-6102,10.60018/acasva.edsz6184,2025-03
7019,0860-6102,10.60018/acasva.iray5065,2023-07
7019,0860-6102,10.60018/acasva.tmrw6380,2023-08
7019,0860-6102,10.60018/acasva.sdxh8192,2024-04
7019,0860-6102,10.60018/acasva.njyu2866,2024-04
7023,2310-5380,10.62940/als.v12i1.2475,2025-02
7023,2310-5380,10.62940/als.v9i1.1246,2025-08
7023,2310-5380,10.62940/als.v10i4.1849,2025-08
7023,2310-5380,10.62940/als.v7i4.988,2025-04
7023,2310-5380,10.62940/als.v12i2.2166,2025-09
7023,2310-5380,10.62940/als.v10i1.1597,2025-08
7023,2310-5380,10.62940/als.v9i4.1510,2025-08
7023,2310-5380,10.62940/als.v12i1.3334,2025-02
7023,2310-5380,10.62940/als.v10i4.2100,2025-08
7023,2310-5380,10.62940/als.v11i1.2533,2025-08
7023,2310-5380,10.62940/als.v13i0.4219,2026-07
7023,2310-5380,10.62940/als.v11i1.2628,2026-07
7023,2310-5380,10.62940/als.v11i3.1873,2024-08
7023,2310-5380,10.62940/als.v13i0.4271,2026-07
7023,2310-5380,10.62940/als.v11i4.3352,2024-11
7023,2310-5380,10.62940/als.v10i1.1513,2025-08
7023,2310-5380,10.62940/als.v10i2.1456,2025-08
7023,2310-5380,10.62940/als.v8i2.1020,2025-08
7023,2310-5380,10.62940/als.v10i4.2615,2025-08
7023,2310-5380,10.62940/als.v11i1.2385,2025-08
7382,2501-3599,10.47535/1991ojbe224,2026-04
7382,2501-3599,10.47535/1991ojbe223,2026-04
7382,2501-3599,10.47535/1991ojbe227,2026-05
7382,2501-3599,10.47535/1991ojbe228,2026-05
7382,2501-3599,10.47535/1991ojbe229,2026-05
7382,2501-3599,10.47535/1991ojbe222,2026-04
7382,2501-3599,10.47535/1991ojbe226,2026-05
7382,2501-3599,10.47535/1991ojbe230,2026-05
7382,2501-3599,10.47535/1991ojbe225,2026-05
7447,1562-4765,10.61186/goums.26.3.75,2025-01
7447,1562-4765,10.61186/goums.26.3.1,2025-01
7447,1562-4765,10.61186/goums.26.3.45,2025-01
7447,1562-4765,10.61186/goums.26.3.18,2025-01
7447,1562-4765,10.61186/goums.26.3.28,2025-01
7447,1562-4765,10.61186/goums.26.3.60,2025-01
7447,1562-4765,10.61186/goums.26.3.53,2025-01
7447,1562-4765,10.61186/goums.26.3.8,2025-01
7447,1562-4765,10.61186/goums.26.3.36,2025-01
7447,1562-4765,10.61186/goums.26.3.69,2025-01
7550,2659-3270,10.3232/ubr.2017.v14.n4.02,2025-06
7550,2659-3270,10.3232/ubr.2017.v14.n1.04,2025-06
7550,2659-3270,10.3232/ubr.2017.v14.n1.02,2025-06
7550,2659-3270,10.3232/ubr.2016.v13.n4.05,2025-06
7550,2659-3270,10.3232/ubr.2016.v13.n2.02,2025-06
7550,2659-3270,10.57087/ucjcbsr.2026.23.88.4976,2026-04
7550,2659-3270,10.3232/ubr.2021.v18.n3.01,2025-06
7550,2659-3270,10.3232/ubr.2021.v18.n1.02,2025-06
7550,2659-3270,10.57087/ucjcbsr.2025.22.87.4972,2025-12
7550,2659-3270,10.3232/ubr.2016.v13.n4.04,2025-06
7550,2659-3270,10.3232/ubr.2022.v19.n4.02,2025-06
7550,2659-3270,10.3232/ubr.2020.v17.n4.04,2025-06
7550,2659-3270,10.3232/ubr.2024.v21.n1.11,2025-06
7550,2659-3270,10.57087/ubr.2025.v22.n2.03,2025-08
7550,2659-3270,10.3232/ubr.2016.v13.n4.02,2025-06
7550,2659-3270,10.3232/ubr.2022.v19.n1.04,2025-06
7550,2659-3270,10.3232/ubr.2024.v21.n1.16,2025-06
7550,2659-3270,10.3232/ubr.2024.v21.n4.02,2025-06
7550,2659-3270,10.3232/ubr.2018.v15.n1.03,2025-06
7550,2659-3270,10.3232/ubr.2024.v21.n1.09,2025-06
7564,2709-9997,10.51168/sjhrafrica.v6i12.2338,2026-03
7564,2709-9997,10.51168/sjhrafrica.v4i6.497,2023-06
7564,2709-9997,10.51168/sjhrafrica.v5i6.1245,2024-07
7564,2709-9997,10.51168/sjhrafrica.v5i6.1223,2026-07
7564,2709-9997,10.51168/sjhrafrica.v6i3.1616,2025-03
7564,2709-9997,10.51168/sjhrafrica.v7i3.2284,2026-03
7564,2709-9997,10.51168/sjhrafrica.v7i2.2681,2026-07
7564,2709-9997,10.51168/sjhrafrica.v4i9.725,2023-10
7564,2709-9997,10.51168/sjhrafrica.v5i9.1305,2024-08
7564,2709-9997,10.51168/sjhrafrica.v5i3.613,2024-02
7564,2709-9997,10.51168/sjhrafrica.v6i9.2149,2025-10
7564,2709-9997,10.51168/sjhrafrica.v6i9.2140,2025-10
7564,2709-9997,10.51168/sjhrafrica.v4i12.760,2023-11
7564,2709-9997,10.51168/sjhrafrica.v6i12.2238,2025-12
7564,2709-9997,10.51168/sjhrafrica.v4i6.501,2023-06
7564,2709-9997,10.51168/sjhrafrica.v6i12.1976,2026-01
7564,2709-9997,10.51168/sjhrafrica.v5i9.1345,2024-09
7564,2709-9997,10.51168/sjhrafrica.v5i9.1362,2024-10
7564,2709-9997,10.51168/sjhrafrica.v5i3.1007,2024-02
7564,2709-9997,10.51168/sjhrafrica.v7i3.2184,2026-03
7630,2178-6259,10.54899/rnp.v16n1-2478,2025-02
7630,2178-6259,10.54899/rnp.v16n1-2473,2025-02
7630,2178-6259,10.54899/nemp.v15i1.1468,2024-09
7630,2178-6259,10.54899/rnp.v16n1-2480,2025-02
7707,2309-6535,10.67260/hsd.v27i9.7862,2026-09
7707,2309-6535,10.67260/hsd.v27i8.7827,2026-09
7707,2309-6535,10.67260/hsd.v27i8.7844,2026-09
7707,2309-6535,10.67260/hsd.v27i9.7881,2026-09
7707,2309-6535,10.67260/hsd.v27i9.7858,2026-09
7707,2309-6535,10.67260/hsd.v27i8.7830,2026-09
7707,2309-6535,10.67260/hsd.v27i8.7836,2026-09
7707,2309-6535,10.67260/hsd.v27i9.7860,2026-09
7707,2309-6535,10.67260/hsd.v27i9.7859,2026-09
7707,2309-6535,10.67260/hsd.v27i9.7876,2026-09
7707,2309-6535,10.67260/hsd.v27i8.7828,2026-09
7707,2309-6535,10.67260/hsd.v27i9.7854,2026-09
7707,2309-6535,10.67260/hsd.v27i9.7856,2026-09
7707,2309-6535,10.67260/hsd.v27i8.7837,2026-09
7707,2309-6535,10.67260/hsd.v27i8.7839,2026-09
7707,2309-6535,10.67260/hsd.v27i8.7842,2026-09
7707,2309-6535,10.67260/hsd.v27i9.7874,2026-09
7707,2309-6535,10.67260/hsd.v27i9.7871,2026-09
7707,2309-6535,10.67260/hsd.v27i9.7865,2026-09
7707,2309-6535,10.67260/hsd.v27i9.7868,2026-09
7774,2334-3745,10.19165/2024.2550,2024-12
7774,2334-3745,10.19165/cobl7444,2025-12
7774,2334-3745,10.19165/xbom1483,2026-08
7774,2334-3745,10.19165/2024.1757,2024-12
7774,2334-3745,10.19165/2024.4965,2024-12
7774,2334-3745,10.19165/2024.4634,2024-12
7774,2334-3745,10.19165/kzuj7120,2025-12
7774,2334-3745,10.19165/2025.1559,2025-03
7774,2334-3745,10.19165/2024.7550,2024-12
7774,2334-3745,10.19165/2025.6984,2025-03
7774,2334-3745,10.19165/2026.7911,2026-08
7774,2334-3745,10.19165/wvrg4107,2026-08
7774,2334-3745,10.19165/2024.9365,2024-12
7774,2334-3745,10.19165/vwzy7274,2026-08
7774,2334-3745,10.19165/cbdl5433,2026-08
7774,2334-3745,10.19165/2024.1801,2024-12
7774,2334-3745,10.19165/ndzg7382,2026-08
7774,2334-3745,10.19165/2026.2983,2026-08
7774,2334-3745,10.19165/ntzz3710,2025-12
7774,2334-3745,10.19165/2026.5698,2026-08
7825,1669-726X,10.63207/tefros.v24n2.a10,2026-08
7825,1669-726X,10.63207/tefros.v24n2.a11,2026-08
7825,1669-726X,10.63207/tefros.v24n1.a6,2026-01
7825,1669-726X,10.63207/tefros.v24n1.a1,2026-01
7825,1669-726X,10.63207/tefros.v24n1.a7,2026-01
7825,1669-726X,10.63207/tefros.v24n2.a1,2026-08
7825,1669-726X,10.63207/tefros.v24n1.a5,2026-01
7825,1669-726X,10.63207/tefros.v24n2.a5,2026-08
7825,1669-726X,10.63207/tefros.v24n2.a9,2026-08
7825,1669-726X,10.63207/tefros.v23n2.a1,2025-07
7825,1669-726X,10.63207/tefros.v23n2.a8,2025-07
7825,1669-726X,10.63207/tefros.v24n2.a4,2026-08
7825,1669-726X,10.63207/tefros.v24n2.a2,2026-08
7825,1669-726X,10.63207/tefros.v23n2.a5,2025-07
7825,1669-726X,10.63207/tefros.v24n1.a8,2026-01
7825,1669-726X,10.63207/tefros.v23n2.a4,2025-07
7825,1669-726X,10.63207/tefros.v23n2.a6,2025-07
7825,1669-726X,10.63207/tefros.v23n2.a3,2025-07
7825,1669-726X,10.63207/tefros.v24n1.a2,2026-01
7825,1669-726X,10.63207/tefros.v24n2.a8,2026-08
7842,1875-1504,10.59490/footprint.19.2.7810,2025-12
7842,1875-1504,10.59490/footprint.17.2.6702,2024-04
7842,1875-1504,10.59490/footprint.19.2.7807,2025-12
7842,1875-1504,10.59490/footprint.19.1.7493,2025-06
7842,1875-1504,10.59490/footprint.18.2.7186,2025-02
7842,1875-1504,10.59490/footprint.18.2.7075,2025-02
7842,1875-1504,10.59490/footprint.18.1.7681,2024-09
7842,1875-1504,10.59490/footprint.17.2.7086,2024-04
7842,1875-1504,10.59490/footprint.18.1.6947,2024-09
7842,1875-1504,10.59490/footprint.17.2.7401,2024-04
7842,1875-1504,10.59490/footprint.19.1.7863,2025-06
7842,1875-1504,10.59490/footprint.17.2.6749,2024-04
7842,1875-1504,10.59490/footprint.19.1.7866,2025-06
7842,1875-1504,10.59490/footprint.17.2.7089,2024-04
7842,1875-1504,10.59490/footprint.19.2.7809,2025-12
7842,1875-1504,10.59490/footprint.18.2.7396,2025-02
7842,1875-1504,10.59490/footprint.17.2.6750,2024-04
7842,1875-1504,10.59490/footprint.18.1.7738,2024-09
7842,1875-1504,10.59490/footprint.18.2.7744,2025-02
7842,1875-1504,10.59490/footprint.17.2.6703,2024-04
7878,2618-2726,10.64713/0gmz1a10,2026-07
7878,2618-2726,10.64713/rqc9p107,2026-04
7878,2618-2726,10.64713/71d65245,2026-07
7878,2618-2726,10.64713/56rxcx35,2026-04
7878,2618-2726,10.64713/km38w395,2026-04
7878,2618-2726,10.64713/360tgp14,2026-07
7878,2618-2726,10.64713/b24egk72,2026-07
7878,2618-2726,10.64713/ckywbp58,2026-07
7878,2618-2726,10.64713/qnptc144,2026-07
7878,2618-2726,10.64713/3nhnz292,2026-04
7878,2618-2726,10.64713/7cwsfp51,2026-07
7878,2618-2726,10.64713/bsa18779,2026-04
7878,2618-2726,10.64713/1v2g9r78,2026-04
7878,2618-2726,10.64713/yj5wdm06,2026-04
7878,2618-2726,10.64713/pr7bs068,2026-04
7878,2618-2726,10.64713/7qazjx25,2026-07
7878,2618-2726,10.64713/ed6z4b71,2026-07
7878,2618-2726,10.64713/kxzxpz87,2026-07
7878,2618-2726,10.64713/sn0c8z72,2026-07
7878,2618-2726,10.64713/fwe8ky43,2026-07
7916,1988-5105,10.1344/observar.2013.7.2,2025-03
7916,1988-5105,10.1344/observar.2013.7.3,2025-03
7916,1988-5105,10.1344/observar.2018.12.7,2025-03
7916,1988-5105,10.1344/observar.2018.12.3,2025-03
7916,1988-5105,10.1344/observar.2020.14.1,2025-03
7916,1988-5105,10.1344/observar.2010.4.4,2025-03
7916,1988-5105,10.1344/observar.2021.15.58.,2025-03
7916,1988-5105,10.1344/observar.2016.10.1.4,2025-03
7916,1988-5105,10.1344/observar.2008.2.2,2025-03
7916,1988-5105,10.1344/observar.2025.19.2,2025-12
7916,1988-5105,10.1344/observar.2018.12.1,2025-03
7916,1988-5105,10.1344/observar.2020.14.3,2025-03
7916,1988-5105,10.1344/observar.2012.6.6,2025-03
7916,1988-5105,10.1344/observar.2017.11.1.2,2025-03
7916,1988-5105,10.1344/observar.2018.12.2,2025-03
7916,1988-5105,10.1344/observar.2010.4.2,2025-03
7916,1988-5105,10.1344/observar.2007.1.2,2025-03
7916,1988-5105,10.1344/observar.2014.8.5,2025-03
7916,1988-5105,10.1344/observar.2010.4.8,2025-03
7916,1988-5105,10.1344/observar.2022.16.5,2025-03
7936,1567-7141,10.18757/ejtir.2006.6.3.3446,2023-11
7936,1567-7141,10.18757/ejtir.2008.8.1.3324,2023-11
7936,1567-7141,10.18757/ejtir.2015.15.1.3051,2023-11
7936,1567-7141,10.18757/ejtir.2012.12.3.2964,2023-12
7936,1567-7141,10.18757/ejtir.2022.22.2.6114,2023-10
7936,1567-7141,10.18757/ejtir.2019.19.3.4382,2023-11
7936,1567-7141,10.18757/ejtir.2019.19.1.4082,2023-10
7936,1567-7141,10.18757/ejtir.2020.20.4.4084,2023-10
7936,1567-7141,10.18757/ejtir.2008.8.4.3359,2023-11
7936,1567-7141,10.18757/ejtir.2003.3.1.4235,2023-11
7936,1567-7141,10.18757/ejtir.2006.6.4.3457,2023-11
7936,1567-7141,10.18757/ejtir.2014.14.2.3023,2023-11
7936,1567-7141,10.18757/ejtir.2009.9.3.3309,2023-11
7936,1567-7141,10.18757/ejtir.2005.5.1.4329,2023-11
7936,1567-7141,10.18757/ejtir.2015.15.3.3076,2023-11
7936,1567-7141,10.18757/ejtir.2022.22.1.5657,2023-10
7936,1567-7141,10.59490/ejtir.2026.26.3.8350,2026-09
7936,1567-7141,10.18757/ejtir.2001.1.2.3497,2023-11
7936,1567-7141,10.18757/ejtir.2023.23.2.6786,2023-10
7936,1567-7141,10.18757/ejtir.2018.18.3.3244,2023-10
7979,3034-2813,10.22394/2686-7834-2024-2-8-13,2024-07
7979,3034-2813,10.22394/3034-2813-2024-3-23-35,2024-10
7979,3034-2813,10.22394/2686-7834-2024-2-83-90,2024-07
7979,3034-2813,10.22394/2686-7834-2024-2-4-7,2024-07
7979,3034-2813,10.22394/3034-2813-2024-3-36-45,2024-10
7979,3034-2813,10.22394/3034-2813-2024-4-128-139,2025-01
7979,3034-2813,10.22394/2686-7834-2024-2-14-23,2024-07
7979,3034-2813,10.22394/3034-2813-2024-3-46-53,2024-10
7979,3034-2813,10.22394/2686-7834-2024-2-73-82,2024-07
7979,3034-2813,10.22394/3034-2813-2024-4-68-77,2025-01
7979,3034-2813,10.22394/2686-7834-2024-2-103-111,2024-07
7979,3034-2813,10.22394/3034-2813-2024-3-107-121,2024-10
7979,3034-2813,10.22394/2686-7834-2024-2-55-61,2024-07
7979,3034-2813,10.22394/2686-7834-2024-2-48-54,2024-07
7979,3034-2813,10.22394/3034-2813-2024-4-8-17,2025-01
7979,3034-2813,10.22394/3034-2813-2024-4-113-127,2025-01
7979,3034-2813,10.22394/2686-7834-2024-2-62-72,2024-07
7979,3034-2813,10.22394/3034-2813-2024-4-88-101,2025-01
7979,3034-2813,10.22394/3034-2813-2024-3-87-95,2024-10
7979,3034-2813,10.22394/3034-2813-2024-3-122-132,2024-10
7997,1938-4122,10.63744/sm8dnje5gx35,2026-03
7997,1938-4122,10.63744/gwyd9apndyxk,2026-03
7997,1938-4122,10.63744/9kpmdq3qsw3u,2026-03
7997,1938-4122,10.63744/pke4hkxv9m97,2026-03
7997,1938-4122,10.63744/tw6nn5g6rs96,2026-03
7997,1938-4122,10.63744/bchwmxycwt32,2026-03
7997,1938-4122,10.63744/jd2wejrmytf2,2026-03
7997,1938-4122,10.63744/hqtgna8nbfy6,2026-03
7997,1938-4122,10.63744/vbh82xhfv4q6,2026-03
7997,1938-4122,10.63744/rvm9vfw5gmpp,2026-03
7997,1938-4122,10.63744/cbvwfgf7rsq6,2026-03
7997,1938-4122,10.63744/au7d34qenef5,2026-03
7997,1938-4122,10.63744/mcdt3b3nknku,2026-03
7997,1938-4122,10.63744/g7c3rkvm5bzr,2026-03
7997,1938-4122,10.63744/bqj46ha678zu,2026-03
7997,1938-4122,10.63744/xzbm6h4zkfb5,2026-03
7997,1938-4122,10.63744/px6e7btus63x,2026-03
7997,1938-4122,10.63744/jzxkpjrb54kk,2026-03
7997,1938-4122,10.63744/dzh95sy4n6s7,2026-03
7997,1938-4122,10.63744/scm43z65uf3d,2026-03
8019,2352-4146,10.4103/1995-7645.383912,2023-09
8019,2352-4146,10.4103/apjtm.apjtm_221_24,2024-12
8019,2352-4146,10.4103/apjtm.apjtm_113_25,2025-03
8019,2352-4146,10.4103/apjtm.apjtm_567_23,2024-02
8019,2352-4146,10.4103/apjtm.apjtm_511_24,2025-03
8019,2352-4146,10.4103/apjtm.apjtm_184_25,2025-10
8019,2352-4146,10.4103/apjtm.apjtm_119_25,2025-03
8019,2352-4146,10.4103/apjtm.apjtm_187_26,2026-07
8019,2352-4146,10.4103/apjtm.apjtm_33_25,2025-09
8019,2352-4146,10.4103/apjtm.apjtm_198_24,2025-05
8019,2352-4146,10.4103/apjtm.apjtm_142_26,2026-05
8019,2352-4146,10.4103/apjtm.apjtm_946_23,2024-11
8019,2352-4146,10.4103/apjtm.apjtm_614_23,2024-01
8019,2352-4146,10.4103/apjtm.apjtm_453_24,2025-02
8019,2352-4146,10.4103/apjtm.apjtm_194_25,2026-01
8019,2352-4146,10.4103/1995-7645.386257,2023-09
8019,2352-4146,10.4103/apjtm.apjtm_14_24,2024-11
8019,2352-4146,10.4103/1995-7645.364007,2023-01
8019,2352-4146,10.4103/apjtm.apjtm_636_25,2025-12
8019,2352-4146,10.4103/apjtm.apjtm_182_24,2024-05
8122,2027-5528,10.18273/cyp.v14n1-202302,2023-08
8122,2027-5528,10.18273/cyp.v14n1-202310,2023-08
8122,2027-5528,10.18273/cyp.v14n1-202304,2023-08
8122,2027-5528,10.18273/cyp.v17n1-202609,2026-09
8122,2027-5528,10.18273/cyp.v15n2-202403,2024-12
8122,2027-5528,10.18273/cyp.v14n1-202308,2023-08
8122,2027-5528,10.18273/cyp.v16n2-202501,2025-10
8122,2027-5528,10.18273/cyp.v15n1-202407,2024-05
8122,2027-5528,10.18273/cyp.v15n2-202409,2024-12
8122,2027-5528,10.18273/cyp.v14n1-202305,2023-08
8122,2027-5528,10.18273/cyp.v16n1-202501,2025-09
8122,2027-5528,10.18273/cyp.v17n1-202601,2026-09
8122,2027-5528,10.18273/cyp.v17n1-202603,2026-09
8122,2027-5528,10.18273/cyp.v15n1-202401,2024-05
8122,2027-5528,10.18273/cyp.v14n2-202306,2023-11
8122,2027-5528,10.18273/cyp.v15n2-202404,2024-12
8122,2027-5528,10.18273/cyp.v16n2-202511,2025-10
8122,2027-5528,10.18273/cyp.v15n2-202411,2024-12
8122,2027-5528,10.18273/cyp.v16n2-202507,2025-10
8122,2027-5528,10.18273/cyp.v17n1-202605,2026-09
8134,2542-3142,10.37883/gid.10.2.2025.02,2025-12
8134,2542-3142,10.37883/gid.11.2.2026.06,2026-07
8134,2542-3142,10.37883/gid.11.2.2026.01,2026-07
8134,2542-3142,10.37883/gid.10.2.2025.03,2025-12
8134,2542-3142,10.37883/gid.10.2.2025.06,2025-12
8134,2542-3142,10.37883/gid.10.2.2025.01,2025-12
8134,2542-3142,10.37883/gid.11.1.2026.02,2026-01
8134,2542-3142,10.37883/gid.11.1.2026.05,2026-01
8134,2542-3142,10.37883/gid.11.1.2026.04,2026-01
8134,2542-3142,10.37883/gid.11.2.2026.02,2026-07
8134,2542-3142,10.37883/gid.11.2.2026.04,2026-07
8134,2542-3142,10.37883/gid.11.2.2026.05,2026-07
8134,2542-3142,10.37883/gid.10.2.2025.04,2025-12
8134,2542-3142,10.37883/gid.11.2.2026.03,2026-07
8134,2542-3142,10.37883/gid.10.2.2025.05,2025-12
8146,1853-4503,10.70629/1853.4503.v.n5.34003,2025-12
8146,1853-4503,10.70629/1853.4503.v.n5.33959,2025-12
8146,1853-4503,10.70629/1853.4503.v.n4.34039,2025-12
8146,1853-4503,10.70629/1853.4503.v.n9.33623,2025-12
8146,1853-4503,10.70629/1853.4503.v1.n16.49380,2025-07
8146,1853-4503,10.70629/1853.4503.v.n4.34019,2025-12
8146,1853-4503,10.70629/1853.4503.v.n5.33897,2025-12
8146,1853-4503,10.70629/1853.4503.v.n7.33658,2025-12
8146,1853-4503,10.70629/1853.4503.v.n7.33651,2025-12
8146,1853-4503,10.70629/1853.4503.v.n4.34024,2025-12
8146,1853-4503,10.70629/1853.4503.v.n5.33955,2025-12
8146,1853-4503,10.70629/1853.4503.v.n.46687,2024-11
8146,1853-4503,10.70629/1853.4503.v.n10.33075,2025-12
8146,1853-4503,10.70629/1853.4503.v.n8.33588,2025-12
8146,1853-4503,10.70629/1853.4503.v.n8.33598,2025-12
8146,1853-4503,10.70629/1853.4503.v.n.47399,2024-12
8146,1853-4503,10.70629/1853.4503.v.n.47398,2024-12
8146,1853-4503,10.70629/1853.4503.v1.n13.37889,2024-10
8146,1853-4503,10.70629/1853.4503.v.n9.33625,2025-12
8146,1853-4503,10.70629/1853.4503.v.n3.34066,2025-12
8158,2689-842X,10.17132/2689-842x.1000,2026-08
8158,2689-842X,10.17132/2689-842x.1009,2026-08
8158,2689-842X,10.17132/2689-842x.1008,2026-08
8158,2689-842X,10.17132/2689-842x.1006,2026-08
8158,2689-842X,10.17132/2689-842x.1004,2026-08
8158,2689-842X,10.17132/2689-842x.1001,2026-08
8158,2689-842X,10.17132/2689-842x.1010,2026-08
8158,2689-842X,10.17132/2689-842x.1005,2026-08
8158,2689-842X,10.17132/2689-842x.1002,2026-08
8158,2689-842X,10.17132/2689-842x.1007,2026-08
8158,2689-842X,10.17132/2689-842x.1011,2026-08
8158,2689-842X,10.17132/2689-842x.1003,2026-08
8168,1809-8274,10.69640/raf.v19i38.7842,2025-07
8168,1809-8274,10.69640/raf.v20i40.8389,2026-08
8168,1809-8274,10.69640/raf.v19i34.6548,2024-06
8168,1809-8274,10.69640/raf.v20i40.8716,2026-08
8168,1809-8274,10.69640/raf.v19i35.6954,2024-06
8168,1809-8274,10.69640/raf.v19i34.6916,2024-06
8168,1809-8274,10.69640/raf.v19i36.5275,2024-12
8168,1809-8274,10.69640/raf.v19i36.7745,2024-12
8168,1809-8274,10.69640/raf.v19i36.7744,2024-12
8168,1809-8274,10.69640/raf.v19i35.7412,2024-06
8168,1809-8274,10.69640/raf.v20i39.8469,2026-02
8168,1809-8274,10.69640/raf.v19i36.8202,2026-02
8168,1809-8274,10.69640/raf.v19i37.7473,2025-02
8168,1809-8274,10.69640/raf.v19i37.7354,2025-02
8168,1809-8274,10.69640/raf.v19i34.6777,2024-05
8168,1809-8274,10.69640/raf.v20i40.8386,2026-08
8168,1809-8274,10.69640/raf.v19i38.7850,2025-07
8168,1809-8274,10.69640/raf.v19i34.4704,2024-06
8168,1809-8274,10.69640/raf.v19i37.7847,2025-02
8168,1809-8274,10.69640/raf.v19i35.7147,2024-06
8242,1224-239X,10.29081/cp.2024.29.15,2024-11
8242,1224-239X,10.29081/cp.2025.30.12,2025-11
8242,1224-239X,10.29081/cp.2025.30.14,2025-11
8242,1224-239X,10.29081/cp.2024.29.04,2024-11
8242,1224-239X,10.29081/cp.2025.30.02,2025-11
8242,1224-239X,10.29081/cp.2025.30.01,2025-11
8242,1224-239X,10.29081/cp.2024.29.12,2024-11
8242,1224-239X,10.29081/cp.2023.28.07,2024-11
8242,1224-239X,10.29081/cp.2025.30.13,2025-11
8242,1224-239X,10.29081/cp.2024.29.06,2024-11
8242,1224-239X,10.29081/cp.2023.28.06,2024-11
8242,1224-239X,10.29081/cp.2024.29.14,2024-11
8242,1224-239X,10.29081/cp.2024.29.01,2024-11
8242,1224-239X,10.29081/cp.2024.29.10,2024-11
8242,1224-239X,10.29081/cp.2024.29.13,2024-11
8242,1224-239X,10.29081/cp.2023.28.05,2024-11
8242,1224-239X,10.29081/cp.2025.30.09,2025-11
8242,1224-239X,10.29081/cp.2024.29.16,2024-11
8242,1224-239X,10.29081/cp.2023.28.12,2024-11
8242,1224-239X,10.29081/cp.2023.28.03,2024-11
8266,2341-9687,10.22501/ruu.889932,2021-03
8266,2341-9687,10.22501/ruu.453013,2019-05
8266,2341-9687,10.22501/ruu.573767,2019-12
8266,2341-9687,10.22501/ruu.693683,2020-06
8266,2341-9687,10.22501/ruu.2182963,2024-10
8266,2341-9687,10.22501/ruu.792130,2021-05
8266,2341-9687,10.22501/ruu.592571,2019-05
8266,2341-9687,10.22501/ruu.240675,2017-08
8266,2341-9687,10.22501/ruu.1406576,2022-10
8266,2341-9687,10.22501/ruu.2909261,2026-04
8266,2341-9687,10.22501/ruu.62917,2017-08
8266,2341-9687,10.22501/ruu.453323,2019-06
8266,2341-9687,10.22501/ruu.427704,2018-09
8266,2341-9687,10.22501/ruu.3070015,2025-12
8266,2341-9687,10.22501/ruu.142373,2017-08
8266,2341-9687,10.22501/ruu.229280,2018-09
8266,2341-9687,10.22501/ruu.904300,2021-03
8266,2341-9687,10.22501/ruu.62963,2017-08
8266,2341-9687,10.22501/ruu.3055779,2026-04
8266,2341-9687,10.22501/ruu.2245462,2024-10
8344,2309-8619,10.64534/comm.2025.011,2025-08
8344,2309-8619,10.64534/comm.2025.006,2025-08
8344,2309-8619,10.64534/comm.2025.008,2025-08
8344,2309-8619,10.64534/commer.2025.023,2025-08
8344,2309-8619,10.64534/commer.2024.030,2025-08
8344,2309-8619,10.64534/comm.2025.014,2025-08
8344,2309-8619,10.64534/commer.2022.104,2025-09
8344,2309-8619,10.64534/commer.2025.512,2025-10
8344,2309-8619,10.64534/commer.2022.110,2025-09
8344,2309-8619,10.64534/comm.2025.010,2025-08
8344,2309-8619,10.64534/commer.2024.050,2025-08
8344,2309-8619,10.64534/commer.2024.038,2025-08
8344,2309-8619,10.64534/commer.2022.095,2025-09
8344,2309-8619,10.64534/commer.2026.679,2026-07
8344,2309-8619,10.64534/commer.2023.070,2025-09
8344,2309-8619,10.64534/commer.2022.103,2025-09
8344,2309-8619,10.64534/commer.2025.026,2025-08
8344,2309-8619,10.64534/commer.2023.086,2025-09
8344,2309-8619,10.64534/commer.2023.064,2025-08
8344,2309-8619,10.64534/commer.2024.036,2025-08
8351,2383-9201,10.56801/rebicte.v8i.141,2023-05
8351,2383-9201,10.64799/rebicte.v10.8,2026-02
8351,2383-9201,10.56801/rebicte.v7i.129,2023-05
8351,2383-9201,10.64799/rebicte.v12.5,2026-03
8351,2383-9201,10.56801/rebicte.v9i.155,2023-10
8351,2383-9201,10.56801/rebicte.v6i.90,2023-05
8351,2383-9201,10.64799/rebicte.v10.3,2026-02
8351,2383-9201,10.56801/rebicte.v6i.93,2023-05
8351,2383-9201,10.56801/rebicte.v2i.30,2023-10
8351,2383-9201,10.56801/rebicte.v2i.35,2023-10
8351,2383-9201,10.56801/rebicte.v6i.111,2023-05
8351,2383-9201,10.64799/rebicte.v10.5,2026-02
8351,2383-9201,10.56801/rebicte.v3i.44,2023-05
8351,2383-9201,10.64799/rebicte.v11.11,2026-02
8351,2383-9201,10.56801/rebicte.v1i.22,2023-10
8351,2383-9201,10.56801/rebicte.v1i.9,2023-10
8351,2383-9201,10.56801/rebicte.v8i.138,2023-05
8351,2383-9201,10.64799/rebicte.v9.3,2026-02
8351,2383-9201,10.56801/rebicte.v3i.45,2023-05
8351,2383-9201,10.56801/rebicte.v4i.64,2023-05
8357,1807-734X,10.15728/bbr.2021.1177.pt,2023-06
8357,1807-734X,10.15728/bbr.2021.1148.pt,2023-07
8357,1807-734X,10.15728/bbr.2021.1165.pt,2023-08
8357,1807-734X,10.15728/bbr.2021.1182.pt,2024-01
8357,1807-734X,10.15728/bbr.2021.1155.pt,2023-08
8357,1807-734X,10.15728/bbr.2021.1158.pt,2023-07
8360,2447-6447,10.62246/histemat.2447-6447.2024.10.649,2024-10
8360,2447-6447,10.62246/histemat.2447-6447.2026.12.779,2026-07
8360,2447-6447,10.62246/histemat.2447-6447.2025.11.739,2025-06
8360,2447-6447,10.62246/histemat.2447-6447.2025.11.761,2025-09
8360,2447-6447,10.62246/histemat.2447-6447.2024.10.664,2024-11
8360,2447-6447,10.62246/histemat.2447-6447.2026.12.795,2026-07
8360,2447-6447,10.62246/histemat.2447-6447.2026.12.792,2026-07
8360,2447-6447,10.62246/histemat.2447-6447.2026.12.821,2026-09
8360,2447-6447,10.62246/histemat.2447-6447.2024.10.672,2024-12
8360,2447-6447,10.62246/histemat.2447-6447.2025.11.759,2025-09
8360,2447-6447,10.62246/histemat.2447-6447.2024.10.642,2024-11
8360,2447-6447,10.62246/histemat.2447-6447.2026.12.824,2026-07
8360,2447-6447,10.62246/histemat.2447-6447.2025.11.733,2025-12
8360,2447-6447,10.62246/histemat.2447-6447.2026.12.783,2026-07
8360,2447-6447,10.62246/histemat.2447-6447.2024.10.648,2024-10
8360,2447-6447,10.62246/histemat.2447-6447.2026.12.786,2026-06
8360,2447-6447,10.62246/histemat.2447-6447.2026.12.781,2026-07
8360,2447-6447,10.62246/histemat.2447-6447.2024.10.669,2024-12
8360,2447-6447,10.62246/histemat.2447-6447.2025.11.749,2025-09
8360,2447-6447,10.62246/histemat.2447-6447.2025.11.755,2025-12
8363,1854-2042,10.4312/sm.18.2.118-122,2024-07
8363,1854-2042,10.4312/sm.18.2.57-89,2024-07
8363,1854-2042,10.4312/sm.18.2.107-117,2024-07
8363,1854-2042,10.4312/sm.20.1.100-116,2025-12
8363,1854-2042,10.4312/sm.18.1.114-139,2024-07
8363,1854-2042,10.4312/sm.20.2.1-4,2025-12
8363,1854-2042,10.4312/sm.20.2.63-66,2025-12
8363,1854-2042,10.4312/sm.20.2.23-41,2025-12
8363,1854-2042,10.4312/sm.19.1.49-62,2024-12
8363,1854-2042,10.4312/sm.20.1.1-11,2025-12
8363,1854-2042,10.4312/sm.20.1.144-148,2025-12
8363,1854-2042,10.4312/sm.20.2.42-58,2025-12
8363,1854-2042,10.4312/sm.18.2.1-3,2024-07
8363,1854-2042,10.4312/sm.19.2.19-55,2024-12
8363,1854-2042,10.4312/sm.19.1.1-3,2024-12
8363,1854-2042,10.4312/sm.20.1.72-99,2025-12
8363,1854-2042,10.4312/sm.18.2.46-56,2024-07
8363,1854-2042,10.4312/sm.20.1.26-45,2025-12
8363,1854-2042,10.4312/sm.18.1.81-92,2024-07
8363,1854-2042,10.4312/sm.18.1.48-80,2024-07
8364,2090-5998,10.1016/j.aju.2011.03.015,2011-05
8364,2090-5998,10.1016/j.aju.2018.10.013,2018-10
8364,2090-5998,10.1016/j.aju.2018.10.088,2018-10
8364,2090-5998,10.1016/j.aju.2015.07.003,2015-08
8364,2090-5998,10.1016/j.aju.2012.11.006,2013-01
8364,2090-5998,10.1080/2090598x.2019.1592636,2019-04
8364,2090-5998,10.1016/j.aju.2017.05.001,2017-06
8364,2090-5998,10.1080/20905998.2025.2557135,2025-09
8364,2090-5998,10.1016/j.aju.2013.11.006,2014-03
8364,2090-5998,10.1016/j.aju.2015.09.002,2015-10
8364,2090-5998,10.1016/j.aju.2013.04.002,2013-05
8364,2090-5998,10.1016/j.aju.2011.06.013,2011-09
8364,2090-5998,10.1080/20905998.2026.2648366,2026-03
8364,2090-5998,10.1016/j.aju.2017.11.003,2017-12
8364,2090-5998,10.1080/20905998.2024.2414134,2024-10
8364,2090-5998,10.1016/j.aju.2017.06.003,2017-07
8364,2090-5998,10.1016/j.aju.2016.05.003,2016-06
8364,2090-5998,10.1016/j.aju.2012.02.002,2012-03
8364,2090-5998,10.1080/2090598x.2020.1791563,2020-07
8364,2090-5998,10.1016/j.aju.2015.09.001,2015-10
8424,1670-8768,10.33112/isthjod.16.2.2,2025-12
8424,1670-8768,10.33112/isthjod.16.2.4,2025-12
8424,1670-8768,10.33112/isthjod.16.2.7,2025-12
8424,1670-8768,10.33112/isthjod.16.2.6,2025-12
8424,1670-8768,10.33112/isthjod.16.2.3,2025-12
8424,1670-8768,10.33112/isthjod.16.2.5,2025-12
8424,1670-8768,10.33112/isthjod.16.1.1,2025-11
8424,1670-8768,10.33112/isthjod.16.2.8,2026-03
8534,1857-4149,10.62413/lc.2023(2).06,2024-09
8534,1857-4149,10.62413/lc.2024(1).17,2026-04
8534,1857-4149,10.62413/lc.2024(1).13,2026-04
8534,1857-4149,10.62413/lc.2024(1).04,2024-09
8534,1857-4149,10.62413/lc.2023(1).04,2024-09
8534,1857-4149,10.62413/lc.2023(1).02,2024-09
8534,1857-4149,10.62413/lc.2024(1).06,2024-09
8534,1857-4149,10.62413/lc.2024(1).02,2024-09
8534,1857-4149,10.62413/lc.2024(1).16,2026-04
8534,1857-4149,10.62413/lc.2024(1).08,2026-04
8534,1857-4149,10.62413/lc.2023(2).05,2024-09
8534,1857-4149,10.62413/lc.2023(2).03,2024-09
8534,1857-4149,10.62413/lc.2024(2).01,2026-04
8534,1857-4149,10.62413/lc.2024(1).10,2026-04
8534,1857-4149,10.62413/lc.2023(1).06,2024-09
8534,1857-4149,10.62413/lc.2024(1).05,2024-09
8534,1857-4149,10.62413/lc.2023(2).02,2024-09
8534,1857-4149,10.62413/lc.2024(1).07,2026-04
8534,1857-4149,10.62413/lc.2023(1).01,2024-09
8534,1857-4149,10.62413/lc.2024(1).18,2026-04
8548,2252-6293,10.15294/ucej.v11i2.47997,2026-08
8548,2252-6293,10.15294/ucej.v10i4.12206,2026-06
8548,2252-6293,10.15294/ucej.v9i4.2945,2025-09
8548,2252-6293,10.15294/ucej.v11i1.11246,2026-07
8548,2252-6293,10.15294/ucej.v9i4.3702,2026-07
8548,2252-6293,10.15294/ucej.v9i3.14987,2024-10
8548,2252-6293,10.15294/ucej.v9i4.732,2025-01
8548,2252-6293,10.15294/ucej.v10i3.27317,2025-11
8548,2252-6293,10.15294/ucej.v10i2.15510,2025-09
8548,2252-6293,10.15294/ucej.v9i3.14989,2026-07
8548,2252-6293,10.15294/ucej.v9i2.9995,2026-07
8548,2252-6293,10.15294/ucej.v11i1.29838,2026-07
8548,2252-6293,10.15294/ucej.v10i2.16908,2025-09
8548,2252-6293,10.15294/ucej.v10i4.6369,2026-06
8548,2252-6293,10.15294/ucej.v10i2.21380,2025-09
8548,2252-6293,10.15294/ucej.v11i1.23988,2026-07
8548,2252-6293,10.15294/ucej.v10i4.7016,2026-06
8548,2252-6293,10.15294/ucej.v9i3.14990,2026-07
8548,2252-6293,10.15294/ucej.v11i2.23407,2026-08
8548,2252-6293,10.15294/ucej.v9i3.14991,2024-10
8561,2527-3604,10.15294/sainteknol.v22i1.7215,2025-03
8561,2527-3604,10.15294/sainteknol.v23i1.19825,2025-03
8561,2527-3604,10.15294/sainteknol.v22i1.7752,2025-03
8561,2527-3604,10.15294/sainteknol.v23i1.20014,2025-03
8561,2527-3604,10.15294/sainteknol.v23i1.22649,2025-05
8561,2527-3604,10.15294/sainteknol.v23i1.25328,2025-06
8561,2527-3604,10.15294/sainteknol.v21i1.42675,2023-06
8561,2527-3604,10.15294/sainteknol.v22i2.14768,2025-03
8561,2527-3604,10.15294/sainteknol.v23i2.32896,2025-10
8561,2527-3604,10.15294/sainteknol.v23i1.24961,2025-06
8561,2527-3604,10.15294/sainteknol.v22i1.12507,2025-03
8561,2527-3604,10.15294/sainteknol.v21i1.43387,2023-06
8561,2527-3604,10.15294/sainteknol.v23i1.22239,2025-06
8561,2527-3604,10.15294/sainteknol.v22i1.5441,2025-03
8561,2527-3604,10.15294/sainteknol.v21i1.43485,2023-06
8561,2527-3604,10.15294/sainteknol.v24i2.63139,2026-09
8561,2527-3604,10.15294/sainteknol.v23i2.41030,2026-03
8561,2527-3604,10.15294/sainteknol.v22i2.20080,2025-03
8561,2527-3604,10.15294/sainteknol.v23i2.44731,2026-03
8561,2527-3604,10.15294/sainteknol.v23i2.23886,2025-08
8611,2284-5437,10.61215/sl.2025.15.1.06,2026-02
8611,2284-5437,10.61215/sl.2025.15.1.07,2026-02
8611,2284-5437,10.61215/sl.2025.15.1.05,2026-02
8611,2284-5437,10.61215/sl.2025.15.1.04,2026-02
8611,2284-5437,10.61215/sl.2025.15.1.15,2026-02
8611,2284-5437,10.61215/sl.2025.15.1.16,2026-02
8611,2284-5437,10.61215/sl.2025.15.1.03,2026-02
8611,2284-5437,10.61215/sl.2025.15.1.18,2026-02
8611,2284-5437,10.61215/sl.2025.15.1.10,2026-02
8611,2284-5437,10.61215/sl.2025.15.1.08,2026-02
8611,2284-5437,10.61215/sl.2025.15.1.09,2026-02
8611,2284-5437,10.61215/sl.2025.15.1.02,2026-02
8611,2284-5437,10.61215/sl.2025.15.1.01,2026-02
8611,2284-5437,10.61215/sl.2025.15.1.17,2026-02
8611,2284-5437,10.61215/sl.2025.15.1.19,2026-02
8611,2284-5437,10.61215/sl.2025.15.1.12,2026-02
8611,2284-5437,10.61215/sl.2025.15.1.14,2026-02
8611,2284-5437,10.61215/sl.2025.15.1.13,2026-02
8611,2284-5437,10.61215/sl.2025.15.1.11,2026-02
8611,2284-5437,10.61215/sl.2025.15.1.20,2026-02
8636,2066-9143,10.63578/terrasebus.2024.12,2025-04
8636,2066-9143,10.63578/terrasebus.2025.03,2026-06
8636,2066-9143,10.63578/terrasebus.2025.02,2026-06
8636,2066-9143,10.63578/terrasebus.2025.18,2026-06
8636,2066-9143,10.63578/terrasebus.2025.08,2026-06
8636,2066-9143,10.63578/terrasebus.2024.16,2025-04
8636,2066-9143,10.63578/terrasebus.2025.09,2026-06
8636,2066-9143,10.63578/terrasebus.2024.13,2025-04
8636,2066-9143,10.63578/terrasebus.2024.08,2025-04
8636,2066-9143,10.63578/terrasebus.2025.19,2026-06
8636,2066-9143,10.63578/terrasebus.2024.01,2025-04
8636,2066-9143,10.63578/terrasebus.2024.15,2025-04
8636,2066-9143,10.63578/terrasebus.2024.19,2025-04
8636,2066-9143,10.63578/terrasebus.2025.13,2026-06
8636,2066-9143,10.63578/terrasebus.2024.09,2025-04
8636,2066-9143,10.63578/terrasebus.2024.06,2025-04
8636,2066-9143,10.63578/terrasebus.2025.14,2026-06
8636,2066-9143,10.63578/terrasebus.2025.12,2026-06
8636,2066-9143,10.63578/terrasebus.2025.05,2026-06
8636,2066-9143,10.63578/terrasebus.2025.16,2026-06
8648,2531-7342,10.60923/issn.2531-7342/23502,2026-03
8648,2531-7342,10.60923/issn.2531-7342/24621,2026-06
8648,2531-7342,10.60923/issn.2531-7342/24237,2026-06
8648,2531-7342,10.60923/issn.2531-7342/24478,2026-06
8648,2531-7342,10.60923/issn.2531-7342/22982,2026-02
8648,2531-7342,10.60923/issn.2531-7342/21115,2026-03
8648,2531-7342,10.60923/issn.2531-7342/24519,2026-07
8648,2531-7342,10.60923/issn.2531-7342/23007,2026-06
8648,2531-7342,10.60923/issn.2531-7342/21977,2026-01
8648,2531-7342,10.60923/issn.2531-7342/23308,2026-06
8650,2036-0967,10.60923/issn.2036-0967/20663,2025-12
8650,2036-0967,10.60923/issn.2036-0967/23496,2026-07
8650,2036-0967,10.60923/issn.2036-0967/22147,2025-12
8650,2036-0967,10.60923/issn.2036-0967/22387,2025-12
8650,2036-0967,10.60923/issn.2036-0967/23347,2025-12
8650,2036-0967,10.60923/issn.2036-0967/22075,2025-12
8650,2036-0967,10.60923/issn.2036-0967/22624,2025-12
8650,2036-0967,10.60923/issn.2036-0967/23830,2026-07
8650,2036-0967,10.60923/issn.2036-0967/21673,2025-12
8650,2036-0967,10.60923/issn.2036-0967/23307,2026-07
8650,2036-0967,10.60923/issn.2036-0967/22137,2026-07
8650,2036-0967,10.60923/issn.2036-0967/23461,2026-07
8650,2036-0967,10.60923/issn.2036-0967/22322,2025-12
8650,2036-0967,10.60923/issn.2036-0967/20816,2025-12
8650,2036-0967,10.60923/issn.2036-0967/23473,2026-07
8650,2036-0967,10.60923/issn.2036-0967/24751,2026-07
8650,2036-0967,10.60923/issn.2036-0967/20143,2025-12
8650,2036-0967,10.60923/issn.2036-0967/21834,2025-12
8650,2036-0967,10.60923/issn.2036-0967/22364,2026-07
8650,2036-0967,10.60923/issn.2036-0967/23695,2026-07
8652,2724-5179,10.60923/issn.2724-5179/24449,2026-03
8652,2724-5179,10.60923/issn.2724-5179/25744,2026-07
8652,2724-5179,10.60923/issn.2724-5179/25748,2026-07
8652,2724-5179,10.60923/issn.2724-5179/25742,2026-07
8652,2724-5179,10.60923/issn.2724-5179/25750,2026-07
8652,2724-5179,10.60923/issn.2724-5179/24456,2026-03
8652,2724-5179,10.60923/issn.2724-5179/25749,2026-07
8652,2724-5179,10.60923/issn.2724-5179/24452,2026-03
8652,2724-5179,10.60923/issn.2724-5179/24457,2026-03
8652,2724-5179,10.60923/issn.2724-5179/24454,2026-03
8652,2724-5179,10.60923/issn.2724-5179/25741,2026-07
8652,2724-5179,10.60923/issn.2724-5179/25746,2026-07
8652,2724-5179,10.60923/issn.2724-5179/24453,2026-03
8652,2724-5179,10.60923/issn.2724-5179/25739,2026-07
8652,2724-5179,10.60923/issn.2724-5179/25740,2026-07
8652,2724-5179,10.60923/issn.2724-5179/24448,2026-03
8652,2724-5179,10.60923/issn.2724-5179/25738,2026-07
8652,2724-5179,10.60923/issn.2724-5179/25747,2026-07
8652,2724-5179,10.60923/issn.2724-5179/25743,2026-07
8652,2724-5179,10.60923/issn.2724-5179/24450,2026-03
8655,2611-0075,10.60923/issn.2611-0075/23171,2026-06
8655,2611-0075,10.60923/issn.2611-0075/23507,2026-06
8655,2611-0075,10.60923/issn.2611-0075/21660,2026-06
8655,2611-0075,10.60923/issn.2611-0075/22207,2026-06
8655,2611-0075,10.60923/issn.2611-0075/21661,2026-06
8655,2611-0075,10.60923/issn.2611-0075/21534,2026-06
8655,2611-0075,10.60923/issn.2611-0075/23298,2026-06
8655,2611-0075,10.60923/issn.2611-0075/21900,2026-06
8655,2611-0075,10.60923/issn.2611-0075/21993,2026-06
8655,2611-0075,10.60923/issn.2611-0075/21558,2026-06
8655,2611-0075,10.60923/issn.2611-0075/23212,2026-06
8655,2611-0075,10.60923/issn.2611-0075/22063,2026-06
8655,2611-0075,10.60923/issn.2611-0075/21700,2026-06
8655,2611-0075,10.60923/issn.2611-0075/21910,2026-06
8655,2611-0075,10.60923/issn.2611-0075/24961,2026-06
8655,2611-0075,10.60923/issn.2611-0075/21942,2026-06
8655,2611-0075,10.60923/issn.2611-0075/23508,2026-06
8655,2611-0075,10.60923/issn.2611-0075/23685,2026-06
8655,2611-0075,10.60923/issn.2611-0075/21731,2026-06
8657,2036-1602,10.60923/issn.2036-1602/19609,2025-10
8657,2036-1602,10.60923/issn.2036-1602/22691,2026-08
8657,2036-1602,10.60923/issn.2036-1602/22762,2026-08
8657,2036-1602,10.60923/issn.2036-1602/22759,2026-08
8657,2036-1602,10.60923/issn.2036-1602/22666,2026-08
8657,2036-1602,10.60923/issn.2036-1602/22964,2025-10
8657,2036-1602,10.60923/issn.2036-1602/19613,2025-10
8657,2036-1602,10.60923/issn.2036-1602/24958,2026-08
8657,2036-1602,10.60923/issn.2036-1602/22215,2026-08
8657,2036-1602,10.60923/issn.2036-1602/22963,2025-10
8657,2036-1602,10.60923/issn.2036-1602/22962,2025-10
8657,2036-1602,10.60923/issn.2036-1602/19592,2025-10
8657,2036-1602,10.60923/issn.2036-1602/19643,2025-10
8657,2036-1602,10.60923/issn.2036-1602/22757,2026-08
8657,2036-1602,10.60923/issn.2036-1602/22513,2026-08
8657,2036-1602,10.60923/issn.2036-1602/22926,2026-08
8657,2036-1602,10.60923/issn.2036-1602/22647,2026-08
8657,2036-1602,10.60923/issn.2036-1602/25834,2026-08
8657,2036-1602,10.60923/issn.2036-1602/23078,2025-10
8657,2036-1602,10.60923/issn.2036-1602/20688,2025-10
8659,2704-8217,10.60923/issn.2704-8217/21995,2025-12
8659,2704-8217,10.60923/issn.2704-8217/23421,2025-12
8659,2704-8217,10.60923/issn.2704-8217/22487,2025-12
8659,2704-8217,10.60923/issn.2704-8217/23374,2025-12
8659,2704-8217,10.60923/issn.2704-8217/21707,2025-12
8659,2704-8217,10.60923/issn.2704-8217/19675,2025-12
8659,2704-8217,10.60923/issn.2704-8217/22613,2025-12
8659,2704-8217,10.60923/issn.2704-8217/23569,2025-12
8659,2704-8217,10.60923/issn.2704-8217/22108,2025-12
8659,2704-8217,10.60923/issn.2704-8217/22239,2025-12
8659,2704-8217,10.60923/issn.2704-8217/22651,2025-12
8659,2704-8217,10.60923/issn.2704-8217/21097,2025-12
8704,2344-3669,10.65631/jfd.1(37).2026.5,2026-06
8704,2344-3669,10.65631/jfd.1(37).2026.25,2026-06
8704,2344-3669,10.65631/jfd.1(37).2026.3,2026-06
8704,2344-3669,10.65631/jfd.1(37).2026.11,2026-06
8704,2344-3669,10.65631/jfd.1(37).2026.38,2026-06
8704,2344-3669,10.65631/jfd.1(37).2026.31,2026-06
8704,2344-3669,10.65631/jfd.1(37).2026.28,2026-06
8704,2344-3669,10.65631/jfd.1(37).2026.12,2026-06
8704,2344-3669,10.65631/jfd.1(37).2026.44,2026-06
8704,2344-3669,10.65631/jfd.1(37).2026.37,2026-06
8704,2344-3669,10.65631/jfd.1(37).2026.42,2026-06
8704,2344-3669,10.65631/jfd.1(37).2026.10,2026-06
8704,2344-3669,10.65631/jfd.1(37).2026.8,2026-06
8704,2344-3669,10.65631/jfd.1(37).2026.1,2026-06
8704,2344-3669,10.65631/jfd.1(37).2026.4,2026-06
8704,2344-3669,10.65631/jfd.1(37).2026.39,2026-06
8704,2344-3669,10.65631/jfd.1(37).2026.18,2026-06
8704,2344-3669,10.65631/jfd.1(37).2026.13,2026-06
8704,2344-3669,10.65631/jfd.1(37).2026.24,2026-06
8704,2344-3669,10.65631/jfd.1(37).2026.20,2026-06
8718,2611-2752,10.60923/issn.2611-2752/22226,2026-03
8718,2611-2752,10.60923/issn.2611-2752/22574,2026-03
8718,2611-2752,10.60923/issn.2611-2752/22572,2026-03
8718,2611-2752,10.60923/issn.2611-2752/23751,2026-03
8718,2611-2752,10.60923/issn.2611-2752/24257,2026-03
8718,2611-2752,10.60923/issn.2611-2752/22551,2026-03
8718,2611-2752,10.60923/issn.2611-2752/24252,2026-03
8721,2532-8816,10.60923/issn.2532-8816/23500,2026-05
8721,2532-8816,10.60923/issn.2532-8816/23809,2026-06
8721,2532-8816,10.60923/issn.2532-8816/23841,2026-05
8721,2532-8816,10.60923/issn.2532-8816/21185,2025-10
8721,2532-8816,10.60923/issn.2532-8816/23594,2026-05
8721,2532-8816,10.60923/issn.2532-8816/23548,2026-05
8721,2532-8816,10.60923/issn.2532-8816/20952,2025-10
8721,2532-8816,10.60923/issn.2532-8816/22163,2026-01
8721,2532-8816,10.60923/issn.2532-8816/21759,2026-01
8721,2532-8816,10.60923/issn.2532-8816/22288,2025-10
8721,2532-8816,10.60923/issn.2532-8816/23743,2026-05
8721,2532-8816,10.60923/issn.2532-8816/25659,2026-07
8721,2532-8816,10.60923/issn.2532-8816/23675,2026-05
8721,2532-8816,10.60923/issn.2532-8816/23847,2026-05
8721,2532-8816,10.60923/issn.2532-8816/21755,2026-01
8721,2532-8816,10.60923/issn.2532-8816/25640,2026-07
8721,2532-8816,10.60923/issn.2532-8816/24319,2026-05
8721,2532-8816,10.60923/issn.2532-8816/22019,2026-01
8721,2532-8816,10.60923/issn.2532-8816/23453,2026-05
8721,2532-8816,10.60923/issn.2532-8816/22199,2025-10
8724,2611-0563,10.60923/issn.2611-0563/23051,2025-12
8724,2611-0563,10.60923/issn.2611-0563/22974,2025-12
8724,2611-0563,10.60923/issn.2611-0563/24538,2026-08
8724,2611-0563,10.60923/issn.2611-0563/24537,2026-08
8724,2611-0563,10.60923/issn.2611-0563/22979,2025-12
8724,2611-0563,10.60923/issn.2611-0563/22978,2025-12
8724,2611-0563,10.60923/issn.2611-0563/23497,2025-12
8724,2611-0563,10.60923/issn.2611-0563/23138,2025-12
8724,2611-0563,10.60923/issn.2611-0563/24546,2026-08
8724,2611-0563,10.60923/issn.2611-0563/24539,2026-08
8724,2611-0563,10.60923/issn.2611-0563/22971,2025-12
8724,2611-0563,10.60923/issn.2611-0563/25456,2026-08
8724,2611-0563,10.60923/issn.2611-0563/24540,2026-08
8724,2611-0563,10.60923/issn.2611-0563/24780,2026-08
8724,2611-0563,10.60923/issn.2611-0563/22970,2025-12
8724,2611-0563,10.60923/issn.2611-0563/22968,2025-12
8724,2611-0563,10.60923/issn.2611-0563/24545,2026-08
8724,2611-0563,10.60923/issn.2611-0563/22975,2025-12
8724,2611-0563,10.60923/issn.2611-0563/22972,2025-12
8724,2611-0563,10.60923/issn.2611-0563/22967,2025-12
8727,1970-2221,10.60923/issn.1970-2221/22421,2025-12
8727,1970-2221,10.60923/issn.1970-2221/21511,2026-06
8727,1970-2221,10.60923/issn.1970-2221/22903,2026-06
8727,1970-2221,10.60923/issn.1970-2221/23332,2026-06
8727,1970-2221,10.60923/issn.1970-2221/23778,2026-06
8727,1970-2221,10.60923/issn.1970-2221/23758,2026-06
8727,1970-2221,10.60923/issn.1970-2221/24487,2026-06
8727,1970-2221,10.60923/issn.1970-2221/22841,2026-06
8727,1970-2221,10.60923/issn.1970-2221/23498,2026-06
8727,1970-2221,10.60923/issn.1970-2221/22379,2025-12
8727,1970-2221,10.60923/issn.1970-2221/23269,2026-06
8727,1970-2221,10.60923/issn.1970-2221/23131,2026-06
8727,1970-2221,10.60923/issn.1970-2221/22544,2025-12
8727,1970-2221,10.60923/issn.1970-2221/24213,2026-06
8727,1970-2221,10.60923/issn.1970-2221/23349,2026-06
8727,1970-2221,10.60923/issn.1970-2221/23348,2025-12
8727,1970-2221,10.60923/issn.1970-2221/22577,2025-12
8727,1970-2221,10.60923/issn.1970-2221/21423,2026-06
8727,1970-2221,10.60923/issn.1970-2221/22599,2025-12
8727,1970-2221,10.60923/issn.1970-2221/20827,2025-12
8730,1590-4946,10.60923/issn.1825-9618/25878,2026-07
8730,1590-4946,10.60923/issn.1825-9618/24058,2026-02
8730,1590-4946,10.60923/issn.1825-9618/25902,2026-07
8730,1590-4946,10.60923/issn.1825-9618/25908,2026-07
8730,1590-4946,10.60923/issn.1825-9618/24057,2026-02
8730,1590-4946,10.60923/issn.1825-9618/25932,2026-07
8730,1590-4946,10.60923/issn.1825-9618/25905,2026-07
8730,1590-4946,10.60923/issn.1825-9618/25906,2026-07
8730,1590-4946,10.60923/issn.1825-9618/24178,2026-02
8730,1590-4946,10.60923/issn.1825-9618/25897,2026-07
8730,1590-4946,10.60923/issn.1825-9618/25976,2026-07
8730,1590-4946,10.60923/issn.1825-9618/25879,2026-07
8730,1590-4946,10.60923/issn.1825-9618/26008,2026-07
8730,1590-4946,10.60923/issn.1825-9618/24065,2026-02
8730,1590-4946,10.60923/issn.1825-9618/25899,2026-07
8730,1590-4946,10.60923/issn.1825-9618/24063,2026-02
8730,1590-4946,10.60923/issn.1825-9618/25904,2026-07
8730,1590-4946,10.60923/issn.1825-9618/24054,2026-02
8730,1590-4946,10.60923/issn.1825-9618/24177,2026-02
8730,1590-4946,10.60923/issn.1825-9618/24175,2026-02
8732,2531-9876,10.60923/issn.2531-9876/21998,2026-05
8732,2531-9876,10.60923/issn.2531-9876/22044,2026-05
8732,2531-9876,10.60923/issn.2531-9876/21538,2026-03
8732,2531-9876,10.60923/issn.2531-9876/25523,2026-06
8732,2531-9876,10.60923/issn.2531-9876/25684,2026-06
8732,2531-9876,10.60923/issn.2531-9876/21126,2026-03
8732,2531-9876,10.60923/issn.2531-9876/24231,2026-03
8732,2531-9876,10.60923/issn.2531-9876/21990,2026-05
8732,2531-9876,10.60923/issn.2531-9876/20695,2026-03
8732,2531-9876,10.60923/issn.2531-9876/25519,2026-06
8732,2531-9876,10.60923/issn.2531-9876/25515,2026-06
8732,2531-9876,10.60923/issn.2531-9876/23434,2026-06
8732,2531-9876,10.60923/issn.2531-9876/23821,2026-06
8732,2531-9876,10.60923/issn.2531-9876/24917,2026-05
8732,2531-9876,10.60923/issn.2531-9876/25569,2026-06
8732,2531-9876,10.60923/issn.2531-9876/22010,2026-05
8732,2531-9876,10.60923/issn.2531-9876/23817,2026-06
8732,2531-9876,10.60923/issn.2531-9876/21340,2026-03
8732,2531-9876,10.60923/issn.2531-9876/25517,2026-06
8732,2531-9876,10.60923/issn.2531-9876/25518,2026-06
8745,1090-0535,10.63500/mv_v26_48,2025-08
8745,1090-0535,10.63500/mv_v31_245,2026-04
8745,1090-0535,10.63500/mv_v32_255,2026-09
8745,1090-0535,10.63500/mv_v31_526,2026-04
8745,1090-0535,10.63500/mv_v30_278,2025-08
8745,1090-0535,10.63500/mv_v31_55,2026-04
8745,1090-0535,10.63500/mv_v31_267,2026-04
8745,1090-0535,10.63500/mv_v32_155,2026-05
8745,1090-0535,10.63500/mv_v30_67,2025-08
8745,1090-0535,10.63500/mv_v32_131,2026-04
8745,1090-0535,10.63500/mv_v31_23,2026-04
8745,1090-0535,10.63500/mv_v31_160,2026-04
8745,1090-0535,10.63500/mv_v32_34,2026-04
8745,1090-0535,10.63500/mv_v31_190,2026-04
8745,1090-0535,10.63500/mv_v31_69,2026-04
8745,1090-0535,10.63500/mv_v31_486,2026-04
8745,1090-0535,10.63500/mv_v31_10,2026-04
8745,1090-0535,10.63500/mv_v31_319,2026-04
8745,1090-0535,10.63500/mv_v31_175,2026-04
8745,1090-0535,10.63500/mv_v32_265,2026-09
8773,0102-700X,10.64729/an.acervo.v21i1.93,2026-07
8773,0102-700X,10.64729/an.acervo.v38i1.2317,2025-09
8773,0102-700X,10.64729/an.acervo.v29i2.719,2025-10
8773,0102-700X,10.64729/an.acervo.v27i1.459,2025-10
8773,0102-700X,10.64729/an.acervo.v37i3.2166,2025-10
8773,0102-700X,10.64729/an.acervo.v35i3.1837,2025-09
8773,0102-700X,10.64729/an.acervo.v26i1.491,2025-10
8773,0102-700X,10.64729/an.acervo.v36i3.1951,2025-09
8773,0102-700X,10.64729/an.acervo.v39i2.2589,2026-07
8773,0102-700X,10.64729/an.acervo.v32i2.1256,2025-10
8773,0102-700X,10.64729/an.acervo.v38i1.2184,2025-09
8773,0102-700X,10.64729/an.acervo.v37i3.2357,2025-10
8773,0102-700X,10.64729/an.acervo.v27i2.445,2025-10
8773,0102-700X,10.64729/an.acervo.v24i2.355,2026-04
8773,0102-700X,10.64729/an.acervo.v37i1.2094,2025-10
8773,0102-700X,10.64729/an.acervo.v22i2.3,2026-06
8773,0102-700X,10.64729/an.acervo.v21i1.90,2026-07
8773,0102-700X,10.64729/an.acervo.v39i1.2326,2026-03
8773,0102-700X,10.64729/an.acervo.v21i1.91,2026-07
8773,0102-700X,10.64729/an.acervo.v39i1.2774,2026-04
8781,2395-9908,10.61871/mj.v48n4-1,2024-11
8781,2395-9908,10.61871/mj.v49n2-4,2025-06
8781,2395-9908,10.61871/mj.v45n3-7,2024-06
8781,2395-9908,10.61871/mj.v49n2-14,2025-06
8781,2395-9908,10.61871/mj.v49n2-5,2025-06
8781,2395-9908,10.61871/mj.v48n3-13,2024-10
8781,2395-9908,10.61871/mj.v46n4-5,2024-06
8781,2395-9908,10.61871/mj.v47n1-7,2024-06
8781,2395-9908,10.61871/mj.v45n4-17,2024-06
8781,2395-9908,10.61871/mj.v49n2-1,2025-06
8781,2395-9908,10.61871/mj.v45n4-2,2024-06
8781,2395-9908,10.61871/mj.v46n1-11,2024-06
8781,2395-9908,10.61871/mj.v48n3-6,2024-10
8781,2395-9908,10.61871/mj.v47n3-9,2024-06
8781,2395-9908,10.61871/mj.v49n2-3,2025-06
8781,2395-9908,10.61871/mj.v49n3-13,2025-10
8781,2395-9908,10.61871/mj.v45n2-2,2024-06
8781,2395-9908,10.61871/mj.v47n3-3,2024-06
8781,2395-9908,10.61871/mj.v47n3-1,2024-06
8781,2395-9908,10.61871/mj.v47n4-6,2024-05
8812,2238-3026,10.66436/qaw1ky74,2026-03
8812,2238-3026,10.66436/719ksw90,2026-03
8812,2238-3026,10.66436/fwjq6h86,2026-03
8812,2238-3026,10.66436/zmbp2739,2026-03
8812,2238-3026,10.66436/hth95j16,2026-03
8812,2238-3026,10.66436/mf7tgv26,2026-03
8812,2238-3026,10.66436/g5qxdy63,2026-03
8812,2238-3026,10.66436/ayy8r742,2026-03
8812,2238-3026,10.66436/trx7qr11,2026-03
8812,2238-3026,10.66436/ktc8zs22,2026-03
8812,2238-3026,10.66436/3yfje006,2026-03
8845,2236-6040,10.28998/ritur.v15.n2.a2025.pp137-149.19147,2025-05
8845,2236-6040,10.28998/10.28998/riturritur.v13.n2.a15768pp.144-17215768,2024-12
8845,2236-6040,10.28998/ritur.v15.n1.a2025.pp96-116.18625,2025-03
8845,2236-6040,10.28998/ritur.v14.n2.a2024.pp151-172.18304,2024-12
8845,2236-6040,10.28998/ritur.v15.n3.a2025.pp18-34.19737,2025-12
8845,2236-6040,10.28998/10.28998/riturritur.v13.n2.a15687pp.195-22415687,2024-12
8845,2236-6040,10.28998/ritur.v15.n3.a2025.pp35-60.19700,2025-12
8845,2236-6040,10.28998/ritur.v14.n2.a2024.pp1-24.17932,2024-12
8845,2236-6040,10.28998/ritur.v14.n2.a2024.pp134-150.18328,2024-12
8845,2236-6040,10.28998/ritur.v15.n1.a2025.pp68-80.18621,2025-03
8845,2236-6040,10.28998/ritur.v15.n3.a2025.pp134-147.20329,2025-12
8845,2236-6040,10.28998/10.28998/riturritur.v13.n2.a15958pp.116-13215958,2024-12
8845,2236-6040,10.28998/ritur.v16.n1.a2026.pp234-237.20627,2026-09
8845,2236-6040,10.28998/10.28998/ritur.v14.n2.a2024.pp45-63.18316,2024-12
8845,2236-6040,10.28998/ritur.v16.n1.a2026.pp103-123.20587,2026-09
8845,2236-6040,10.28998/ritur.v15.n3.a2025.pp1-17.19675,2025-12
8845,2236-6040,10.28998/10.28998/riturritur.v13.n2.a15743pp.173-19415743,2024-12
8845,2236-6040,10.28998/ritur.v16.n1.a2026.pp124-146.20591,2026-09
8845,2236-6040,10.28998/ritur.v14.n2.a2024.pp64-82.17990,2024-12
8845,2236-6040,10.28998/ritur.v16.n1.a2026.pp188-212.20419,2026-09
8909,1983-3644,10.64238/geopuc.2023.28,2025-11
8909,1983-3644,10.64238/geopuc.2024.109,2025-11
8909,1983-3644,10.64238/geopuc.2024.114,2025-11
8909,1983-3644,10.64238/geopuc.2023.25,2025-11
8909,1983-3644,10.64238/geopuc.2026.183,2026-09
8909,1983-3644,10.64238/geopuc.2024.98,2025-11
8909,1983-3644,10.64238/geopuc.2024.100,2025-11
8909,1983-3644,10.64238/geopuc.2024.103,2025-11
8909,1983-3644,10.64238/geopuc.2025.165,2025-11
8909,1983-3644,10.64238/geopuc.2023.22,2025-11
8909,1983-3644,10.64238/geopuc.2026.184,2026-09
8909,1983-3644,10.64238/geopuc.2024.108,2025-11
8909,1983-3644,10.64238/geopuc.2024.102,2025-11
8909,1983-3644,10.64238/geopuc.2026.182,2026-09
8909,1983-3644,10.64238/geopuc.2025.175,2025-11
8909,1983-3644,10.64238/geopuc.2025.167,2025-11
8909,1983-3644,10.64238/geopuc.2024.99,2025-11
8909,1983-3644,10.64238/geopuc.2025.177,2025-11
8909,1983-3644,10.64238/geopuc.2023.12,2025-11
8909,1983-3644,10.64238/geopuc.2024.110,2025-11
8925,2027-2391,10.69664/kav.v12n2a3,2025-09
8925,2027-2391,10.69664/kav.v18n1a562,2026-07
8925,2027-2391,10.69664/kav.v15n1a11,2024-07
8925,2027-2391,10.69664/kav.v12n2a8,2025-09
8925,2027-2391,10.69664/kav.v12n2a1,2025-09
8925,2027-2391,10.69664/kav.v18n1a552,2026-07
8925,2027-2391,10.69664/kav.v18n1a556,2026-07
8925,2027-2391,10.69664/kav.v17n2a547,2026-01
8925,2027-2391,10.69664/kav.v12n2a17,2025-09
8925,2027-2391,10.69664/kav.v16n2a517,2025-09
8925,2027-2391,10.69664/kav.v12n2a2,2025-09
8925,2027-2391,10.69664/kav.v17n2a545,2026-01
8925,2027-2391,10.69664/kav.v16n1a1,2025-09
8925,2027-2391,10.69664/kav.v15n2a13,2024-07
8925,2027-2391,10.69664/kav.v13n2a3,2025-09
8925,2027-2391,10.69664/kav.v14n2a7,2024-07
8925,2027-2391,10.69664/kav.v15n2a7,2024-07
8925,2027-2391,10.69664/kav.v16n2a510,2025-09
8925,2027-2391,10.69664/kav.v17n1a537,2026-01
8925,2027-2391,10.69664/kav.v16n2a509,2025-09
8952,2053-4272,10.26643/pp/1,2026-04
9118,2415-5071,10.66744/0e02n319,2026-07
9118,2415-5071,10.66744/5f9xzx52,2026-07
9118,2415-5071,10.66744/daef8561,2026-07
9118,2415-5071,10.66744/pday4142,2026-07
9118,2415-5071,10.66744/143hrf38,2026-07
9118,2415-5071,10.66744/vfg4vp70,2026-07
9118,2415-5071,10.66744/m3fajz55,2026-07
9118,2415-5071,10.66744/99d3v718,2026-07
9118,2415-5071,10.66744/6zfevj31,2026-07
9118,2415-5071,10.66744/z8hhwq09,2026-07
9118,2415-5071,10.66744/331v5015,2026-07
9118,2415-5071,10.66744/jz9g9461,2026-07
9118,2415-5071,10.66744/6task152,2026-07
9118,2415-5071,10.66744/jf74pa46,2026-07
9118,2415-5071,10.66744/q61s8t39,2026-07
9118,2415-5071,10.66744/r0m4ey16,2026-07
9118,2415-5071,10.66744/9wgjw728,2026-07
9118,2415-5071,10.66744/sa17cy74,2026-07
9118,2415-5071,10.66744/df8tfc82,2026-09
9118,2415-5071,10.66744/f3bdqc64,2026-07
9128,2212-6252,10.22501/jss.1440447,2024-12
9128,2212-6252,10.22501/jss.411830,2024-12
9128,2212-6252,10.22501/jss.286764,2024-12
9128,2212-6252,10.22501/jss.484851,2024-12
9128,2212-6252,10.22501/jss.653359,2024-12
9128,2212-6252,10.22501/jss.220589,2024-12
9128,2212-6252,10.22501/jss.3774389,2025-07
9128,2212-6252,10.22501/jss.1857111,2024-12
9128,2212-6252,10.22501/jss.292319,2024-12
9128,2212-6252,10.22501/jss.4300637,2026-05
9128,2212-6252,10.22501/jss.1599648,2024-12
9128,2212-6252,10.22501/jss.408710,2024-12
9128,2212-6252,10.22501/jss.251878,2024-12
9128,2212-6252,10.22501/jss.94638,2024-12
9128,2212-6252,10.22501/jss.369386,2024-12
9128,2212-6252,10.22501/jss.409483,2024-12
9128,2212-6252,10.22501/jss.109371,2024-12
9128,2212-6252,10.22501/jss.4300077,2026-05
9128,2212-6252,10.22501/jss.108499,2024-12
9128,2212-6252,10.22501/jss.1912494,2024-12
9149,1412-971X,10.15294/fis.v50i2.49553,2024-03
9149,1412-971X,10.15294/fis.v49i1.35875,2024-03
9149,1412-971X,10.15294/fis.v51i2.17521,2025-01
9149,1412-971X,10.15294/fis.v51i2.17361,2025-01
9149,1412-971X,10.15294/fis.v52i1.33497,2025-12
9149,1412-971X,10.15294/fis.v49i1.31791,2024-03
9149,1412-971X,10.15294/fis.v49i2.39406,2024-03
9149,1412-971X,10.15294/fis.v51i1.6709,2024-07
9149,1412-971X,10.15294/fis.v53i01.50119,2026-06
9149,1412-971X,10.15294/fis.v51i2.17961,2025-01
9149,1412-971X,10.15294/fis.v51i1.5087,2024-07
9149,1412-971X,10.15294/fis.v51i1.5222,2024-07
9149,1412-971X,10.15294/fis.v50i1.44330,2024-03
9149,1412-971X,10.15294/fis.v50i2.48433,2024-03
9149,1412-971X,10.15294/fis.v50i2.48387,2024-03
9149,1412-971X,10.15294/fis.v50i1.44834,2024-03
9149,1412-971X,10.15294/fis.v49i2.40444,2024-03
9149,1412-971X,10.15294/fis.v52i2.33950,2026-01
9149,1412-971X,10.15294/fis.v49i1.35814,2024-03
9149,1412-971X,10.15294/fis.v53i01.49580,2026-06
9259,2247-689X,10.66899/a71a21fd,2026-06
9259,2247-689X,10.66899/8c546d16,2026-06
9259,2247-689X,10.66899/46498f1b,2026-08
9259,2247-689X,10.66899/acae103f,2026-06
9259,2247-689X,10.66899/d7e58537,2026-05
9259,2247-689X,10.66899/6cfb4768,2026-05
9259,2247-689X,10.66899/40c2244a,2026-06
9259,2247-689X,10.66899/8612641a,2026-06
9259,2247-689X,10.66899/2aec554d,2026-06
9259,2247-689X,10.66899/fbab1871,2026-05
9259,2247-689X,10.66899/17b0eb45,2026-05
9259,2247-689X,10.66899/1c9d838e,2026-08
9259,2247-689X,10.66899/ae8122c4,2026-06
9259,2247-689X,10.66899/3b48db69,2026-06
9259,2247-689X,10.66899/cad71f2a,2026-06
9259,2247-689X,10.66899/9c51d129,2026-08
9259,2247-689X,10.66899/4a04a0c4,2026-06
9259,2247-689X,10.66899/edfcabdc,2026-05
9259,2247-689X,10.66899/00f8adae,2026-05
9259,2247-689X,10.66899/34e38fce,2026-08
9303,0954-6324,10.7146/wf.73.156397,2026-05
9311,2560-8312,10.55016/ojs/sppp.v7i1.42461,2024-08
9311,2560-8312,10.55016/ojs/sppp.v3i1.42333,2025-01
9311,2560-8312,10.55016/ojs/sppp.v8i1.42526,2024-08
9311,2560-8312,10.55016/ojs/sppp.v11i1.43149,2024-09
9311,2560-8312,10.55016/ojs/sppp.v12i1.68277,2024-08
9311,2560-8312,10.55016/ojs/sppp.v10i1.43183,2024-09
9311,2560-8312,10.55016/ojs/sppp.v6i1.42448,2024-08
9311,2560-8312,10.55016/ojs/sppp.v13i1.69675,2024-08
9311,2560-8312,10.55016/ojs/sppp.v3i1.42340,2024-08
9311,2560-8312,10.55016/ojs/sppp.v14i1.72755,2024-08
9311,2560-8312,10.55016/ojs/sppp.v16i1.77066,2024-08
9311,2560-8312,10.55016/ojs/sppp.v6i1.42410,2024-08
9311,2560-8312,10.55016/ojs/sppp.v17i1.80404,2025-11
9311,2560-8312,10.55016/ojs/sppp.v15i1.75092,2024-08
9311,2560-8312,10.55016/ojs/sppp.v12i1.68129,2024-08
9311,2560-8312,10.55016/ojs/sppp.v18i1.82232,2025-12
9311,2560-8312,10.55016/ojs/sppp.v8i1.42500,2024-08
9311,2560-8312,10.55016/ojs/sppp.v4i1.42351,2025-01
9311,2560-8312,10.55016/ojs/sppp.v14i1.70578,2024-08
9311,2560-8312,10.55016/ojs/sppp.v14i1.72334,2024-08
9418,0719-0719,10.4151/07197969-vol.12-iss.1-art.575,2025-01
9418,0719-0719,10.4151/07197969-vol.15-iss.2-art.897,2025-08
9418,0719-0719,10.4151/07197969-vol.12-iss.3-art.605,2025-01
9418,0719-0719,10.4151/07197969-vol.12-iss.1-art.583,2025-01
9418,0719-0719,10.4151/07197969-vol.13-iss.2-art.695,2025-01
9418,0719-0719,10.4151/07197969-vol.16-iss.1-art.937,2026-01
9418,0719-0719,10.4151/07197969-vol.15-iss.1-art.854,2025-07
9418,0719-0719,10.4151/07197969-vol.13-iss.1-art.759,2025-01
9418,0719-0719,10.4151/07197969-vol.14-iss.1-art.820,2025-01
9418,0719-0719,10.4151/07197969-vol.12-iss.2-art.658,2025-01
9418,0719-0719,10.4151/07197969-vol.12-iss.1-art.585,2025-01
9418,0719-0719,10.4151/07197969-vol.13-iss.2-art.689,2025-01
9418,0719-0719,10.4151/07197969-vol.13-iss.2-art.730,2025-01
9418,0719-0719,10.4151/07197969-vol.14-iss.2-art.816,2025-01
9418,0719-0719,10.4151/07197969-vol.16-iss.2-art.974,2026-07
9418,0719-0719,10.4151/07197969-vol.13-iss.1-art.764,2025-01
9418,0719-0719,10.4151/07197969-vol.16-iss.2-art.1066,2026-07
9418,0719-0719,10.4151/07197969-vol.16-iss.1-art.948,2026-01
9418,0719-0719,10.4151/07197969-vol.14-iss.2-art.817,2025-01
9418,0719-0719,10.4151/07197969-vol.12-iss.3-art.604,2025-01
9633,2280-9481,10.60923/issn.2280-9481/21535,2025-07
9633,2280-9481,10.60923/issn.2280-9481/21429,2025-07
9633,2280-9481,10.60923/issn.2280-9481/23147,2026-07
9633,2280-9481,10.60923/issn.2280-9481/25080,2026-07
9633,2280-9481,10.60923/issn.2280-9481/21996,2025-12
9633,2280-9481,10.60923/issn.2280-9481/22303,2025-07
9633,2280-9481,10.60923/issn.2280-9481/21459,2025-12
9633,2280-9481,10.60923/issn.2280-9481/22117,2025-12
9633,2280-9481,10.60923/issn.2280-9481/22310,2025-12
9633,2280-9481,10.60923/issn.2280-9481/22307,2025-07
9633,2280-9481,10.60923/issn.2280-9481/21488,2025-07
9633,2280-9481,10.60923/issn.2280-9481/21006,2025-07
9633,2280-9481,10.60923/issn.2280-9481/22338,2025-07
9633,2280-9481,10.60923/issn.2280-9481/22306,2025-07
9633,2280-9481,10.60923/issn.2280-9481/23459,2026-07
9633,2280-9481,10.60923/issn.2280-9481/22174,2026-07
9633,2280-9481,10.60923/issn.2280-9481/22812,2026-07
9633,2280-9481,10.60923/issn.2280-9481/22457,2025-12
9633,2280-9481,10.60923/issn.2280-9481/25161,2026-07
9633,2280-9481,10.60923/issn.2280-9481/24528,2026-07
9663,1593-8999,10.60923/issn.2533-2325/22369,2025-12
9663,1593-8999,10.60923/issn.2533-2325/17247,2025-12
9663,1593-8999,10.60923/issn.2533-2325/23357,2025-12
9663,1593-8999,10.60923/issn.2533-2325/20612,2025-12
9663,1593-8999,10.60923/issn.2533-2325/22632,2025-12
9663,1593-8999,10.60923/issn.2533-2325/23021,2025-12
9663,1593-8999,10.60923/issn.2533-2325/21331,2025-12
9663,1593-8999,10.60923/issn.2533-2325/21174,2025-12
9663,1593-8999,10.60923/issn.2533-2325/23672,2025-12
9663,1593-8999,10.60923/issn.2533-2325/22339,2025-12
9663,1593-8999,10.60923/issn.2533-2325/23109,2025-12
9663,1593-8999,10.60923/issn.2533-2325/23025,2025-12
9663,1593-8999,10.60923/issn.2533-2325/21244,2025-12
9663,1593-8999,10.60923/issn.2533-2325/22347,2025-12
9663,1593-8999,10.60923/issn.2533-2325/22032,2025-12
9663,1593-8999,10.60923/issn.2533-2325/23088,2025-12
9663,1593-8999,10.60923/issn.2533-2325/23211,2025-12
9663,1593-8999,10.60923/issn.2533-2325/22371,2025-12
9663,1593-8999,10.60923/issn.2533-2325/23102,2025-12
9663,1593-8999,10.60923/issn.2533-2325/22427,2025-12
9666,1561-8048,10.60923/issn.1561-8048/25719,2026-07
9666,1561-8048,10.60923/issn.1561-8048/25974,2026-07
9666,1561-8048,10.60923/issn.1561-8048/24166,2026-07
9666,1561-8048,10.60923/issn.1561-8048/25462,2026-07
9666,1561-8048,10.60923/issn.1561-8048/24234,2026-07
9666,1561-8048,10.60923/issn.1561-8048/25509,2026-07
9666,1561-8048,10.60923/issn.1561-8048/25916,2026-07
9666,1561-8048,10.60923/issn.1561-8048/25532,2026-07
9666,1561-8048,10.60923/issn.1561-8048/25926,2026-07
9666,1561-8048,10.60923/issn.1561-8048/25867,2026-07
9666,1561-8048,10.60923/issn.1561-8048/23568,2026-07
9666,1561-8048,10.60923/issn.1561-8048/26004,2026-07
9666,1561-8048,10.60923/issn.1561-8048/25869,2026-07
9666,1561-8048,10.60923/issn.1561-8048/25651,2026-07
9670,2420-8175,10.60923/issn.2420-8175/23709,2026-05
9670,2420-8175,10.60923/issn.2420-8175/25126,2026-05
9670,2420-8175,10.60923/issn.2420-8175/23838,2026-05
9670,2420-8175,10.60923/issn.2420-8175/23691,2026-05
9670,2420-8175,10.60923/issn.2420-8175/23741,2026-05
9670,2420-8175,10.60923/issn.2420-8175/23593,2026-05
9670,2420-8175,10.60923/issn.2420-8175/23747,2026-05
9670,2420-8175,10.60923/issn.2420-8175/23799,2026-05
9670,2420-8175,10.60923/issn.2420-8175/24197,2026-05
9670,2420-8175,10.60923/issn.2420-8175/23722,2026-05
9670,2420-8175,10.60923/issn.2420-8175/23763,2026-05
9670,2420-8175,10.60923/issn.2420-8175/23720,2026-05
9670,2420-8175,10.60923/issn.2420-8175/22047,2026-05
9670,2420-8175,10.60923/issn.2420-8175/23719,2026-05
9670,2420-8175,10.60923/issn.2420-8175/23737,2026-05
9721,1824-484X,10.13128/lea-1824-484x-20039,2026-03
9721,1824-484X,10.13128/lea-1824-484x-12457,2026-03
9721,1824-484X,10.36253/lea-1824-484x-14935,2023-12
9721,1824-484X,10.36253/lea-1824-484x-16177,2025-12
9721,1824-484X,10.13128/lea-1824-484x-12454,2026-03
9721,1824-484X,10.36253/lea-1824-484x-14955,2023-12
9721,1824-484X,10.36253/lea-1824-484x-15990,2025-12
9721,1824-484X,10.13128/lea-1824-484x-15200,2026-03
9721,1824-484X,10.13128/lea-1824-484x-24417,2026-03
9721,1824-484X,10.13128/lea-1824-484x-22327,2026-03
9721,1824-484X,10.36253/lea-1824-484x-17369,2026-05
9721,1824-484X,10.13128/lea-1824-484x-11001,2026-03
9721,1824-484X,10.13128/lea-1824-484x-11004,2026-04
9721,1824-484X,10.13128/lea-1824-484x-12461,2026-03
9721,1824-484X,10.13128/lea-1824-484x-22342,2026-03
9721,1824-484X,10.13128/lea-1824-484x-24422,2026-03
9721,1824-484X,10.13128/lea-1824-484x-12789,2026-03
9721,1824-484X,10.13128/lea-1824-484x-15185,2026-03
9721,1824-484X,10.13128/lea-1824-484x-13854,2026-03
9721,1824-484X,10.13128/lea-1824-484x-13825,2026-03
9832,2039-9715,10.60923/issn.2039-9715/23530,2025-12
9832,2039-9715,10.60923/issn.2039-9715/23523,2025-12
9832,2039-9715,10.60923/issn.2039-9715/23529,2025-12
9832,2039-9715,10.60923/issn.2039-9715/23524,2025-12
9832,2039-9715,10.60923/issn.2039-9715/23531,2025-12
9832,2039-9715,10.60923/issn.2039-9715/23519,2025-12
9832,2039-9715,10.60923/issn.2039-9715/23520,2025-12
9832,2039-9715,10.60923/issn.2039-9715/23528,2025-12
9832,2039-9715,10.60923/issn.2039-9715/23525,2025-12
9832,2039-9715,10.60923/issn.2039-9715/23521,2025-12
9832,2039-9715,10.60923/issn.2039-9715/23522,2025-12
9832,2039-9715,10.60923/issn.2039-9715/23526,2025-12
9835,2421-454X,10.60923/issn.2421-454x/24871,2026-05
9835,2421-454X,10.60923/issn.2421-454x/21852,2026-07
9835,2421-454X,10.60923/issn.2421-454x/23317,2026-05
9835,2421-454X,10.60923/issn.2421-454x/22938,2026-05
9835,2421-454X,10.60923/issn.2421-454x/23330,2026-05
9835,2421-454X,10.60923/issn.2421-454x/24873,2026-05
9835,2421-454X,10.60923/issn.2421-454x/22888,2026-05
9835,2421-454X,10.60923/issn.2421-454x/21296,2026-07
9835,2421-454X,10.60923/issn.2421-454x/20719,2026-07
9837,2612-0496,10.60923/issn.2612-0496/19424,2025-10
9837,2612-0496,10.60923/issn.2612-0496/19166,2025-10
9837,2612-0496,10.60923/issn.2612-0496/20418,2025-10
9837,2612-0496,10.60923/issn.2612-0496/19559,2025-10
9837,2612-0496,10.60923/issn.2612-0496/19156,2025-10
9837,2612-0496,10.60923/issn.2612-0496/19155,2025-10
9837,2612-0496,10.60923/issn.2612-0496/18088,2025-10
9837,2612-0496,10.60923/issn.2612-0496/19357,2025-10
9837,2612-0496,10.60923/issn.2612-0496/19167,2025-10
9837,2612-0496,10.60923/issn.2612-0496/19174,2025-10
9837,2612-0496,10.60923/issn.2612-0496/18797,2025-10
9837,2612-0496,10.60923/issn.2612-0496/22724,2025-10
9843,1721-4777,10.60923/issn.1721-4777/23283,2026-01
9843,1721-4777,10.60923/issn.1721-4777/24212,2026-08
9843,1721-4777,10.60923/issn.1721-4777/22789,2026-01
9843,1721-4777,10.60923/issn.1721-4777/22050,2026-08
9843,1721-4777,10.60923/issn.1721-4777/23290,2026-08
9843,1721-4777,10.60923/issn.1721-4777/24093,2026-08
9843,1721-4777,10.60923/issn.1721-4777/24593,2026-08
9843,1721-4777,10.60923/issn.1721-4777/23160,2026-01
9843,1721-4777,10.60923/issn.1721-4777/23258,2026-08
9843,1721-4777,10.60923/issn.1721-4777/24683,2026-08
9843,1721-4777,10.60923/issn.1721-4777/25054,2026-08
9843,1721-4777,10.60923/issn.1721-4777/23336,2026-01
9843,1721-4777,10.60923/issn.1721-4777/23244,2026-01
9843,1721-4777,10.60923/issn.1721-4777/22875,2026-01
9843,1721-4777,10.60923/issn.1721-4777/22795,2026-01
9843,1721-4777,10.60923/issn.1721-4777/22808,2026-01
9843,1721-4777,10.60923/issn.1721-4777/22531,2026-08
9843,1721-4777,10.60923/issn.1721-4777/25531,2026-08
9843,1721-4777,10.60923/issn.1721-4777/24990,2026-08
9843,1721-4777,10.60923/issn.1721-4777/22810,2026-01
9846,2036-1599,10.60923/issn.2036-1599/23609,2026-01
9846,2036-1599,10.60923/issn.2036-1599/23617,2026-01
9846,2036-1599,10.60923/issn.2036-1599/23619,2026-01
9846,2036-1599,10.60923/issn.2036-1599/23618,2026-01
9846,2036-1599,10.60923/issn.2036-1599/23614,2026-01
9846,2036-1599,10.60923/issn.2036-1599/23613,2026-01
9846,2036-1599,10.60923/issn.2036-1599/23608,2026-01
9846,2036-1599,10.60923/issn.2036-1599/23686,2026-01
9846,2036-1599,10.60923/issn.2036-1599/23607,2026-01
9846,2036-1599,10.60923/issn.2036-1599/23620,2026-01
9846,2036-1599,10.60923/issn.2036-1599/23612,2026-01
9846,2036-1599,10.60923/issn.2036-1599/23610,2026-01
9846,2036-1599,10.60923/issn.2036-1599/23611,2026-01
9846,2036-1599,10.60923/issn.2036-1599/23616,2026-01
9846,2036-1599,10.60923/issn.2036-1599/23615,2026-01
9847,2240-7251,10.60923/issn.2240-7251/22839,2026-01
9847,2240-7251,10.60923/issn.2240-7251/22554,2026-01
9847,2240-7251,10.60923/issn.2240-7251/23139,2026-01
9847,2240-7251,10.60923/issn.2240-7251/22501,2026-01
9847,2240-7251,10.60923/issn.2240-7251/23716,2026-01
9847,2240-7251,10.60923/issn.2240-7251/22835,2026-01
9847,2240-7251,10.60923/issn.2240-7251/22834,2026-01
9847,2240-7251,10.60923/issn.2240-7251/22302,2026-01
9847,2240-7251,10.60923/issn.2240-7251/23159,2026-01
9847,2240-7251,10.60923/issn.2240-7251/23134,2026-01
9847,2240-7251,10.60923/issn.2240-7251/23770,2026-01
9847,2240-7251,10.60923/issn.2240-7251/22837,2026-01
9861,1971-8853,10.60923/issn.1971-8853/24203,2026-08
9861,1971-8853,10.60923/issn.1971-8853/24572,2026-08
9861,1971-8853,10.60923/issn.1971-8853/23230,2025-12
9861,1971-8853,10.60923/issn.1971-8853/25832,2026-08
9861,1971-8853,10.60923/issn.1971-8853/23046,2025-12
9861,1971-8853,10.60923/issn.1971-8853/23642,2026-04
9861,1971-8853,10.60923/issn.1971-8853/24939,2026-08
9861,1971-8853,10.60923/issn.1971-8853/23907,2026-08
9861,1971-8853,10.60923/issn.1971-8853/23734,2026-08
9861,1971-8853,10.60923/issn.1971-8853/22908,2025-12
9861,1971-8853,10.60923/issn.1971-8853/23129,2025-12
9861,1971-8853,10.60923/issn.1971-8853/22068,2026-08
9861,1971-8853,10.60923/issn.1971-8853/23004,2025-12
9861,1971-8853,10.60923/issn.1971-8853/23260,2026-04
9861,1971-8853,10.60923/issn.1971-8853/23721,2026-08
9861,1971-8853,10.60923/issn.1971-8853/25883,2026-08
9861,1971-8853,10.60923/issn.1971-8853/24341,2026-08
9861,1971-8853,10.60923/issn.1971-8853/23648,2026-08
9861,1971-8853,10.60923/issn.1971-8853/23641,2026-04
9861,1971-8853,10.60923/issn.1971-8853/23598,2026-04
9864,2038-3460,10.60923/issn.2038-3460/23044,2026-02
9864,2038-3460,10.60923/issn.2038-3460/23914,2026-02
9864,2038-3460,10.60923/issn.2038-3460/21169,2026-05
9864,2038-3460,10.60923/issn.2038-3460/24130,2026-02
9864,2038-3460,10.60923/issn.2038-3460/23219,2026-02
9864,2038-3460,10.60923/issn.2038-3460/23981,2026-02
9864,2038-3460,10.60923/issn.2038-3460/23810,2026-02
9864,2038-3460,10.60923/issn.2038-3460/20701,2026-02
9864,2038-3460,10.60923/issn.2038-3460/23240,2026-02
9864,2038-3460,10.60923/issn.2038-3460/21591,2026-04
9864,2038-3460,10.60923/issn.2038-3460/21266,2026-02
9864,2038-3460,10.60923/issn.2038-3460/23811,2026-02
9864,2038-3460,10.60923/issn.2038-3460/23983,2026-02
9864,2038-3460,10.60923/issn.2038-3460/23979,2026-02
9864,2038-3460,10.60923/issn.2038-3460/23980,2026-02
9864,2038-3460,10.60923/issn.2038-3460/19150,2026-02
9866,2283-9364,10.60923/issn.2283-9364/25036,2026-05
9866,2283-9364,10.60923/issn.2283-9364/24890,2026-05
9866,2283-9364,10.60923/issn.2283-9364/25021,2026-05
9866,2283-9364,10.60923/issn.2283-9364/24900,2026-05
9866,2283-9364,10.60923/issn.2283-9364/24901,2026-05
9866,2283-9364,10.60923/issn.2283-9364/24903,2026-05
9866,2283-9364,10.60923/issn.2283-9364/24889,2026-05
9866,2283-9364,10.60923/issn.2283-9364/25038,2026-05
9866,2283-9364,10.60923/issn.2283-9364/25027,2026-05
9866,2283-9364,10.60923/issn.2283-9364/25026,2026-05
9866,2283-9364,10.60923/issn.2283-9364/25020,2026-05
9866,2283-9364,10.60923/issn.2283-9364/25024,2026-05
9866,2283-9364,10.60923/issn.2283-9364/23482,2025-12
9866,2283-9364,10.60923/issn.2283-9364/23539,2025-12
9866,2283-9364,10.60923/issn.2283-9364/23475,2025-12
9866,2283-9364,10.60923/issn.2283-9364/25025,2026-05
9866,2283-9364,10.60923/issn.2283-9364/24899,2026-05
9866,2283-9364,10.60923/issn.2283-9364/23476,2025-12
9866,2283-9364,10.60923/issn.2283-9364/23477,2025-12
9866,2283-9364,10.60923/issn.2283-9364/25023,2026-05
9868,2240-2829,10.60923/issn.2240-2829/23483,2026-02
9868,2240-2829,10.60923/issn.2240-2829/23566,2026-02
9868,2240-2829,10.60923/issn.2240-2829/24293,2026-02
9868,2240-2829,10.60923/issn.2240-2829/23556,2026-02
9868,2240-2829,10.60923/issn.2240-2829/23493,2026-02
9868,2240-2829,10.60923/issn.2240-2829/23470,2026-02
9868,2240-2829,10.60923/issn.2240-2829/23489,2026-02
9868,2240-2829,10.60923/issn.2240-2829/23490,2026-02
9868,2240-2829,10.60923/issn.2240-2829/23468,2026-02
9868,2240-2829,10.60923/issn.2240-2829/23464,2026-02
9871,2531-6133,10.60923/issn.2531-6133/23600,2025-12
9871,2531-6133,10.60923/issn.2531-6133/20646,2026-05
9871,2531-6133,10.60923/issn.2531-6133/21439,2026-03
9871,2531-6133,10.60923/issn.2531-6133/24304,2026-06
9871,2531-6133,10.60923/issn.2531-6133/26271,2026-09
9871,2531-6133,10.60923/issn.2531-6133/23306,2026-01
9871,2531-6133,10.60923/issn.2531-6133/21779,2026-06
9871,2531-6133,10.60923/issn.2531-6133/21749,2026-08
9887,2450-3452,10.34862/fo.2025.1.12,2026-07
9887,2450-3452,10.34862/fo.2024.2.4,2026-07
9887,2450-3452,10.34862/fo.2024.2.7,2026-07
9887,2450-3452,10.34862/fo.2024.2.2,2026-07
9887,2450-3452,10.34862/fo.2022.2.9,2026-07
9887,2450-3452,10.34862/fo.2021.1.2,2026-07
9887,2450-3452,10.34862/fo.2026.1.14,2026-08
9887,2450-3452,10.34862/fo.2020.2.3,2026-07
9887,2450-3452,10.34862/fo.2026.1.12,2026-08
9887,2450-3452,10.34862/fo.2019.2.7,2026-07
9887,2450-3452,10.34862/fo.2025.1.1,2026-07
9887,2450-3452,10.34862/fo.2021.2.1,2026-07
9887,2450-3452,10.34862/fo.2025.1.5,2026-07
9887,2450-3452,10.34862/fo.2021.2.5,2026-07
9887,2450-3452,10.34862/fo.2019.1.4,2026-07
9887,2450-3452,10.34862/fo.2026.1.6,2026-08
9887,2450-3452,10.34862/fo.2024.1.10,2026-07
9887,2450-3452,10.34862/fo.2020.2.5,2026-07
9887,2450-3452,10.34862/fo.2025.2.4,2026-04
9887,2450-3452,10.34862/fo.2019.1.6,2026-07
9947,2277-9604,10.68048/gjmedph.v15.i3.2026.01,2026-08
9999,2411-0566,10.35319/perspectivas.2025543,2025-11
9999,2411-0566,10.35319/perspectivas.2025544,2025-11
9999,2411-0566,10.35319/bwtv3282,2025-11
9999,2411-0566,10.35319/perspectivas.202556291,2026-01
9999,2411-0566,10.35319/perspectivas.202556289,2026-01
9999,2411-0566,10.35319/perspectivas.202556294,2026-01
9999,2411-0566,10.35319/perspectivas.2025542,2025-11
9999,2411-0566,10.35319/perspectivas.2025545,2025-11
9999,2411-0566,10.35319/perspectivas.2025546,2025-11
9999,2411-0566,10.35319/perspectivas.202556288,2026-01
9999,2411-0566,10.35319/perspectivas.202657301,2026-06
9999,2411-0566,10.35319/perspectivas.202556293,2026-01
9999,2411-0566,10.35319/perspectivas.202657303,2026-06
9999,2411-0566,10.35319/perspectivas.202657304,2026-06
9999,2411-0566,10.35319/perspectivas.202556287,2026-01
9999,2411-0566,10.35319/scdn0k88,2025-11
9999,2411-0566,10.35319/2ypj2q06,2025-11
9999,2411-0566,10.35319/perspectivas.202657297,2026-06
9999,2411-0566,10.35319/perspectivas.202556290,2026-01
9999,2411-0566,10.35319/sq3v5283,2025-11
10052,1984-6169,10.18764/1984-6169v25n1.2024.5,2024-09
10052,1984-6169,10.18764/1984-6169v25n1.2024.10,2024-09
10052,1984-6169,10.18764/1984-6169v26e28130,2026-01
10052,1984-6169,10.18764/1984-6169v25n1.2024.3,2024-09
10052,1984-6169,10.18764/1984-6169v25n2e26575,2026-01
10052,1984-6169,10.18764/1984-6169v25n1.2024.2,2024-09
10052,1984-6169,10.18764/1984-6169v25n2e23804,2026-01
10052,1984-6169,10.18764/1984-6169v25n2e24323,2026-01
10052,1984-6169,10.18764/1984-6169v25n1.2024.9,2024-09
10052,1984-6169,10.18764/1984-6169v25n1.2024.8,2024-09
10052,1984-6169,10.18764/1984-6169v26e28190,2026-01
10052,1984-6169,10.18764/1984-6169v25n1.2024.6,2024-09
10052,1984-6169,10.18764/1984-6169v26e28177,2026-01
10052,1984-6169,10.18764/1984-6169v25n1.2024.4,2024-09
10052,1984-6169,10.18764/1984-6169v25n2e21744,2026-01
10052,1984-6169,10.18764/1984-6169v26e28074,2026-01
10052,1984-6169,10.18764/1984-6169v25n2e24915,2026-01
10052,1984-6169,10.18764/1984-6169v25n1.2024.1,2024-09
10052,1984-6169,10.18764/1984-6169v25n2e22387,2026-01
10052,1984-6169,10.18764/1984-6169v25n1.2024.7,2024-09
10100,2239-625X,10.7340/anuac2239-625x-4679,2024-06
10100,2239-625X,10.7340/anuac2239-625x-81,2024-06
10100,2239-625X,10.7340/anuac2239-625x-165,2024-06
10100,2239-625X,10.7340/anuac2239-625x-67,2024-06
10100,2239-625X,10.7340/anuac2239-625x-5265,2024-06
10100,2239-625X,10.7340/anuac2239-625x-2597,2024-06
10100,2239-625X,10.7340/anuac2239-625x-4107,2024-06
10100,2239-625X,10.7340/anuac2239-625x-3399,2024-06
10100,2239-625X,10.7340/anuac2239-625x-2011,2024-06
10100,2239-625X,10.7340/anuac2239-625x-147,2024-06
10100,2239-625X,10.7340/anuac2239-625x-1991,2024-06
10100,2239-625X,10.7340/anuac2239-625x-4487,2024-06
10100,2239-625X,10.4000/1230t,2024-10
10100,2239-625X,10.4000/15ei7,2025-12
10100,2239-625X,10.7340/anuac2239-625x-189,2024-06
10100,2239-625X,10.7340/anuac2239-625x-3279,2024-06
10100,2239-625X,10.7340/anuac2239-625x-1986,2024-06
10100,2239-625X,10.7340/anuac2239-625x-5404,2024-06
10100,2239-625X,10.7340/anuac2239-625x-5403,2024-06
10100,2239-625X,10.7340/anuac2239-625x-5769,2024-06
10102,0390-590X,10.60923/issn.1973-2201/20506,2026-05
10102,0390-590X,10.60923/issn.1973-2201/22027,2025-11
10102,0390-590X,10.60923/issn.1973-2201/22201,2025-11
10102,0390-590X,10.60923/issn.1973-2201/14913,2026-05
10102,0390-590X,10.60923/issn.1973-2201/18579,2026-03
10102,0390-590X,10.60923/issn.1973-2201/22076,2025-11
10102,0390-590X,10.60923/issn.1973-2201/13446,2026-03
10102,0390-590X,10.60923/issn.1973-2201/20666,2025-11
10102,0390-590X,10.60923/issn.1973-2201/22034,2025-11
10102,0390-590X,10.60923/issn.1973-2201/22202,2025-11
10102,0390-590X,10.60923/issn.1973-2201/18816,2025-11
10102,0390-590X,10.60923/issn.1973-2201/22077,2025-11
10102,0390-590X,10.60923/issn.1973-2201/20656,2025-11
10102,0390-590X,10.60923/issn.1973-2201/22203,2025-11
10102,0390-590X,10.60923/issn.1973-2201/22046,2025-11
10102,0390-590X,10.60923/issn.1973-2201/21223,2026-05
10102,0390-590X,10.60923/issn.1973-2201/19750,2026-03
10102,0390-590X,10.60923/issn.1973-2201/22200,2025-11
10104,2240-3604,10.60923/issn.2240-3604/25994,2026-08
10104,2240-3604,10.60923/issn.2240-3604/25998,2026-08
10104,2240-3604,10.60923/issn.2240-3604/26002,2026-08
10104,2240-3604,10.60923/issn.2240-3604/25995,2026-08
10104,2240-3604,10.60923/issn.2240-3604/25991,2026-08
10104,2240-3604,10.60923/issn.2240-3604/26078,2026-08
10104,2240-3604,10.60923/issn.2240-3604/26095,2026-08
10104,2240-3604,10.60923/issn.2240-3604/25997,2026-08
10104,2240-3604,10.60923/issn.2240-3604/25990,2026-08
10104,2240-3604,10.60923/issn.2240-3604/26014,2026-08
10104,2240-3604,10.60923/issn.2240-3604/25989,2026-08
10104,2240-3604,10.60923/issn.2240-3604/26015,2026-08
10104,2240-3604,10.60923/issn.2240-3604/25992,2026-08
10104,2240-3604,10.60923/issn.2240-3604/25987,2026-08
10104,2240-3604,10.60923/issn.2240-3604/26009,2026-08
10104,2240-3604,10.60923/issn.2240-3604/25986,2026-08
10104,2240-3604,10.60923/issn.2240-3604/26000,2026-08
10104,2240-3604,10.60923/issn.2240-3604/26016,2026-08
10104,2240-3604,10.60923/issn.2240-3604/25993,2026-08
10104,2240-3604,10.60923/issn.2240-3604/26013,2026-08
10289,1741-8305,10.1177/174183050600400101,2026-06
10289,1741-8305,10.1177/174183051601400205,2026-06
10289,1741-8305,10.1177/174183050700500201,2026-06
10289,1741-8305,10.1177/174183050800600104,2026-06
10289,1741-8305,10.1177/174183051100905s01,2026-06
10289,1741-8305,10.1177/174183050700501s04,2026-06
10289,1741-8305,10.1177/174183051401200203,2026-06
10289,1741-8305,10.1177/174183051100900102,2026-06
10289,1741-8305,10.1177/174183051701500111,2026-06
10289,1741-8305,10.1177/174183050800600208,2026-06
10289,1741-8305,10.1177/174183051401208s02,2026-06
10289,1741-8305,10.1177/174183051601400103,2026-06
10289,1741-8305,10.1177/174183050900700102,2026-06
10289,1741-8305,10.1177/174183050600400108,2026-06
10289,1741-8305,10.1177/174183051201006s01,2026-06
10289,1741-8305,10.1177/174183051701500103,2026-06
10289,1741-8305,10.1177/174183051201000207,2026-06
10289,1741-8305,10.1177/174183051501309s07,2026-06
10289,1741-8305,10.1177/174183051301100207,2026-06
10289,1741-8305,10.1177/174183051701511s03,2026-06
10348,2284-242X,10.13128/scienze_territorio-19400,2026-03
10348,2284-242X,10.13128/scienze_territorio-22243,2026-03
10348,2284-242X,10.13128/scienze_territorio-14268,2026-03
10348,2284-242X,10.13128/scienze_territorio-24367,2026-03
10348,2284-242X,10.13128/scienze_territorio-14287,2026-03
10348,2284-242X,10.13128/sdt-13403,2026-03
10348,2284-242X,10.36253/sdt-15528,2025-10
10348,2284-242X,10.13128/sdt-13078,2026-03
10348,2284-242X,10.13128/scienze_territorio-16284,2026-03
10348,2284-242X,10.13128/scienze_territorio-14296,2026-03
10348,2284-242X,10.13128/scienze_territorio-14271,2026-03
10348,2284-242X,10.13128/sdt-13698,2026-03
10348,2284-242X,10.13128/scienze_territorio-14266,2026-03
10348,2284-242X,10.13128/sdt-12354,2026-03
10348,2284-242X,10.13128/scienze_territorio-24363,2026-03
10348,2284-242X,10.13128/sdt-12352,2026-03
10348,2284-242X,10.13128/sdt-10952,2026-03
10348,2284-242X,10.13128/scienze_territorio-19394,2026-03
10348,2284-242X,10.13128/scienze_territorio-14328,2026-03
10348,2284-242X,10.13128/sdt-12325,2026-03
10368,2695-4133,10.65121/revles1.09,2025-10
10368,2695-4133,10.65121/revles6.07,2025-10
10368,2695-4133,10.65121/revles5.05,2025-10
10368,2695-4133,10.65121/revles3.09,2025-10
10368,2695-4133,10.65121/revles5.08,2025-10
10368,2695-4133,10.65121/revles1.08,2025-10
10368,2695-4133,10.65121/revles1.05,2025-10
10368,2695-4133,10.65121/revles1.10,2025-10
10368,2695-4133,10.65121/revles1.12,2025-10
10368,2695-4133,10.65121/revles7.09,2025-10
10368,2695-4133,10.65121/revles4.04,2025-10
10368,2695-4133,10.65121/revles2.05,2025-10
10368,2695-4133,10.65121/revles1.03,2025-10
10368,2695-4133,10.65121/revles7.08,2025-10
10368,2695-4133,10.65121/revles1.06,2025-10
10368,2695-4133,10.65121/revles7.04,2025-10
10368,2695-4133,10.65121/revles1.02,2025-10
10368,2695-4133,10.65121/revles1.07,2025-10
10368,2695-4133,10.65121/revles5.07,2025-10
10368,2695-4133,10.65121/revles5.04,2025-10
10404,1852-2262,10.62174/cs.11324,2026-07
10404,1852-2262,10.62174/cs.11332,2026-07
10404,1852-2262,10.62174/cs.11319,2026-07
10404,1852-2262,10.62174/cs.11327,2026-07
10404,1852-2262,10.62174/cs.11330,2026-07
10404,1852-2262,10.62174/cs.11325,2026-07
10404,1852-2262,10.62174/cs.11326,2026-07
10404,1852-2262,10.62174/cs.11331,2026-07
10404,1852-2262,10.62174/cs.11321,2026-07
10404,1852-2262,10.62174/cs.11318,2026-07
10404,1852-2262,10.62174/cs.11322,2026-07
10404,1852-2262,10.62174/cs.11329,2026-07
10404,1852-2262,10.62174/cs.11320,2026-07
10404,1852-2262,10.62174/cs.11328,2026-07
10404,1852-2262,10.62174/cs.11323,2026-07
10425,2603-5324,10.37075/faba.2026.1.06,2026-06
10425,2603-5324,10.37075/faba.2026.1.01,2026-06
10425,2603-5324,10.37075/faba.2025.2.01,2025-12
10425,2603-5324,10.37075/faba.2026.1.04,2026-06
10425,2603-5324,10.37075/faba.2026.1.10,2026-06
10425,2603-5324,10.37075/faba.2025.1.05,2025-06
10425,2603-5324,10.37075/faba.2025.2.04,2025-12
10425,2603-5324,10.37075/faba.2024.2.09,2024-12
10425,2603-5324,10.37075/faba.2025.2.13,2025-12
10425,2603-5324,10.37075/faba.2026.1.02,2026-06
10425,2603-5324,10.37075/faba.2025.2.05,2025-12
10425,2603-5324,10.37075/faba.2025.1.01,2025-06
10425,2603-5324,10.37075/faba.2025.2.09,2025-12
10425,2603-5324,10.37075/faba.2025.1.07,2025-06
10425,2603-5324,10.37075/faba.2026.1.05,2026-06
10425,2603-5324,10.37075/faba.2024.2.12,2024-12
10425,2603-5324,10.37075/faba.2025.1.10,2025-06
10425,2603-5324,10.37075/faba.2025.1.02,2025-06
10425,2603-5324,10.37075/faba.2024.2.02,2024-12
10425,2603-5324,10.37075/faba.2024.2.06,2024-12
10436,2724-2463,10.60923/issn.2724-2463/23815,2026-03
10436,2724-2463,10.60923/issn.2724-2463/21421,2026-08
10436,2724-2463,10.60923/issn.2724-2463/21260,2026-03
10436,2724-2463,10.60923/issn.2724-2463/21220,2026-08
10436,2724-2463,10.60923/issn.2724-2463/21393,2026-08
10436,2724-2463,10.60923/issn.2724-2463/21529,2026-08
10436,2724-2463,10.60923/issn.2724-2463/24533,2026-08
10436,2724-2463,10.60923/issn.2724-2463/21440,2026-08
10436,2724-2463,10.60923/issn.2724-2463/24024,2026-08
10436,2724-2463,10.60923/issn.2724-2463/21420,2026-08
10436,2724-2463,10.60923/issn.2724-2463/21430,2026-08
10436,2724-2463,10.60923/issn.2724-2463/21540,2026-08
10436,2724-2463,10.60923/issn.2724-2463/21432,2026-08
10436,2724-2463,10.60923/issn.2724-2463/21463,2026-08
10436,2724-2463,10.60923/issn.2724-2463/23767,2026-03
10436,2724-2463,10.60923/issn.2724-2463/21457,2026-08
10436,2724-2463,10.60923/issn.2724-2463/21437,2026-08
10436,2724-2463,10.60923/issn.2724-2463/24025,2026-08
10436,2724-2463,10.60923/issn.2724-2463/22390,2026-03
10436,2724-2463,10.60923/issn.2724-2463/21691,2026-08
10886,2421-7220,10.36253/qulso-2421-7220-16580,2024-10
10886,2421-7220,10.36253/qulso-2421-7220-16578,2024-10
10886,2421-7220,10.13128/qulso-2421-7220-9705,2026-04
10886,2421-7220,10.13128/qulso-2421-7220-23844,2026-04
10886,2421-7220,10.13128/qulso-2421-7220-25975,2026-04
10886,2421-7220,10.13128/qulso-2421-7220-18752,2026-04
10886,2421-7220,10.13128/qulso-2421-7220-9710,2026-04
10886,2421-7220,10.13128/qulso-2421-7220-12000,2026-04
10886,2421-7220,10.13128/qulso-2421-7220-25970,2026-04
10886,2421-7220,10.13128/qulso-2421-7220-9699,2026-04
10886,2421-7220,10.13128/qulso-2421-7220-9701,2026-04
10886,2421-7220,10.36253/qulso-2421-7220-15156,2024-01
10886,2421-7220,10.13128/qulso-2421-7220-21344,2026-04
10886,2421-7220,10.36253/qulso-2421-7220-18668,2025-09
10886,2421-7220,10.36253/qulso-2421-7220-18701,2025-09
10886,2421-7220,10.13128/qulso-2421-7220-16514,2026-04
10886,2421-7220,10.13128/qulso-2421-7220-12009,2026-04
10886,2421-7220,10.13128/qulso-2421-7220-9711,2026-04
10886,2421-7220,10.13128/qulso-2421-7220-13599,2026-04
10886,2421-7220,10.36253/qulso-2421-7220-15157,2024-01
11009,2421-2695,10.60923/issn.2421-2695/25642,2026-07
11009,2421-2695,10.60923/issn.2421-2695/25824,2026-07
11009,2421-2695,10.60923/issn.2421-2695/23638,2025-12
11009,2421-2695,10.60923/issn.2421-2695/25780,2026-07
11009,2421-2695,10.60923/issn.2421-2695/23504,2025-12
11009,2421-2695,10.60923/issn.2421-2695/25753,2026-07
11009,2421-2695,10.60923/issn.2421-2695/25643,2026-07
11009,2421-2695,10.60923/issn.2421-2695/23590,2025-12
11009,2421-2695,10.60923/issn.2421-2695/23596,2025-12
11009,2421-2695,10.60923/issn.2421-2695/23591,2025-12
11009,2421-2695,10.60923/issn.2421-2695/25756,2026-07
11009,2421-2695,10.60923/issn.2421-2695/23510,2025-12
11009,2421-2695,10.60923/issn.2421-2695/25641,2026-07
11009,2421-2695,10.60923/issn.2421-2695/23634,2025-12
11009,2421-2695,10.60923/issn.2421-2695/23545,2025-12
11009,2421-2695,10.60923/issn.2421-2695/23599,2025-12
11009,2421-2695,10.60923/issn.2421-2695/25731,2026-07
11009,2421-2695,10.60923/issn.2421-2695/23630,2025-12
11009,2421-2695,10.60923/issn.2421-2695/25779,2026-07
11009,2421-2695,10.60923/issn.2421-2695/23557,2025-12
11012,1825-8670,10.60923/issn.1825-8670/21753,2025-08
11012,1825-8670,10.60923/issn.1825-8670/25933,2026-09
11012,1825-8670,10.60923/issn.1825-8670/24897,2026-09
11012,1825-8670,10.60923/issn.1825-8670/21352,2025-08
11012,1825-8670,10.60923/issn.1825-8670/22314,2026-02
11012,1825-8670,10.60923/issn.1825-8670/24521,2026-06
11012,1825-8670,10.60923/issn.1825-8670/23910,2026-09
11012,1825-8670,10.60923/issn.1825-8670/23310,2026-06
11012,1825-8670,10.60923/issn.1825-8670/24023,2026-09
11012,1825-8670,10.60923/issn.1825-8670/23800,2026-06
11012,1825-8670,10.60923/issn.1825-8670/24366,2026-06
11012,1825-8670,10.60923/issn.1825-8670/20427,2026-02
11012,1825-8670,10.60923/issn.1825-8670/22826,2026-09
11012,1825-8670,10.60923/issn.1825-8670/23760,2026-06
11012,1825-8670,10.60923/issn.1825-8670/24028,2026-02
11012,1825-8670,10.60923/issn.1825-8670/20509,2025-08
11012,1825-8670,10.60923/issn.1825-8670/21569,2025-08
11012,1825-8670,10.60923/issn.1825-8670/23679,2026-06
11012,1825-8670,10.60923/issn.1825-8670/24983,2026-09
11012,1825-8670,10.60923/issn.1825-8670/24508,2026-09
11014,2281-4485,10.60923/issn.2281-4485/23055,2026-03
11014,2281-4485,10.60923/issn.2281-4485/22990,2026-03
11014,2281-4485,10.60923/issn.2281-4485/23264,2026-01
11014,2281-4485,10.60923/issn.2281-4485/23113,2026-03
11014,2281-4485,10.60923/issn.2281-4485/24698,2026-08
11014,2281-4485,10.60923/issn.2281-4485/25980,2026-09
11014,2281-4485,10.60923/issn.2281-4485/22934,2026-05
11014,2281-4485,10.60923/issn.2281-4485/23197,2025-12
11014,2281-4485,10.60923/issn.2281-4485/24210,2026-03
11014,2281-4485,10.60923/issn.2281-4485/22664,2025-11
11014,2281-4485,10.60923/issn.2281-4485/22779,2025-12
11014,2281-4485,10.60923/issn.2281-4485/25766,2026-09
11014,2281-4485,10.60923/issn.2281-4485/22419,2025-10
11014,2281-4485,10.60923/issn.2281-4485/21975,2025-10
11014,2281-4485,10.60923/issn.2281-4485/23727,2026-03
11014,2281-4485,10.60923/issn.2281-4485/24117,2026-05
11014,2281-4485,10.60923/issn.2281-4485/23733,2026-03
11014,2281-4485,10.60923/issn.2281-4485/25175,2026-08
11014,2281-4485,10.60923/issn.2281-4485/23350,2026-03
11014,2281-4485,10.60923/issn.2281-4485/24587,2026-05
11016,2039-2281,10.60923/issn.2039-2281/23329,2025-12
11016,2039-2281,10.60923/issn.2039-2281/23471,2025-12
11016,2039-2281,10.60923/issn.2039-2281/23577,2025-12
11016,2039-2281,10.60923/issn.2039-2281/23463,2025-12
11016,2039-2281,10.60923/issn.2039-2281/23579,2025-12
11016,2039-2281,10.60923/issn.2039-2281/23319,2025-12
11016,2039-2281,10.60923/issn.2039-2281/23465,2025-12
11016,2039-2281,10.60923/issn.2039-2281/23469,2025-12
11016,2039-2281,10.60923/issn.2039-2281/23324,2025-12
11016,2039-2281,10.60923/issn.2039-2281/23328,2025-12
11016,2039-2281,10.60923/issn.2039-2281/23466,2025-12
11016,2039-2281,10.60923/issn.2039-2281/23575,2025-12
11016,2039-2281,10.60923/issn.2039-2281/23578,2025-12
11016,2039-2281,10.60923/issn.2039-2281/23460,2025-12
11151,1840-0132,10.17392/907-17,2024-04
11151,1840-0132,10.17392/903-17,2024-04
11151,1840-0132,10.17392/1618-23,2024-04
11151,1840-0132,10.17392/1175-20,2024-04
11151,1840-0132,10.17392/947-18,2024-04
11151,1840-0132,10.17392/981-19,2024-04
11151,1840-0132,10.17392/1171-20,2024-04
11151,1840-0132,10.17392/1721-21-02,2024-08
11151,1840-0132,10.17392/1040-19,2024-04
11151,1840-0132,10.17392/2010-23-01,2026-02
11151,1840-0132,10.17392/1703-21-02,2024-06
11151,1840-0132,10.17392/1223-21,2024-04
11151,1840-0132,10.17392/1770-22-01,2024-11
11151,1840-0132,10.17392/1786-21-02,2024-08
11151,1840-0132,10.17392/1862-22-02,2025-08
11151,1840-0132,10.17392/2056-23-01,2026-02
11151,1840-0132,10.17392/1348-21,2024-04
11151,1840-0132,10.17392/1033-19,2024-04
11151,1840-0132,10.17392/1675-23,2024-04
11151,1840-0132,10.17392/1584-23,2024-04
11332,0719-5737,10.58210/r100cs244,2024-07
11332,0719-5737,10.58210/r100cs259,2025-10
11332,0719-5737,10.58210/r100cs240,2025-05
11332,0719-5737,10.58210/r100cs257,2025-10
11332,0719-5737,10.58210/r100cs222,2023-08
11332,0719-5737,10.58210/r100cs258,2025-10
11332,0719-5737,10.58210/100cs253,2025-06
11332,0719-5737,10.58210/100cs251,2025-06
11332,0719-5737,10.58210/100cs254,2025-06
11332,0719-5737,10.58210/100cs.v8i2.224,2023-08
11332,0719-5737,10.58210/r100cs233,2023-12
11332,0719-5737,10.58210/r100cs239,2024-07
11332,0719-5737,10.58210/r100cs261,2025-10
11332,0719-5737,10.58210/r100cs234,2023-12
11332,0719-5737,10.58210/100cs.v8i2.221,2023-08
11332,0719-5737,10.58210/r100cs232,2023-12
11332,0719-5737,10.58210/r100cs230,2023-12
11332,0719-5737,10.58210/r100cs242,2024-07
11332,0719-5737,10.58210/r100cs229,2023-12
11332,0719-5737,10.58210/r100cs241,2024-07
11365,1529-8094,10.59236/ijea16n2,2026-04
11365,1529-8094,10.59236/ijea8n2,2026-04
11365,1529-8094,10.59236/ijea5r4,2026-04
11365,1529-8094,10.59236/ijea12n8,2026-04
11365,1529-8094,10.59236/ijea7n2,2026-04
11365,1529-8094,10.59236/ijea7r2,2026-04
11365,1529-8094,10.59236/ijea3r2,2026-04
11365,1529-8094,10.59236/ijea11r5,2026-04
11365,1529-8094,10.59236/ijea14si2.3,2026-04
11365,1529-8094,10.59236/ijea9n6,2026-04
11365,1529-8094,10.59236/ijea15n11,2026-04
11365,1529-8094,10.59236/ijea8n14,2026-04
11365,1529-8094,10.59236/ijea15n19,2026-04
11365,1529-8094,10.59236/ijea10n20,2026-04
11365,1529-8094,10.59236/ijea10n4,2026-04
11365,1529-8094,10.59236/ijea9n9,2026-04
11365,1529-8094,10.59236/ijea6n1,2026-04
11365,1529-8094,10.59236/ijea12n1,2026-04
11365,1529-8094,10.59236/ijea14si1.5,2026-04
11365,1529-8094,10.59236/ijea9int1,2026-04
11448,2378-1394,10.22382/bpb-2024-003,2025-02
11448,2378-1394,10.22382/bpb-2025-003,2025-11
11448,2378-1394,10.22382/bpb-2024-001,2024-01
11455,1179-7673,10.61468/jofdl.v15i1.25,2023-09
11455,1179-7673,10.61468/jofdl.v20i2.272,2023-09
11455,1179-7673,10.61468/jofdl.v28i2.693,2025-06
11455,1179-7673,10.61468/jofdl.v25i2.477,2023-09
11455,1179-7673,10.61468/jofdl.v27i2.671,2024-07
11455,1179-7673,10.61468/jofdl.v28i1.625,2024-10
11455,1179-7673,10.61468/jofdl.v20i1.284,2023-09
11455,1179-7673,10.61468/jofdl.v16i1.85,2023-09
11455,1179-7673,10.61468/jofdl.v16i1.86,2023-09
11455,1179-7673,10.61468/jofdl.v27i2.655,2024-07
11455,1179-7673,10.61468/jofdl.v21i1.323,2023-09
11455,1179-7673,10.61468/jofdl.v16i1.104,2023-09
11455,1179-7673,10.61468/jofdl.v25i1.451,2023-09
11455,1179-7673,10.61468/jofdl.v24i1.411,2023-09
11455,1179-7673,10.61468/jofdl.v19i2.99,2023-09
11455,1179-7673,10.61468/jofdl.v23i1.349,2023-09
11455,1179-7673,10.61468/jofdl.v17i1.195,2023-09
11455,1179-7673,10.61468/jofdl.v23i2.375,2023-09
11455,1179-7673,10.61468/jofdl.v21i2.328,2023-09
11455,1179-7673,10.61468/jofdl.v23i2.391,2023-09
11470,2460-0938,10.47759/dnm89g28,2026-01
11470,2460-0938,10.47759/dh8z7q68,2026-01
11470,2460-0938,10.47759/vbcqgh53,2026-05
11470,2460-0938,10.47759/f7ws8z58,2026-01
11470,2460-0938,10.47759/kvc5d159,2026-01
11470,2460-0938,10.47759/dph9cy35,2026-01
11470,2460-0938,10.47759/h4nwr533,2026-06
11470,2460-0938,10.47759/t87bv576,2026-01
11470,2460-0938,10.47759/c0q8gj78,2026-06
11470,2460-0938,10.47759/6v1vk779,2026-01
11470,2460-0938,10.47759/mwvfp704,2026-07
11470,2460-0938,10.47759/atf1py76,2026-01
11470,2460-0938,10.47759/hke0a042,2026-01
11470,2460-0938,10.47759/7cw50626,2026-01
11470,2460-0938,10.47759/h6kf7053,2026-01
11470,2460-0938,10.47759/a1qjxv63,2026-01
11470,2460-0938,10.47759/4129m908,2026-07
11470,2460-0938,10.47759/kkmbse24,2026-01
11470,2460-0938,10.47759/1hdmd765,2026-01
11470,2460-0938,10.47759/km3e6080,2026-01
11507,1575-5533,10.1344/efe-2025-34-21-40,2025-04
11507,1575-5533,10.1344/efe-2024-33-69-90,2024-07
11507,1575-5533,10.1344/efe-2023-32-243-254,2024-05
11507,1575-5533,10.1344/efe-2025-34-193-206,2025-10
11507,1575-5533,10.1344/efe-2023-32-21-42,2023-07
11507,1575-5533,10.1344/efe-2026-35-103-126,2026-07
11507,1575-5533,10.1344/efe-2022-31-67-79,2025-04
11507,1575-5533,10.1344/efe-2025-34-231-235,2026-02
11507,1575-5533,10.1344/efe-2022-31-97-115,2025-04
11507,1575-5533,10.1344/efe-2022-31-31-44,2025-04
11507,1575-5533,10.1344/efe-2023-32-81-104,2023-07
11507,1575-5533,10.1344/efe-2025-34-57-76,2025-04
11507,1575-5533,10.1344/efe-2023-32-61-80,2023-07
11507,1575-5533,10.1344/efe-2024-33-35-56,2024-05
11507,1575-5533,10.1344/efe-2024-33-7-34,2024-05
11507,1575-5533,10.1344/efe-2021-30-227-245,2025-04
11507,1575-5533,10.1344/efe-2024-33-213-215,2025-02
11507,1575-5533,10.1344/efe-2023-32-87-110,2024-01
11507,1575-5533,10.1344/efe2022.vol31.1,2023-07
11507,1575-5533,10.1344/efe-2021-30-249-250,2025-04
11515,1930-1928,10.64864/955cb9ba-d259-4fca-8ed5-1cfa0f2d5e39,2026-09
11515,1930-1928,10.64864/c502ade0-94eb-42b9-b121-0458ad25d6b9,2026-09
11515,1930-1928,10.64864/de000751-16a7-4682-bb3c-355ca3647190,2026-09
11515,1930-1928,10.64864/bcc364df-b893-465c-99a3-fbcd7f06ea1d,2026-09
11515,1930-1928,10.64864/15bdb837-394f-40ed-98da-ff35eb1f20fe,2026-09
11515,1930-1928,10.64864/361080f8-c426-45e4-8ca5-68e741823548,2026-09
11515,1930-1928,10.64864/66be7cdf-83e7-434a-a6c3-f77cd6690035,2026-09
11515,1930-1928,10.64864/77dd8e5a-0b5b-41d2-96f5-5698a3084a21,2026-09
11515,1930-1928,10.64864/e40864c6-045f-4c98-a1aa-6cb280a22be2,2026-09
11515,1930-1928,10.64864/02a24d08-9255-4ebe-bc9b-7c5bdbefa998,2026-09
11515,1930-1928,10.64864/ab66817a-76b3-4d40-9604-9eed03992008,2026-09
11515,1930-1928,10.64864/627708ac-5f01-41c5-b935-acac13f75fd6,2026-09
11515,1930-1928,10.64864/9cd48077-037b-414e-a9bd-b57aef6de9de,2026-09
11515,1930-1928,10.64864/32e2c973-6448-468f-8b59-c10c1c704256,2026-09
11515,1930-1928,10.64864/5f696078-fa10-4c2b-a5be-3150a7f87003,2026-09
11515,1930-1928,10.64864/7cb16ebc-0dda-44c4-87b7-4645953b6c57,2026-09
11515,1930-1928,10.64864/384df787-a59f-4a71-bc2b-69a8485b14a0,2026-09
11515,1930-1928,10.64864/49bbb24a-82e6-4568-89f1-d60deba45aef,2026-09
11515,1930-1928,10.64864/5ce3e847-1ce0-4c20-b670-287e99da004f,2026-09
11515,1930-1928,10.64864/e7fd553d-0a1d-4e2a-ae36-f6e36c8bbf5f,2026-09
11525,2164-7992,10.65214/2164-7992.1222,2025-10
11525,2164-7992,10.65214/2164-7992.1519,2025-10
11525,2164-7992,10.65214/2164-7992.1175,2025-10
11525,2164-7992,10.65214/2164-7992.1341,2025-10
11525,2164-7992,10.65214/2164-7992.1736,2025-10
11525,2164-7992,10.65214/2164-7992.1246,2025-10
11525,2164-7992,10.65214/2164-7992.1007,2025-10
11525,2164-7992,10.65214/2164-7992.1326,2025-10
11525,2164-7992,10.65214/2164-7992.1035,2025-10
11525,2164-7992,10.65214/2164-7992.1706,2025-10
11525,2164-7992,10.65214/2164-7992.1012,2025-10
11525,2164-7992,10.65214/2164-7992.1356,2025-10
11525,2164-7992,10.65214/2164-7992.1461,2025-10
11525,2164-7992,10.65214/2164-7992.1637,2025-10
11525,2164-7992,10.65214/2164-7992.1567,2025-10
11525,2164-7992,10.65214/2164-7992.1345,2025-10
11525,2164-7992,10.65214/2164-7992.1034,2025-10
11525,2164-7992,10.65214/2164-7992.1580,2025-10
11525,2164-7992,10.65214/2164-7992.1193,2025-10
11525,2164-7992,10.65214/2164-7992.1227,2025-10
11529,0365-3439,10.32592/ari.2024.79.5.1031,2024-12
11529,0365-3439,10.32592/ari.2025.80.1.85,2025-06
11529,0365-3439,10.32592/ari.2024.79.3.449,2024-08
11529,0365-3439,10.32592/ari.2024.79.2.321,2024-08
11529,0365-3439,10.32592/ari.2024.79.5.897,2024-11
11529,0365-3439,10.32592/ari.2024.79.4.865,2024-12
11529,0365-3439,10.32592/ari.2024.79.1.218,2024-04
11529,0365-3439,10.32592/ari.2025.80.1.19,2025-05
11529,0365-3439,10.32592/ari.2025.80.1.179,2025-08
11529,0365-3439,10.32592/ari.2024.79.2.403,2024-08
11529,0365-3439,10.32592/ari.2025.80.1.51,2025-06
11529,0365-3439,10.32592/ari.2024.79.1.102,2024-04
11529,0365-3439,10.32592/ari.2024.79.5.981,2024-12
11529,0365-3439,10.32592/ari.2023.78.5.1657,2023-11
11529,0365-3439,10.32592/ari.2025.80.2.535,2025-08
11529,0365-3439,10.32592/ari.2023.78.5.1603,2023-11
11529,0365-3439,10.32592/ari.2024.79.2.379,2024-08
11529,0365-3439,10.32592/ari.2023.78.4.1305,2023-09
11529,0365-3439,10.32592/ari.2024.79.6.1319,2025-03
11529,0365-3439,10.32592/ari.2023.78.6.1822,2024-02
11566,1753-0296,10.69864/ijbsam.7-2.80,2024-09
11566,1753-0296,10.69864/ijbsam.2-1.6,2024-09
11566,1753-0296,10.69864/ijbsam.7-2.81,2024-09
11566,1753-0296,10.69864/ijbsam.19-1.182,2024-09
11566,1753-0296,10.69864/ijbsam.12-1.122,2024-09
11566,1753-0296,10.69864/ijbsam.18-3.179,2024-09
11566,1753-0296,10.69864/ijbsam.5-2.54,2024-09
11566,1753-0296,10.69864/ijbsam.7-3.92,2024-09
11566,1753-0296,10.69864/ijbsam.11-2.119,2024-09
11566,1753-0296,10.69864/ijbsam.5-3.59,2024-09
11566,1753-0296,10.69864/ijbsam.16-1.140,2024-09
11566,1753-0296,10.69864/ijbsam.9-1.98,2024-09
11566,1753-0296,10.69864/ijbsam.4-3.46,2024-09
11566,1753-0296,10.69864/ijbsam.18-1.171,2024-09
11566,1753-0296,10.69864/ijbsam.10-2.111,2024-09
11566,1753-0296,10.69864/ijbsam.7-2.83,2024-09
11566,1753-0296,10.69864/ijbsam.13-1.131,2024-09
11566,1753-0296,10.69864/ijbsam.3-1.22,2024-09
11566,1753-0296,10.69864/ijbsam.18-1.168,2024-09
11566,1753-0296,10.69864/ijbsam.7-2.87,2024-09
11601,1836-6821,10.21313/10524/52554,2026-05
11601,1836-6821,10.21313/10524/52553,2026-05
11601,1836-6821,10.21313/10524/52559,2026-05
11601,1836-6821,10.21313/10524/52557,2026-05
11601,1836-6821,10.21313/10524/52555,2026-05
11601,1836-6821,10.21313/10524/52560,2026-05
11601,1836-6821,10.21313/10524/52556,2026-05
11601,1836-6821,10.21313/10524/52552,2026-05
11601,1836-6821,10.21313/10524/52558,2026-05
11657,2686-7877,10.34753/hs.2019.1.3.001,2024-07
11657,2686-7877,10.34753/hs.2021.3.1.19,2024-07
11657,2686-7877,10.34753/hs.2019.1.1.003,2024-07
11657,2686-7877,10.34753/hs.2021.3.4.346,2024-07
11657,2686-7877,10.34753/hs.2024.6.4.361,2025-07
11657,2686-7877,10.34753/hs.2019.1.1.002,2024-07
11657,2686-7877,10.34753/hs.2022.4.2.139,2024-07
11657,2686-7877,10.34753/hs.2021.3.2.166,2024-07
11657,2686-7877,10.34753/hs.2020.2.4.405,2024-07
11657,2686-7877,10.34753/hs.2025.7.2.181,2025-11
11657,2686-7877,10.34753/hs.2023.5.4.353,2024-07
11657,2686-7877,10.34753/hs.2021.3.3.250,2024-07
11657,2686-7877,10.34753/hs.2020.2.1.19,2024-07
11657,2686-7877,10.34753/hs.2024.6.4.399,2025-07
11657,2686-7877,10.34753/hs.2020.2.2.112,2024-07
11657,2686-7877,10.34753/hs.2023.5.3.291,2024-07
11657,2686-7877,10.34753/hs.2023.5.2.160,2024-07
11657,2686-7877,10.34753/hs.2019.1.3.003,2024-07
11657,2686-7877,10.34753/hs.2026.8.1.74,2026-08
11657,2686-7877,10.34753/hs.2025.7.2.166,2025-11
11681,2545-0271,10.2478/in-2023-0011,2023-06
11681,2545-0271,10.2478/in-2025-0043,2025-12
11681,2545-0271,10.2478/in-2025-0026,2025-12
11681,2545-0271,10.2478/in-2025-0003,2025-05
11681,2545-0271,10.2478/in-2025-0025,2025-12
11681,2545-0271,10.2478/in-2026-0005,2026-05
11681,2545-0271,10.2478/in-2023-0010,2023-06
11681,2545-0271,10.2478/in-2026-0020,2026-06
11681,2545-0271,10.2478/in-2025-0005,2025-05
11681,2545-0271,10.2478/in-2024-0029,2024-12
11681,2545-0271,10.2478/in-2023-0024,2023-06
11681,2545-0271,10.2478/in-2023-0004,2023-05
11681,2545-0271,10.2478/in-2025-0019,2025-08
11681,2545-0271,10.2478/in-2025-0042,2025-12
11681,2545-0271,10.2478/in-2024-0002,2024-06
11681,2545-0271,10.2478/in-2023-0018,2023-06
11681,2545-0271,10.2478/in-2025-0015,2025-08
11681,2545-0271,10.2478/in-2023-0032,2024-01
11681,2545-0271,10.2478/in-2024-0023,2024-11
11681,2545-0271,10.2478/in-2025-0018,2025-08
11737,1808-1967,10.5016/pem.v15i2.3279,2025-11
11737,1808-1967,10.5016/pem.v14i2.3379,2025-11
11737,1808-1967,10.5016/pem.v20i1.2843,2025-11
11737,1808-1967,10.5016/pem.v2i1.3981,2025-12
11737,1808-1967,10.5016/pem.v4i1.3917,2025-12
11737,1808-1967,10.5016/pem.v9i1.3588,2025-12
11737,1808-1967,10.5016/pem.v5i2.3884,2025-12
11737,1808-1967,10.5016/pem.v13i2.3447,2025-12
11737,1808-1967,10.5016/pem.v12i1.3459,2025-12
11737,1808-1967,10.5016/pem.v9i1.3597,2025-12
11737,1808-1967,10.5016/pem.v7i2.3771,2025-12
11737,1808-1967,10.5016/pem.v20i2.2848,2025-11
11737,1808-1967,10.5016/pem.v17i1.3066,2025-11
11737,1808-1967,10.5016/pem.v14i2.3372,2025-11
11737,1808-1967,10.5016/pem.v21i1.3934,2025-12
11737,1808-1967,10.5016/pem.v22.e4296,2026-08
11737,1808-1967,10.5016/pem.v17i1.3057,2025-11
11737,1808-1967,10.5016/pem.v14i1.3375,2025-11
11737,1808-1967,10.5016/pem.v20i2.2847,2025-11
11737,1808-1967,10.5016/pem.v17i1.3051,2025-11
11766,2300-1690,10.18778/2300-1690.24.10,2023-11
11766,2300-1690,10.18778/2300-1690.24.02,2023-11
11766,2300-1690,10.18778/2300-1690.18.04,2023-12
11766,2300-1690,10.18778/2300-1690.25.03,2023-12
11766,2300-1690,10.18778/2300-1690.29.06,2025-12
11766,2300-1690,10.18778/2300-1690.29.01,2025-12
11766,2300-1690,10.18778/2300-1690.28.03,2025-11
11766,2300-1690,10.18778/2300-1690.25.06,2023-12
11766,2300-1690,10.18778/2300-1690.20.01,2023-12
11766,2300-1690,10.18778/2300-1690.28.09,2025-11
11766,2300-1690,10.18778/2300-1690.23.11,2023-11
11766,2300-1690,10.18778/2300-1690.19.07,2023-12
11766,2300-1690,10.18778/2300-1690.20.08,2023-12
11766,2300-1690,10.18778/2300-1690.17.07,2023-12
11766,2300-1690,10.18778/2300-1690.27.01,2024-12
11766,2300-1690,10.18778/2300-1690.22.08,2023-12
11766,2300-1690,10.18778/2300-1690.24.04,2023-11
11766,2300-1690,10.18778/2300-1690.26.04,2024-11
11766,2300-1690,10.18778/2300-1690.18.06,2023-12
11766,2300-1690,10.18778/2300-1690.21.08,2023-12
11787,2709-6092,10.2166/wrd.2023.129,2023-12
11787,2709-6092,10.2166/wrd.2026.094,2026-03
11787,2709-6092,10.2166/wrd.2023.046,2023-07
11787,2709-6092,10.2166/wrd.2025.033,2025-09
11787,2709-6092,10.2166/wrd.2026.018,2026-07
11787,2709-6092,10.2166/wrd.2026.133,2026-05
11787,2709-6092,10.2166/wrd.2025.120,2026-01
11787,2709-6092,10.2166/wrd.2025.104,2025-02
11787,2709-6092,10.2166/wrd.2025.031,2025-09
11787,2709-6092,10.2166/wrd.2023.029,2023-07
11787,2709-6092,10.2166/wrd.2026.121,2026-04
11787,2709-6092,10.2166/wrd.2026.067,2026-06
11787,2709-6092,10.2166/wrd.2025.111,2025-05
11787,2709-6092,10.2166/wrd.2025.025,2025-09
11787,2709-6092,10.2166/wrd.2025.067,2025-10
11787,2709-6092,10.2166/wrd.2023.025,2023-05
11787,2709-6092,10.2166/wrd.2024.103,2024-05
11787,2709-6092,10.2166/wrd.2024.055,2024-10
11787,2709-6092,10.2166/wrd.2025.052,2025-06
11787,2709-6092,10.2166/wrd.2024.113,2024-03
11802,2446-5259,10.26512/2446-52592016e19234,2026-04
11802,2446-5259,10.26512/2446-52592017e19181,2026-04
11802,2446-5259,10.26512/2446-52592016e19253,2026-04
11802,2446-5259,10.26512/2446-52592019e20944,2026-04
11802,2446-5259,10.26512/2446-52592017e19194,2026-04
11802,2446-5259,10.26512/2446-52592019e27104,2026-04
11802,2446-5259,10.26512/2446-52592016e19229,2026-04
11802,2446-5259,10.26512/2446-52592017e19203,2026-04
11802,2446-5259,10.26512/2446-52592016e19240,2026-04
11802,2446-5259,10.26512/2446-52592018e19133,2026-04
11802,2446-5259,10.26512/2446-52592017e19178,2026-04
11802,2446-5259,10.26512/2446-52592020e20926,2026-04
11802,2446-5259,10.26512/2446-52592018e18736,2026-04
11802,2446-5259,10.26512/2446-52592021e37937,2026-04
11802,2446-5259,10.26512/2446-52592015e19303,2026-04
11802,2446-5259,10.26512/2446-52592020e31217,2026-04
11802,2446-5259,10.26512/2446-52592017e19196,2026-04
11802,2446-5259,10.26512/2446-52592018e19134,2026-04
11802,2446-5259,10.26512/2446-52592015e19324,2026-04
11802,2446-5259,10.26512/2446-52592020e28464,2026-04
11808,1852-9879,10.62174/cm.11345,2026-07
11808,1852-9879,10.62174/cm.11348,2026-07
11808,1852-9879,10.62174/cm.11343,2026-07
11808,1852-9879,10.62174/cm.11342,2026-07
11808,1852-9879,10.62174/cm.11341,2026-07
11808,1852-9879,10.62174/cm.11338,2026-07
11808,1852-9879,10.62174/cm.11340,2026-07
11808,1852-9879,10.62174/cm.11344,2026-07
11808,1852-9879,10.62174/cm.11339,2026-07
11808,1852-9879,10.62174/cm.11347,2026-07
11808,1852-9879,10.62174/cm.11346,2026-07
11829,1885-8252,10.58992/rcdp.i69.2024.4318,2024-12
11829,1885-8252,10.58992/rcdp.i66.2023.3941,2023-06
11829,1885-8252,10.58992/rcdp.i67.2023.4017,2023-12
11829,1885-8252,10.58992/rcdp.i69.2024.4319,2024-12
11829,1885-8252,10.58992/rcdp.i71.2025.4502,2025-12
11829,1885-8252,10.58992/rcdp.i72.2026.4539,2026-06
11829,1885-8252,10.58992/rcdp.i70.2025.4393,2025-06
11829,1885-8252,10.58992/rcdp.i68.2024.4185,2024-06
11829,1885-8252,10.58992/rcdp.i69.2024.4292,2024-12
11829,1885-8252,10.58992/rcdp.i72.2026.4637,2026-06
11829,1885-8252,10.58992/rcdp.i67.2023.4116,2023-12
11829,1885-8252,10.58992/rcdp.i68.2024.4242,2024-06
11829,1885-8252,10.58992/rcdp.i69.2024.4394,2024-12
11829,1885-8252,10.58992/rcdp.i66.2023.3922,2023-06
11829,1885-8252,10.58992/rcdp.i69.2024.4355,2024-12
11829,1885-8252,10.58992/rcdp.i69.2024.4171,2024-12
11829,1885-8252,10.58992/rcdp.i69.2024.4289,2024-12
11829,1885-8252,10.58992/rcdp.i66.2023.3998,2023-06
11829,1885-8252,10.58992/rcdp.i70.2025.4425,2025-06
11829,1885-8252,10.58992/rcdp.i67.2023.3969,2023-12
11833,1752-3079,10.21827/cadaad.17.2.42612,2026-01
11833,1752-3079,10.21827/cadaad.15.2.42222,2024-11
11833,1752-3079,10.21827/cadaad.17.2.42192,2025-11
11833,1752-3079,10.21827/cadaad.15.2.42223,2024-11
11833,1752-3079,10.21827/cadaad.16.1.42214,2024-11
11833,1752-3079,10.21827/cadaad.15.2.42218,2024-11
11833,1752-3079,10.21827/cadaad.16.2.42215,2024-11
11833,1752-3079,10.21827/cadaad.18.1.42451,2026-07
11833,1752-3079,10.21827/cadaad.17.2.42198,2025-11
11833,1752-3079,10.21827/cadaad.14.2.41616,2024-11
11833,1752-3079,10.21827/cadaad.18.1.42479,2026-06
11833,1752-3079,10.21827/cadaad.14.1.41608,2024-11
11833,1752-3079,10.21827/cadaad.15.1.41598,2024-11
11833,1752-3079,10.21827/cadaad.17.1.42443,2025-05
11833,1752-3079,10.21827/cadaad.14.1.41607,2024-11
11833,1752-3079,10.21827/cadaad.14.1.41606,2024-11
11833,1752-3079,10.21827/cadaad.14.2.41618,2024-11
11833,1752-3079,10.21827/cadaad.14.1.41603,2024-11
11833,1752-3079,10.21827/cadaad.15.1.41591,2024-11
11833,1752-3079,10.21827/cadaad.14.1.41613,2024-11
11845,1513-6442,10.59865/prajn.2025.10,2025-07
11845,1513-6442,10.59865/prajn.2025.8,2025-07
11845,1513-6442,10.59865/prajn.2025.11,2025-07
11845,1513-6442,10.59865/prajn.2024.9,2025-03
11845,1513-6442,10.59865/prajn.2024.2,2024-01
11845,1513-6442,10.59865/prajn.2026.5,2026-01
11845,1513-6442,10.59865/prajn.2025.7,2025-07
11845,1513-6442,10.59865/prajn.2024.10,2025-03
11845,1513-6442,10.59865/prajn.2026.4,2026-01
11845,1513-6442,10.59865/prajn.2026.9,2026-07
11845,1513-6442,10.59865/prajn.2026.7,2026-07
11845,1513-6442,10.59865/prajn.2024.12,2025-03
11845,1513-6442,10.59865/prajn.2024.6,2024-01
11845,1513-6442,10.59865/prajn.2025.5,2025-03
11845,1513-6442,10.59865/prajn.2026.13,2026-07
11845,1513-6442,10.59865/prajn.2025.2,2025-03
11845,1513-6442,10.59865/prajn.2024.8,2025-03
11845,1513-6442,10.59865/prajn.2026.14,2026-07
11845,1513-6442,10.59865/prajn.2025.3,2025-03
11845,1513-6442,10.59865/prajn.2024.5,2024-01
11862,1843-1348,10.63840/uvvg.sp.2023.33.008,2025-10
11862,1843-1348,10.63840/uvvg.sp.2021.30.008,2025-10
11862,1843-1348,10.63840/uvvg.sp.2020.27.002,2025-10
11862,1843-1348,10.63840/uvvg.sp.2023.33.006,2025-10
11862,1843-1348,10.63840/uvvg.sp.2022.32.004,2025-10
11862,1843-1348,10.63840/uvvg.sp.2023.33.005,2025-10
11862,1843-1348,10.63840/uvvg.sp.2024.35.001,2025-10
11862,1843-1348,10.63840/uvvg.sp.2023.34.003,2025-10
11862,1843-1348,10.63840/uvvg.sp.2022.32.006,2025-10
11862,1843-1348,10.63840/uvvg.sp.2020.27.001,2025-10
11862,1843-1348,10.63840/uvvg.sp.2023.33.007,2025-10
11862,1843-1348,10.63840/uvvg.sp.2022.32.001,2025-10
11862,1843-1348,10.63840/uvvg.sp.2023.34.004,2025-10
11862,1843-1348,10.63840/uvvg.sp.2021.30.003,2025-10
11862,1843-1348,10.63840/uvvg.sp.2021.30.004,2025-10
11862,1843-1348,10.63840/uvvg.sp.2022.31.002,2025-10
11862,1843-1348,10.63840/uvvg.sp.2023.34.005,2025-10
11862,1843-1348,10.63840/uvvg.sp.2021.29.002,2025-10
11862,1843-1348,10.63840/uvvg.sp.2023.34.006,2025-10
11862,1843-1348,10.63840/uvvg.sp.2022.32.002,2025-10
11911,2364-3676,10.12766/jna.1999.59,2026-04
11911,2364-3676,10.12766/jna.2006.19,2026-04
11911,2364-3676,10.12766/jna.2010.40,2026-04
11911,2364-3676,10.12766/jna.2026.4,2026-09
11911,2364-3676,10.12766/jna.2005.14,2026-04
11911,2364-3676,10.12766/jna.2023.1,2026-04
11911,2364-3676,10.12766/jna.2000.86,2026-04
11911,2364-3676,10.12766/jna.2023.6,2026-04
11911,2364-3676,10.12766/jna.2024.1,2026-04
11911,2364-3676,10.12766/jna.2015.2,2026-04
11911,2364-3676,10.12766/jna.2008.22,2026-04
11911,2364-3676,10.12766/jna.2020.1,2026-04
11911,2364-3676,10.12766/jna.2010.33,2026-04
11911,2364-3676,10.12766/jna.2012.65,2026-04
11911,2364-3676,10.12766/jna.2022.4,2026-04
11911,2364-3676,10.12766/2014.2,2026-04
11911,2364-3676,10.12766/jna.2013.02,2026-04
11911,2364-3676,10.12766/jna.2016.1,2026-04
11911,2364-3676,10.12766/jna.2019s.10,2026-04
11911,2364-3676,10.12766/jna.2018.4,2026-04
11942,1869-6945,10.18461/ijfsd.v2i2.221,2025-03
11942,1869-6945,10.18461/ijfsd.v3i3.337,2025-03
11942,1869-6945,10.18461/ijfsd.v9i1.915,2025-03
11942,1869-6945,10.18461/ijfsd.v11i2.42,2025-03
11942,1869-6945,10.18461/ijfsd.v13i4.d2,2025-03
11942,1869-6945,10.18461/ijfsd.v11i4.59,2025-03
11942,1869-6945,10.18461/ijfsd.v9i2.925,2025-03
11942,1869-6945,10.18461/ijfsd.v9i3.937,2025-03
11942,1869-6945,10.18461/ijfsd.v2i1.214,2025-03
11942,1869-6945,10.18461/ijfsd.v1i1.116,2025-03
11942,1869-6945,10.18461/ijfsd.v2i1.213,2025-03
11942,1869-6945,10.18461/ijfsd.v11i2.46,2025-03
11942,1869-6945,10.18461/ijfsd.v11i1.39,2025-03
11942,1869-6945,10.18461/ijfsd.v3i2.321,2025-03
11942,1869-6945,10.18461/ijfsd.v12i1.75,2025-03
11942,1869-6945,10.1163/18696945-bja00005,2025-06
11942,1869-6945,10.1163/18696945-bja00033,2026-02
11942,1869-6945,10.18461/ijfsd.v15i5.m6,2025-03
11942,1869-6945,10.18461/ijfsd.v5i3.533,2025-03
11942,1869-6945,10.18461/ijfsd.v14i3.g5,2025-03
11953,2409-5605,10.4314/ajsw.v15i5.8,2026-05
11953,2409-5605,10.4314/ajsw.v13i4.3,2024-01
11953,2409-5605,10.4314/ajsw.v13i2.6,2024-01
11953,2409-5605,10.4314/ajsw.v14i6.5,2025-05
11953,2409-5605,10.4314/ajsw.v14i5.1,2026-05
11953,2409-5605,10.4314/ajsw.v15i3.4,2025-09
11953,2409-5605,10.4314/ajsw.v16i3.10,2026-07
11953,2409-5605,10.4314/ajsw.v14i5.8,2026-05
11953,2409-5605,10.4314/ajsw.v15i2.11,2025-07
11953,2409-5605,10.4314/ajsw.v15i1.6,2025-07
11953,2409-5605,10.4314/ajsw.v16i3.5,2026-07
11953,2409-5605,10.4314/ajsw.v15i4.5,2026-05
11953,2409-5605,10.4314/ajsw.v14i2.1,2024-08
11953,2409-5605,10.4314/ajsw.v14i2.3,2024-08
11953,2409-5605,10.4314/ajsw.v15i2.5,2025-07
11953,2409-5605,10.4314/ajsw.v13i6.4,2024-02
11953,2409-5605,10.4314/ajsw.v14i6.4,2025-05
11953,2409-5605,10.4314/ajsw.v16i2.6,2026-07
11953,2409-5605,10.4314/ajsw.v14i5.6,2026-05
11953,2409-5605,10.4314/ajsw.v13i4.1,2024-01
11965,2292-8588,10.55667/10.55667/ijede.2025.v40.i2.1373,2025-09
11965,2292-8588,10.55667/ijede.2022.v37.i1.1230,2022-09
11965,2292-8588,10.55667/10.55667/ijede.2024.v39.i1.1312,2024-07
11965,2292-8588,10.55667/ijede.2022.v37.i2.1233,2022-12
11965,2292-8588,10.55667/10.55667/ijede.2025.v40.i1.1371,2025-07
11965,2292-8588,10.55667/10.55667/ijede.2025.v40.i2.1382,2025-10
11965,2292-8588,10.55667/10.55667/ijede.2026.v41.i1.1422,2026-05
11965,2292-8588,10.55667/10.55667/ijede.2026.v41.i1.1380,2026-05
11965,2292-8588,10.55667/10.55667/ijede.2023.v38.i2.1300,2024-02
11965,2292-8588,10.55667/10.55667/ijede.2026.v41.i1.1381,2026-05
11965,2292-8588,10.55667/10.55667/ijede.2025.v40.i1.1360,2025-07
11965,2292-8588,10.55667/10.55667/ijede.2023.v38.i1.1250,2023-09
11965,2292-8588,10.55667/ijede.2022.v37.i2.1260,2023-01
11965,2292-8588,10.55667/ijede.2022.v37.i1.1219,2022-06
11965,2292-8588,10.55667/10.55667/ijede.2023.v38.i1.1266,2023-11
11965,2292-8588,10.55667/ijede.2022.v37.i2.1272,2023-02
11965,2292-8588,10.55667/10.55667/ijede.2023.v38.i1.1290,2023-09
11965,2292-8588,10.55667/10.55667/ijede.2026.v41.i1.1409,2026-05
11965,2292-8588,10.55667/10.55667/ijede.2024.v39.i2.1339,2024-12
11965,2292-8588,10.55667/10.55667/ijede.2026.v41.i1.1397,2026-07
12043,1072-6691,10.58997/ejde.sp.02.g1,2023-07
12043,1072-6691,10.58997/ejde.2021.04,2023-07
12043,1072-6691,10.58997/ejde.2020.37,2023-10
12043,1072-6691,10.58997/ejde.2021.65,2023-08
12043,1072-6691,10.58997/ejde.2020.103,2023-09
12043,1072-6691,10.58997/ejde.2022.05,2023-07
12043,1072-6691,10.58997/ejde.2023.67,2023-10
12043,1072-6691,10.58997/ejde.2025.44,2025-04
12043,1072-6691,10.58997/ejde.2025.46,2025-05
12043,1072-6691,10.58997/ejde.2021.77,2023-08
12043,1072-6691,10.58997/ejde.2022.17,2023-07
12043,1072-6691,10.58997/ejde.2021.49,2023-08
12043,1072-6691,10.58997/ejde.2024.30,2024-04
12043,1072-6691,10.58997/ejde.conf.26.l1,2023-07
12043,1072-6691,10.58997/ejde.2021.39,2023-08
12043,1072-6691,10.58997/ejde.2025.27,2025-03
12043,1072-6691,10.58997/ejde.2022.36,2023-07
12043,1072-6691,10.58997/ejde.2026.37,2026-05
12043,1072-6691,10.58997/ejde.2022.25,2023-07
12043,1072-6691,10.58997/ejde.2025.39,2025-04
12183,2492-0983,10.46608/leaves.vi1.44,2025-06
12183,2492-0983,10.46608/leaves.vi11.359,2025-06
12183,2492-0983,10.46608/leaves.v10i19.556,2025-06
12183,2492-0983,10.46608/leaves.vi3.259,2025-06
12183,2492-0983,10.46608/leaves.vi1.198,2025-06
12183,2492-0983,10.46608/leaves.vi16.11,2025-06
12183,2492-0983,10.46608/leaves.vi9.342,2025-06
12183,2492-0983,10.46608/leaves.vi11.355,2026-04
12183,2492-0983,10.46608/leaves.vi16.5,2026-04
12183,2492-0983,10.46608/leaves.vi10.351,2025-06
12183,2492-0983,10.46608/leaves.vi12.365,2025-06
12183,2492-0983,10.46608/leaves.vi2.212,2025-06
12183,2492-0983,10.46608/leaves.vi20.655,2026-04
12183,2492-0983,10.46608/leaves.vi1.192,2025-06
12183,2492-0983,10.46608/leaves.v21i.850,2026-04
12183,2492-0983,10.46608/leaves.vi15.29,2026-04
12183,2492-0983,10.46608/leaves.vi16.9,2025-06
12183,2492-0983,10.46608/leaves.vi14.386,2025-06
12183,2492-0983,10.46608/leaves.vi16.14,2026-04
12183,2492-0983,10.46608/leaves.vi4.270,2025-06
12227,2528-9691,10.23902/trkjnat.527846,2019-05
12227,2528-9691,10.23902/trkjnat.590839,2019-12
12227,2528-9691,10.23902/trkjnat.411785,2018-04
12227,2528-9691,10.23902/trkjnat.337274,2018-03
12227,2528-9691,10.23902/trkjnat.1356270,2024-03
12227,2528-9691,10.23902/trkjnat.1379302,2024-02
12227,2528-9691,10.23902/trkjnat.356750,2018-04
12227,2528-9691,10.23902/trkjnat.424305,2018-09
12227,2528-9691,10.23902/trkjnat.1135237,2022-12
12227,2528-9691,10.23902/trkjnat.2025914,2025-12
12227,2528-9691,10.23902/trkjnat.202598,2026-04
12227,2528-9691,10.23902/trkjnat.2025122,2026-04
12227,2528-9691,10.23902/trkjnat.746096,2020-09
12227,2528-9691,10.23902/trkjnat.02579,2025-12
12227,2528-9691,10.23902/trkjnat.901480,2021-08
12227,2528-9691,10.23902/trkjnat.202615,2026-06
12227,2528-9691,10.23902/trkjnat.758920,2020-09
12227,2528-9691,10.23902/trkjnat.1475517,2024-10
12227,2528-9691,10.23902/trkjnat.1339397,2023-11
12227,2528-9691,10.23902/trkjnat.878417,2021-08
12267,2168-670X,10.58464/2168-670x.1387,2023-11
12267,2168-670X,10.58464/2168-670x.1453,2023-11
12267,2168-670X,10.58464/2168-670x.1043,2023-11
12267,2168-670X,10.58464/2168-670x.1198,2023-11
12267,2168-670X,10.58464/2168-670x.1389,2023-11
12267,2168-670X,10.58464/2168-670x.1465,2023-11
12267,2168-670X,10.58464/2168-670x.1427,2023-11
12267,2168-670X,10.58464/2168-670x.1150,2023-11
12267,2168-670X,10.58464/2168-670x.1255,2023-11
12267,2168-670X,10.58464/2168-670x.1208,2023-11
12267,2168-670X,10.58464/2168-670x.1186,2023-11
12267,2168-670X,10.58464/2168-670x.1326,2023-11
12267,2168-670X,10.58464/2168-670x.1278,2023-11
12267,2168-670X,10.58464/2168-670x.1196,2023-11
12267,2168-670X,10.58464/2168-670x.1152,2023-11
12267,2168-670X,10.58464/2168-670x.1134,2023-11
12267,2168-670X,10.58464/2168-670x.1304,2023-11
12267,2168-670X,10.58464/2168-670x.1057,2023-11
12267,2168-670X,10.58464/2168-670x.1447,2023-11
12267,2168-670X,10.58464/2168-670x.1070,2023-11
12321,2039-0491,10.12838/fam/issn2039-0491/n26-2014/128,2024-06
12321,2039-0491,10.12838/fam/issn2039-0491/n34-2015/70,2024-06
12321,2039-0491,10.12838/fam/issn2039-0491/n26-2014/123,2024-06
12321,2039-0491,10.12838/fam/issn2039-0491/n64-2023/973,2024-06
12321,2039-0491,10.12838/fam/issn2039-0491/n56-2021/858,2024-06
12321,2039-0491,10.12838/issn.20390491/n34.2015/2,2024-06
12321,2039-0491,10.12838/fam/issn2039-0491/n45/46-2018/212,2024-06
12321,2039-0491,10.12838/fam/issn2039-0491/n59-60-2022/907,2024-06
12321,2039-0491,10.12838/fam/issn2039-0491/n56-2021/849,2024-06
12321,2039-0491,10.12838/fam/issn2039-0491/n57/58-2021/745,2024-06
12321,2039-0491,10.12838/fam/issn2039-0491/n26-2014/127,2024-06
12321,2039-0491,10.12838/fam/issn2039-0491/n52-53-2020/540,2024-06
12321,2039-0491,10.12838/issn.20390491/n31.2015/5,2024-06
12321,2039-0491,10.12838/fam/issn2039-0491/n43-2018/139,2024-06
12321,2039-0491,10.12838/fam/issn2039-0491/n59-2022/853,2024-06
12321,2039-0491,10.12838/fam/issn2039-0491/n55-2021/726,2024-06
12321,2039-0491,10.12838/fam/issn2039-0491/n57/58-2021/692,2024-06
12321,2039-0491,10.12838/fam/issn2039-0491/n61-2022/930,2024-06
12321,2039-0491,10.12838/issn.20390491/n37.2016/2,2024-06
12321,2039-0491,10.12838/issn.20390491/n32.2015/1,2024-06
12385,2406-1069,10.46544/tnl.v24n57.05,2025-07
12385,2406-1069,10.46544/tnl.v23n55.04,2024-03
12385,2406-1069,10.46544/tnl.v25n58.09,2025-07
12385,2406-1069,10.46544/tnl.v25n59.07,2025-12
12385,2406-1069,10.46544/tnl.v24n56.09,2024-07
12385,2406-1069,10.46544/tnl.v23n55.01,2024-03
12385,2406-1069,10.46544/tnl.v24n57.08,2025-07
12385,2406-1069,10.46544/tnl.v25n59.03,2025-12
12385,2406-1069,10.46544/tnl.v26n60.07,2026-07
12385,2406-1069,10.46544/tnl.v24n56.06,2024-06
12385,2406-1069,10.46544/tnl.v24n57.01,2025-07
12385,2406-1069,10.46544/tnl.v24n56.01,2024-05
12385,2406-1069,10.46544/tnl.v24n57.06,2025-07
12385,2406-1069,10.46544/tnl.v24n57.09,2025-07
12385,2406-1069,10.46544/tnl.v25n59.01,2025-12
12385,2406-1069,10.46544/tnl.v26n60.02,2026-07
12385,2406-1069,10.46544/tnl.v25n59.06,2025-12
12385,2406-1069,10.46544/tnl.v24n56.02,2024-05
12385,2406-1069,10.46544/tnl.v24n57.02,2025-07
12385,2406-1069,10.46544/tnl.v25n59.10,2025-12
12415,2644-3740,10.4314/orapj.v6i9.89,2026-05
12415,2644-3740,10.4314/orapj.v5i7.61,2026-05
12415,2644-3740,10.4314/orapj.v7i5.42,2026-07
12415,2644-3740,10.4314/orapj.v6i12.120,2026-06
12415,2644-3740,10.4314/orapj.v6i5.46,2026-05
12415,2644-3740,10.4314/orapj.v5i4.37,2026-05
12415,2644-3740,10.4314/orapj.v1i1.2,2026-05
12415,2644-3740,10.4314/orapj.v6i9.82,2026-05
12415,2644-3740,10.4314/orapj.v6i2.18,2026-05
12415,2644-3740,10.4314/orapj.v6i6.55,2026-05
12415,2644-3740,10.4314/orapj.v6i3.28,2026-05
12415,2644-3740,10.4314/orapj.v6i1.1,2026-05
12415,2644-3740,10.4314/orapj.v6i4.35,2026-05
12415,2644-3740,10.4314/orapj.v6i9.87,2026-05
12415,2644-3740,10.4314/orapj.v4i1.6,2026-05
12415,2644-3740,10.4314/orapj.v7i2.14,2026-04
12415,2644-3740,10.4314/orapj.v5i3.24,2026-05
12415,2644-3740,10.4314/orapj.v6i5.45,2026-05
12415,2644-3740,10.4314/orapj.v6i12.112,2026-06
12415,2644-3740,10.4314/orapj.v5i1.7,2026-05
12453,2468-5704,10.4103/ed.ed_3_24,2024-06
12453,2468-5704,10.4103/ed.ed_1_26,2026-07
12453,2468-5704,10.4103/ed.ed_4_24,2024-09
12453,2468-5704,10.4103/ed.ed_23_25,2026-03
12453,2468-5704,10.4103/ed.ed_4_25,2025-06
12453,2468-5704,10.4103/ed.ed_6_25,2025-09
12453,2468-5704,10.4103/ed.ed_8_25,2025-06
12453,2468-5704,10.4103/ed.ed_5_24,2024-12
12453,2468-5704,10.4103/ed.ed_3_25,2025-06
12453,2468-5704,10.4103/ed.ed_2_24,2024-06
12453,2468-5704,10.4103/ed.ed_23_23,2023-12
12453,2468-5704,10.4103/ed.ed_16_23,2023-10
12453,2468-5704,10.4103/ed.ed_5_26,2026-07
12453,2468-5704,10.4103/ed.ed_5_25,2025-06
12453,2468-5704,10.4103/ed.ed_15_23,2023-10
12453,2468-5704,10.4103/ed.ed_17_25,2026-03
12453,2468-5704,10.4103/ed.ed_12_25,2025-09
12453,2468-5704,10.4103/ed.ed_18_23,2024-03
12453,2468-5704,10.4103/ed.ed_17_24,2024-09
12453,2468-5704,10.4103/ed.ed_9_23,2023-10
12558,2362-2024,10.62166/aiaa.542397,2025-01
12558,2362-2024,10.62166/aiaa.561459,2026-07
12558,2362-2024,10.62166/aiaa.561452,2026-04
12558,2362-2024,10.62166/aiaa.552426,2026-02
12558,2362-2024,10.62166/aiaa.541270,2024-08
12558,2362-2024,10.62166/aiaa.561449,2026-04
12558,2362-2024,10.62166/aiaa.552428,2026-02
12558,2362-2024,10.62166/aiaa.542401,2025-01
12558,2362-2024,10.62166/aiaa.561453,2026-04
12558,2362-2024,10.62166/aiaa.541201,2024-08
12558,2362-2024,10.62166/aiaa.552420,2026-02
12558,2362-2024,10.62166/aiaa.561456,2026-07
12558,2362-2024,10.62166/aiaa.561457,2026-07
12558,2362-2024,10.62166/aiaa.541255,2024-08
12558,2362-2024,10.62166/aiaa.541259,2024-08
12558,2362-2024,10.62166/aiaa.542337,2025-01
12558,2362-2024,10.62166/aiaa.542400,2025-01
12558,2362-2024,10.62166/aiaa.551408,2025-03
12558,2362-2024,10.62166/aiaa.552425,2026-02
12558,2362-2024,10.62166/aiaa.542396,2025-01
12586,2548-6993,10.58410/madaniyah.v12i1.390,2023-09
12586,2548-6993,10.58410/madaniyah.v14i1.654,2024-03
12586,2548-6993,10.58410/madaniyah.v12i2.467,2023-09
12586,2548-6993,10.58410/madaniyah.v13i2.740,2024-03
12586,2548-6993,10.58410/madaniyah.v12i2.457,2023-09
12586,2548-6993,10.58410/madaniyah.v12i2.476,2023-09
12586,2548-6993,10.58410/madaniyah.v13i1.702,2024-03
12586,2548-6993,10.58410/madaniyah.v13i2.711,2024-03
12586,2548-6993,10.58410/madaniyah.v13i1.592,2023-09
12586,2548-6993,10.58410/madaniyah.v13i1.622,2024-03
12586,2548-6993,10.58410/madaniyah.v13i1.681,2024-03
12586,2548-6993,10.58410/madaniyah.v12i2.394,2023-09
12586,2548-6993,10.58410/madaniyah.v14i2.1022,2025-04
12586,2548-6993,10.58410/madaniyah.v12i2.385,2023-09
12586,2548-6993,10.58410/madaniyah.v14i1.830,2024-03
12586,2548-6993,10.58410/madaniyah.v14i2.1056,2025-04
12586,2548-6993,10.58410/madaniyah.v14i2.857,2025-04
12586,2548-6993,10.58410/madaniyah.v13i2.826,2024-03
12586,2548-6993,10.58410/madaniyah.v12i2.436,2023-09
12586,2548-6993,10.58410/madaniyah.v14i1.835,2024-03
12592,2674-5755,10.29327/2193997.4.3-4,2023-03
12592,2674-5755,10.29327/2193997.1.3-3,2023-03
12592,2674-5755,10.64760/rdpdf.v6i2.276,2025-09
12592,2674-5755,10.29327/2193997.6.1-5,2024-05
12592,2674-5755,10.29327/2193997.2.1-2,2023-03
12592,2674-5755,10.29327/2193997.5.2-6,2023-11
12592,2674-5755,10.64760/rdpdf.v7i2.271,2026-01
12592,2674-5755,10.29327/2193997.1.1-6,2023-03
12592,2674-5755,10.64760/rdpdf.v7i2.301,2026-01
12592,2674-5755,10.29327/2193997.6.1-4,2024-05
12592,2674-5755,10.29327/2193997.1.3-2,2023-03
12592,2674-5755,10.29327/2193997.4.3-6,2023-03
12592,2674-5755,10.64760/rdpdf.v6i2.260,2025-09
12592,2674-5755,10.29327/2193997.4.1-3,2023-03
12592,2674-5755,10.29327/2193997.3.1-3,2023-03
12592,2674-5755,10.29327/2193997.4.3-2,2023-03
12592,2674-5755,10.29327/2193997.3.1-8,2023-03
12592,2674-5755,10.29327/2193997.2.1-1,2023-03
12592,2674-5755,10.29327/2193997.2.1-8,2023-03
12592,2674-5755,10.29327/2193997.1.1-8,2023-03
12596,1555-1369,10.60164/a7g7i1d4c,2024-10
12596,1555-1369,10.60164/ojo96vp61,2026-09
12596,1555-1369,10.60164/ies06scy6,2026-08
12596,1555-1369,10.60164/a1e5e7b8g,2024-10
12596,1555-1369,10.60164/n8yf6kbi6,2026-09
12596,1555-1369,10.60164/c5e1b7g1a,2024-10
12596,1555-1369,10.60164/qrp1u17ka,2024-10
12596,1555-1369,10.60164/ky4tlud1y,2026-08
12596,1555-1369,10.60164/23i2c1c5g,2024-10
12596,1555-1369,10.60164/09b4c4a9h/,2024-10
12596,1555-1369,10.60164/87i4g2d4i,2024-10
12596,1555-1369,10.60164/zsjnc2rvu,2026-09
12596,1555-1369,10.60164/c7g8d2i4i,2024-10
12596,1555-1369,10.60164/a2g0h2d4b,2024-10
12596,1555-1369,10.60164/ngnfebmbq,2026-06
12596,1555-1369,10.60164/i2h6a6c6f,2024-10
12596,1555-1369,10.60164/5yx6ufx7x,2024-10
12596,1555-1369,10.60164/thpzpuygk,2024-10
12596,1555-1369,10.60164/wxshl6tcv,2024-10
12596,1555-1369,10.60164/7h2pu473s,2025-02
12645,2577-0551,10.2458/wowstories.11151,2026-07
12645,2577-0551,10.2458/wowstories.11168,2026-07
12645,2577-0551,10.2458/wowstories.11013,2026-07
12645,2577-0551,10.2458/wowstories.11120,2026-07
12645,2577-0551,10.2458/wowstories.11157,2026-07
12645,2577-0551,10.2458/wowstories.10998,2026-06
12645,2577-0551,10.2458/wowstories.11177,2026-07
12645,2577-0551,10.2458/wowstories.10465,2026-07
12645,2577-0551,10.2458/wowstories.11167,2026-07
12645,2577-0551,10.2458/wowstories.10949,2026-06
12645,2577-0551,10.2458/wowstories.10981,2026-06
12645,2577-0551,10.2458/wowstories.11051,2026-07
12645,2577-0551,10.2458/wowstories.11185,2026-07
12645,2577-0551,10.2458/wowstories.11089,2026-07
12645,2577-0551,10.2458/wowstories.10967,2026-06
12645,2577-0551,10.2458/wowstories.11164,2026-07
12645,2577-0551,10.2458/wowstories.10938,2026-06
12645,2577-0551,10.2458/wowstories.11115,2026-07
12645,2577-0551,10.2458/wowstories.11179,2026-07
12645,2577-0551,10.2458/wowstories.11069,2026-07
12727,1501-9934,10.52145/din.2025.2.2464,2025-11
12727,1501-9934,10.52145/din.2025.1.2445,2025-09
12727,1501-9934,10.52145/din.2024.1.2291,2024-08
12727,1501-9934,10.52145/din.2025.2.2463,2025-11
12727,1501-9934,10.52145/din.2025.2.2460,2025-11
12727,1501-9934,10.52145/din.2024.2.2422,2025-04
12727,1501-9934,10.52145/din.2025.1.2439,2025-09
12727,1501-9934,10.52145/din.2025.2.2466,2025-11
12727,1501-9934,10.52145/din.2024.1.2296,2024-08
12727,1501-9934,10.52145/din.2026.1.2546,2026-08
12727,1501-9934,10.52145/din.2025.2.2462,2025-11
12727,1501-9934,10.52145/din.2026.1.2542,2026-08
12727,1501-9934,10.52145/din.2024.1.2281,2024-08
12727,1501-9934,10.52145/din.2024.2.2410,2025-04
12727,1501-9934,10.52145/din.2024.2.2418,2025-04
12727,1501-9934,10.52145/din.2024.2.2406,2025-04
12727,1501-9934,10.52145/din.2025.1.2444,2025-09
12727,1501-9934,10.52145/din.2025.1.2442,2025-09
12727,1501-9934,10.52145/din.2024.2.2409,2025-04
12727,1501-9934,10.52145/din.2024.1.2283,2024-08
12731,2420-9589,10.30456/avo.2017204,2025-09
12731,2420-9589,10.30456/avo.2020206,2025-03
12731,2420-9589,10.30456/avo.2019108,2025-03
12731,2420-9589,10.30456/avo.2019104,2025-03
12731,2420-9589,10.30456/avo.2020104,2025-03
12731,2420-9589,10.30456/avo.32458,2026-07
12731,2420-9589,10.30456/avo.32327,2026-07
12731,2420-9589,10.30456/avo.32449,2026-07
12731,2420-9589,10.30456/avo.2023102,2025-02
12731,2420-9589,10.30456/avo.2021104,2025-03
12731,2420-9589,10.30456/avo.2022108,2025-03
12731,2420-9589,10.30456/avo.2016203,2025-11
12731,2420-9589,10.30456/avo.2017202,2025-09
12731,2420-9589,10.30456/avo.2023105,2025-03
12731,2420-9589,10.30456/avo.28315,2025-03
12731,2420-9589,10.30456/avo.2016206,2025-11
12731,2420-9589,10.30456/avo.2016202,2025-11
12731,2420-9589,10.30456/avo.2021201,2025-03
12731,2420-9589,10.30456/avo.2019208,2025-03
12731,2420-9589,10.30456/avo.30339,2026-07
12743,2387-6727,10.52145/tfk.v25i1.2566,2026-09
12743,2387-6727,10.52145/tfk.v25i1.2558,2026-09
12743,2387-6727,10.52145/tfk.v25i1.2562,2026-09
12743,2387-6727,10.52145/tfk.v25i1.2564,2026-09
12743,2387-6727,10.52145/tfk.v25i1.2565,2026-09
12743,2387-6727,10.52145/tfk.v25i1.2563,2026-09
12743,2387-6727,10.52145/tfk.v25i1.2561,2026-09
12743,2387-6727,10.52145/tfk.v25i1.2568,2026-09
12743,2387-6727,10.52145/tfk.v25i1.2567,2026-09
12743,2387-6727,10.52145/tfk.v25i1.2559,2026-09
12743,2387-6727,10.52145/tfk.v25i1.2560,2026-09
12743,2387-6727,10.52145/tfk.v25i1.2569,2026-09
12758,2594-2883,10.62155/eirene.v4i6.131,2025-07
12758,2594-2883,10.62155/eirene.v2i3.41,2025-07
12758,2594-2883,10.62155/eirene.v2i2.25,2025-07
12758,2594-2883,10.62155/eirene.v6i10.196,2026-01
12758,2594-2883,10.62155/eirene.v7i13.273,2024-07
12758,2594-2883,10.62155/eirene.v4i6.125,2025-07
12758,2594-2883,10.62155/eirene.v4i7.142,2025-07
12758,2594-2883,10.62155/eirene.v6i11.195,2026-01
12758,2594-2883,10.62155/eirene.v6i11.233,2026-01
12758,2594-2883,10.62155/eirene.v1i1.11,2025-07
12758,2594-2883,10.62155/eirene.v9i16.332,2026-01
12758,2594-2883,10.62155/eirene.v7i12.229,2024-06
12758,2594-2883,10.62155/eirene.v4i6.130,2025-07
12758,2594-2883,10.62155/eirene.v9i16.352,2026-01
12758,2594-2883,10.62155/eirene.v2i2.38,2025-07
12758,2594-2883,10.62155/eirene.v7i13.275,2024-07
12758,2594-2883,10.62155/eirene.v4i7.147,2025-07
12758,2594-2883,10.62155/eirene.v9i17.346,2026-07
12758,2594-2883,10.62155/eirene.v1i1.17,2025-07
12758,2594-2883,10.62155/eirene.v7i13.278,2024-07
12838,0106-1348,10.69945/ico.vi3-4.25312,2024-12
12838,0106-1348,10.69945/20251-228447,2025-10
12838,0106-1348,10.69945/ico.vi1-2.25661,2025-11
12838,0106-1348,10.69945/ico.vi1-2.25621,2025-11
12838,0106-1348,10.69945/ico.vi1-2.25689,2024-12
12838,0106-1348,10.69945/ico.vi.25697,2025-11
12838,0106-1348,10.69945/ico.vi.25705,2025-11
12838,0106-1348,10.69945/ico.vi1-2.25658,2025-11
12838,0106-1348,10.69945/ico.vi1-2.27021,2024-12
12838,0106-1348,10.69945/ico.vi2.25579,2025-11
12838,0106-1348,10.69945/ico.vi3.25606,2025-11
12838,0106-1348,10.69945/ico.vi1-2.25644,2024-12
12838,0106-1348,10.69945/ico.vi1-2.27028,2024-12
12838,0106-1348,10.69945/ico.vi.25704,2025-11
12838,0106-1348,10.69945/ico.vi3.25610,2024-12
12838,0106-1348,10.69945/ico.vi1-2.25949,2024-12
12838,0106-1348,10.69945/ico.vi3-4.25654,2025-11
12838,0106-1348,10.69945/20243-427730,2025-04
12838,0106-1348,10.69945/20251-228444,2025-10
12838,0106-1348,10.69945/ico.vi2.25684,2025-11
13033,2457-0044,10.71106/zprd1068,2026-05
13033,2457-0044,10.71106/vztt3566,2026-05
13033,2457-0044,10.71106/goeo4914,2025-02
13033,2457-0044,10.71106/hxhv3076,2025-02
13033,2457-0044,10.71106/eydh8385,2025-02
13033,2457-0044,10.71106/uxuo5456,2025-02
13033,2457-0044,10.71106/njnb7845,2025-02
13033,2457-0044,10.71106/euun7124,2025-02
13033,2457-0044,10.71106/gmzb3783,2025-02
13033,2457-0044,10.71106/zofc4696,2025-02
13033,2457-0044,10.71106/prgg5529,2025-02
13033,2457-0044,10.71106/hqyy4267,2025-02
13033,2457-0044,10.71106/hvai2470,2026-05
13033,2457-0044,10.71106/oydr9462,2025-02
13033,2457-0044,10.71106/dbhx9605,2025-02
13033,2457-0044,10.71106/brpm3922,2025-02
13033,2457-0044,10.71106/qfwv6316,2025-02
13033,2457-0044,10.71106/azao6362,2025-01
13033,2457-0044,10.71106/rhqi5448,2025-02
13033,2457-0044,10.71106/htyd9198,2025-02
13093,1635-3544,10.4000/cres.5156,2023-10
13093,1635-3544,10.4000/cres.4822,2023-10
13093,1635-3544,10.4000/cres.1756,2023-10
13093,1635-3544,10.4000/cres.1457,2023-10
13093,1635-3544,10.4000/cres.1169,2023-10
13093,1635-3544,10.4000/cres.855,2023-10
13093,1635-3544,10.4000/cres.3389,2023-10
13093,1635-3544,10.4000/cres.1409,2023-10
13093,1635-3544,10.4000/cres.911,2023-10
13093,1635-3544,10.4000/cres.2254,2023-10
13093,1635-3544,10.4000/cres.3058,2023-10
13093,1635-3544,10.4000/cres.691,2023-10
13093,1635-3544,10.4000/cres.441,2023-10
13093,1635-3544,10.4000/cres.3048,2023-10
13093,1635-3544,10.4000/cres.6778,2024-01
13093,1635-3544,10.4000/cres.891,2023-10
13093,1635-3544,10.4000/cres.713,2023-10
13093,1635-3544,10.4000/cres.658,2023-10
13093,1635-3544,10.4000/cres.1181,2023-10
13093,1635-3544,10.4000/cres.3413,2023-10
13107,1969-6191,10.4000/flaubert.1837,2023-06
13107,1969-6191,10.4000/flaubert.2513,2023-06
13107,1969-6191,10.4000/flaubert.1882,2023-06
13107,1969-6191,10.4000/flaubert.1246,2023-06
13107,1969-6191,10.4000/flaubert.1196,2023-06
13107,1969-6191,10.4000/flaubert.2045,2023-06
13107,1969-6191,10.4000/flaubert.2699,2023-06
13107,1969-6191,10.4000/flaubert.376,2023-06
13107,1969-6191,10.4000/flaubert.4368,2023-06
13107,1969-6191,10.4000/flaubert.2087,2023-06
13107,1969-6191,10.4000/flaubert.1678,2023-06
13107,1969-6191,10.4000/flaubert.4105,2023-06
13107,1969-6191,10.4000/flaubert.1161,2023-06
13107,1969-6191,10.4000/flaubert.1538,2023-06
13107,1969-6191,10.4000/flaubert.4430,2023-06
13107,1969-6191,10.4000/flaubert.411,2023-06
13107,1969-6191,10.4000/flaubert.5458,2024-01
13107,1969-6191,10.4000/flaubert.911,2023-06
13107,1969-6191,10.4000/16lj6,2026-07
13107,1969-6191,10.4000/flaubert.1689,2023-06
13114,1868-1581,10.59609/1868-1581-2322,2025-07
13114,1868-1581,10.59609/1868-1581-14-pfeiffer,2024-04
13114,1868-1581,10.59609/1868-1581-14-1-moeller,2024-04
13114,1868-1581,10.59609/1868-1581-14-1-rolland,2024-04
13114,1868-1581,10.59609/1868-1581-14-1-goller,2024-04
13114,1868-1581,10.59609/1868-1581-2321,2025-07
13114,1868-1581,10.59609/1868-1581-2293,2025-05
13114,1868-1581,10.59609/1868-1581-2324,2025-07
13114,1868-1581,10.59609/1868-1581-15-1-ambos,2025-05
13114,1868-1581,10.59609/1868-1581-14-1-beuscher,2024-04
13114,1868-1581,10.59609/1868-1581-2323,2025-07
13206,2325-2871,10.2458/cms.6456,2025-07
13206,2325-2871,10.2458/cms.6483,2026-06
13206,2325-2871,10.2458/cms.6464,2026-06
13206,2325-2871,10.2458/cms.6631,2026-06
13206,2325-2871,10.2458/cms.6642,2026-06
13206,2325-2871,10.2458/cms.6518,2026-06
13206,2325-2871,10.2458/cms.6546,2026-06
13206,2325-2871,10.2458/cms.6599,2026-06
13206,2325-2871,10.2458/cms.6666,2026-06
13206,2325-2871,10.2458/cms.6706,2026-06
13206,2325-2871,10.2458/cms.6700,2026-06
13206,2325-2871,10.2458/cms.6589,2026-06
13206,2325-2871,10.2458/cms.6473,2025-07
13206,2325-2871,10.2458/cms.6516,2026-06
13206,2325-2871,10.2458/cms.6565,2026-06
13206,2325-2871,10.2458/cms.6617,2026-06
13206,2325-2871,10.2458/cms.9504,2025-07
13206,2325-2871,10.2458/cms.6689,2026-06
13206,2325-2871,10.2458/cms.6632,2026-06
13206,2325-2871,10.2458/cms.9510,2026-07
13217,2408-9192,10.23777/sn.0323/art_mvad01,2026-04
13217,2408-9192,10.23777/sn0219/art_rhor01,2026-04
13217,2408-9192,10.23777/sn.0220/art_dsez01,2026-04
13217,2408-9192,10.23777/sn.0217/sww_bsta01,2026-04
13217,2408-9192,10.23777/sn.0321/swl_btor01,2026-04
13217,2408-9192,10.23777/sn.0125/art_bcoh01,2026-04
13217,2408-9192,10.23777/sn.0221/art_lpes01,2026-04
13217,2408-9192,10.23777/sn.0124/art_fcar01,2026-04
13217,2408-9192,10.23777/sn.0126/art_bajgerova,2026-05
13217,2408-9192,10.23777/sn0119/art_eweb01,2026-04
13217,2408-9192,10.23777/sn.0223/ctt_nwes01,2026-08
13217,2408-9192,10.23777/sn.0223/art_hhas01,2026-04
13217,2408-9192,10.23777/sn.0123/art_ajos01,2026-04
13217,2408-9192,10.23777/sn.0125/cont_pbce01,2026-04
13217,2408-9192,10.23777/sn.0118/art_jkei01,2026-04
13217,2408-9192,10.23777/sn.0118/art_ccor01,2026-04
13217,2408-9192,10.23777/sn0218/sww_mfra01,2026-04
13217,2408-9192,10.23777/sn.0225/art_msok01,2026-04
13217,2408-9192,10.23777/sn.0223/art_dpat01,2026-08
13217,2408-9192,10.23777/sn.0119/eve_mtar01,2026-04
13233,2154-7149,10.59620/2154-7149.1144,2025-01
13233,2154-7149,10.59620/2154-7149.1195,2025-11
13233,2154-7149,10.59620/2154-7149.1201,2026-03
13233,2154-7149,10.59620/2154-7149.1180,2025-01
13233,2154-7149,10.59620/2154-7149.1186,2025-01
13233,2154-7149,10.59620/2154-7149.1141,2025-01
13233,2154-7149,10.59620/2154-7149.1164,2025-01
13233,2154-7149,10.59620/2154-7149.1188,2025-09
13233,2154-7149,10.59620/2154-7149.1155,2025-01
13233,2154-7149,10.59620/2154-7149.1135,2025-01
13233,2154-7149,10.59620/2154-7149.1131,2025-01
13233,2154-7149,10.59620/2154-7149.1133,2025-01
13233,2154-7149,10.59620/2154-7149.1168,2025-01
13233,2154-7149,10.59620/2154-7149.1178,2025-01
13233,2154-7149,10.59620/2154-7149.1138,2025-01
13233,2154-7149,10.59620/2154-7149.1126,2025-01
13233,2154-7149,10.59620/2154-7149.1179,2025-01
13233,2154-7149,10.59620/2154-7149.1134,2025-01
13233,2154-7149,10.59620/2154-7149.1197,2025-12
13233,2154-7149,10.59620/2154-7149.1172,2025-01
13293,1438-5627,10.5555/sgmyx865,2026-05
13293,1438-5627,10.5555/da6a3b28,2026-07
13293,1438-5627,10.5555/xq39ye05,2025-12
13293,1438-5627,10.5555/9a0zec69,2025-12
13293,1438-5627,10.5555/gsnt8y76,2026-09
13293,1438-5627,10.5555/wkawj893,2025-12
13293,1438-5627,10.5555/q6nttx93,2025-12
13293,1438-5627,10.5555/6ydjh404,2026-09
13293,1438-5627,10.5555/yj2qbv49,2026-06
13293,1438-5627,10.5555/texbbd49,2025-12
13293,1438-5627,10.5555/3xe59q62,2026-02
13293,1438-5627,10.5555/6znkgw86,2025-12
13293,1438-5627,10.5555/xy9wf838,2025-12
13293,1438-5627,10.5555/pkp.2s9ch838,2025-05
13293,1438-5627,10.5555/0rstrh75,2026-05
13293,1438-5627,10.5555/rvzbkw68,2026-03
13293,1438-5627,10.5555/b85rmr36,2026-07
13293,1438-5627,10.5555/9t7r5f3d1h9j2k4m6p8n0,2026-06
13317,2706-6312,10.48734/akofena.n020.vol.3.02.2026,2026-06
13317,2706-6312,10.48734/akofena.n020.vol.4.02.2026,2026-06
13317,2706-6312,10.48734/akofena.hs17.11.2026,2026-05
13317,2706-6312,10.48734/akofena.n020.vol.4.27.2026,2026-06
13317,2706-6312,10.48734/akofena.n020.vol.1.24.2026,2026-05
13317,2706-6312,10.48734/akofena.n019.vol.1.02.2026,2026-03
13317,2706-6312,10.48734/akofena.n020.vol.5.08.2026,2026-07
13317,2706-6312,10.48734/akofena.n018.vol.4-31.2025,2026-06
13317,2706-6312,10.48734/akofena.n020.vol.4.05.2026,2026-06
13317,2706-6312,10.48734/akofena.n020.vol.1.08.2026,2026-05
13317,2706-6312,10.48734/akofena.n021.vol.4.10.2026,2026-09
13317,2706-6312,10.48734/akofena.n021.vol.4.21.2026,2026-09
13317,2706-6312,10.48734/akofena.n021.vol.5.24.2026,2026-09
13317,2706-6312,10.48734/akofena.n021.vol.5.30.2026,2026-09
13317,2706-6312,10.48734/akofena.n020.vol.4.20.2026,2026-06
13317,2706-6312,10.48734/akofena.n020.vol.3.18.2026,2026-06
13317,2706-6312,10.48734/akofena.n020.vol.4.24.2026,2026-06
13317,2706-6312,10.48734/akofena.n019.vol.1.26.2026,2026-03
13317,2706-6312,10.48734/akofena.n020.vol.4.18.2026,2026-06
13317,2706-6312,10.48734/akofena.n021.vol.4.19.2026,2026-09
13318,0718-8706,10.65093/aci.v15.n1.2024.20,2025-10
13318,0718-8706,10.65093/aci.v17.n2.2026.54,2026-06
13318,0718-8706,10.65093/aci.v17.n2.2026.57,2026-06
13318,0718-8706,10.65093/aci.v15.n2.2024.12,2025-10
13318,0718-8706,10.65093/aci.v15.n2.2024.15,2025-10
13318,0718-8706,10.65093/aci.v17.n1.2026.46,2026-03
13318,0718-8706,10.65093/aci.v15.n3.2024.9,2025-10
13318,0718-8706,10.65093/aci.v16.n1.2025.21,2025-10
13318,0718-8706,10.65093/aci.v15.n4.2024.3,2025-10
13318,0718-8706,10.65093/aci.v16.n3.2025.38,2026-01
13318,0718-8706,10.65093/aci.v15.n4.2024.2,2025-10
13318,0718-8706,10.65093/aci.v17.n1.2026.49,2026-03
13318,0718-8706,10.65093/aci.v16.n2.2025.26,2025-11
13318,0718-8706,10.65093/aci.v16.n2.2025.27,2025-11
13318,0718-8706,10.65093/aci.v16.n2.2025.29,2025-11
13318,0718-8706,10.65093/aci.v15.n1.2024.16,2025-10
13318,0718-8706,10.65093/aci.v15.n1.2024.17,2025-10
13318,0718-8706,10.65093/aci.v15.n2.2024.14,2025-10
13318,0718-8706,10.65093/aci.v15.n3.2024.6,2025-10
13318,0718-8706,10.65093/aci.v17.n1.2026.48,2026-03
13432,2070-0326,10.66369/d9359733,2026-05
13432,2070-0326,10.66369/y5kf0z49,2026-07
13432,2070-0326,10.66369/xjj3mp97,2026-05
13432,2070-0326,10.66369/dt3q0f76,2026-05
13432,2070-0326,10.66369/awfqyd27,2026-06
13432,2070-0326,10.66369/pqscpx30,2026-06
13432,2070-0326,10.66369/qvaj6872,2026-06
13432,2070-0326,10.66369/fg4w3r70,2026-09
13432,2070-0326,10.66369/r8ft0285,2026-06
13432,2070-0326,10.66369/9rjc0x19,2026-06
13432,2070-0326,10.66369/m3r1x745,2026-06
13432,2070-0326,10.66369/r6qvtg84,2026-05
13432,2070-0326,10.66369/48fp0y44,2026-06
13432,2070-0326,10.66369/j0ahzk03,2026-06
13432,2070-0326,10.66369/yjb8pq78,2026-09
13432,2070-0326,10.66369/4zqnt049,2026-06
13432,2070-0326,10.66369/jew74336,2026-06
13432,2070-0326,10.66369/kbqqq463,2026-05
13432,2070-0326,10.66369/v58bfs21,2026-07
13432,2070-0326,10.66369/v1afa302,2026-06
13561,2392-8549,10.59277/rjsoc.2024.5-6.03,2024-12
13561,2392-8549,10.59277/rjsoc.2024.1-2.02,2024-08
13561,2392-8549,10.59277/rjsoc.2023.1-2.04,2023-07
13561,2392-8549,10.59277/rjsoc.2023.3-4.01,2023-08
13561,2392-8549,10.59277/rjsoc.2024.3-4.06,2024-08
13561,2392-8549,10.59277/rjsoc.2023.3-4.02,2023-08
13561,2392-8549,10.59277/rjsoc.2023.5-6.04,2023-11
13561,2392-8549,10.59277/rjsoc.2023.5-6.05,2023-11
13561,2392-8549,10.59277/rjsoc.2024.1-2.04,2024-08
13561,2392-8549,10.59277/rjsoc.2023.5-6.02,2023-11
13561,2392-8549,10.59277/rjsoc.2026.3-4.01,2026-09
13561,2392-8549,10.59277/rjsoc.2026.3-4.04,2026-09
13561,2392-8549,10.59277/rjsoc.2023.1-2.01,2023-07
13561,2392-8549,10.59277/rjsoc.2023.5-6.06,2023-11
13561,2392-8549,10.59277/rjsoc.2024.5-6.01,2024-12
13561,2392-8549,10.59277/rjsoc.2025.1-2.01,2025-06
13561,2392-8549,10.59277/rjsoc.2024.5-6.04,2024-12
13561,2392-8549,10.59277/rjsoc.2023.3-4.03,2023-08
13561,2392-8549,10.59277/rjsoc.2024.5-6.06,2024-12
13561,2392-8549,10.59277/rjsoc.2026.1-2.05,2026-06
13674,2393-4727,10.67282/as.2026.1.10,2026-08
13674,2393-4727,10.67282/as.2026.1.11,2026-08
13674,2393-4727,10.67282/as.2026.1.01,2026-08
13674,2393-4727,10.67282/as.2026.1.09,2026-08
13674,2393-4727,10.67282/as.2026.1.12,2026-08
13674,2393-4727,10.67282/as.2026.1.03,2026-08
13674,2393-4727,10.67282/as.2026.1.06,2026-08
13674,2393-4727,10.67282/as.2026.1.02,2026-08
13674,2393-4727,10.67282/as.2026.1.05,2026-08
13674,2393-4727,10.67282/as.2026.1.04,2026-08
13674,2393-4727,10.67282/as.2026.1.07,2026-08
13674,2393-4727,10.67282/as.2026.1.08,2026-08
13680,1819-754X,10.19189/001c.129912,2025-11
13680,1819-754X,10.19189/map.2015.omb.215,2025-11
13680,1819-754X,10.19189/001c.144340,2025-11
13680,1819-754X,10.19189/map.2023.meh.sc.2126779,2025-11
13680,1819-754X,10.19189/map.2018.omb.352,2025-11
13680,1819-754X,10.19189/map.2017.omb.295,2025-11
13680,1819-754X,10.19189/001c.129324,2025-11
13680,1819-754X,10.19189/map.2018.omb.347,2025-11
13680,1819-754X,10.19189/001c.128242,2025-11
13680,1819-754X,10.19189/001c.129910,2025-11
13680,1819-754X,10.19189/map.2015.omb.209,2025-11
13680,1819-754X,10.19189/map.2017.omb.297,2025-11
13680,1819-754X,10.19189/map.2019.omb.398,2025-11
13680,1819-754X,10.19189/map.2020.rsc.sta.1977,2025-11
13680,1819-754X,10.19189/map.2019.omb.sta.1817,2025-11
13680,1819-754X,10.19189/map.2020.khr.sta.2070,2025-11
13680,1819-754X,10.19189/001c.128260,2025-11
13680,1819-754X,10.19189/map.2018.omb.334,2025-11
13680,1819-754X,10.19189/map.2016.omb.229,2025-11
13680,1819-754X,10.19189/001c.128409,2025-11
13732,2009-1788,10.62314/09782215,2025-05
13732,2009-1788,10.62314/09782213,2025-05
13732,2009-1788,10.62314/09782220,2026-08
13732,2009-1788,10.62314/09782206,2024-02
13732,2009-1788,10.62314/09782203,2024-02
13732,2009-1788,10.62314/09782212,2025-02
13732,2009-1788,10.62314/09782216,2025-12
13732,2009-1788,10.62314/09782217,2026-04
13732,2009-1788,10.62314/0978222,2026-09
13732,2009-1788,10.62314/09782204,2024-02
13732,2009-1788,10.62314/09782210,2024-08
13732,2009-1788,10.62314/09782211,2025-02
13732,2009-1788,10.62314/09782209,2024-03
13732,2009-1788,10.62314/0978221,2026-06
13732,2009-1788,10.62314/09782205,2024-02
13732,2009-1788,10.62314/09782207,2024-02
13732,2009-1788,10.62314/09782218,2026-04
13732,2009-1788,10.62314/09782214,2025-05
13732,2009-1788,10.62314/09782219,2026-06
13732,2009-1788,10.62314/09782208,2024-03
13742,2341-3409,10.71363/boman.v44.a3,2025-11
13742,2341-3409,10.71363/boman.v44.a7,2025-11
13742,2341-3409,10.71363/boman.v44.a21,2025-11
13742,2341-3409,10.71363/boman.v44.a16,2025-11
13742,2341-3409,10.71363/boman.v44.a14,2025-11
13742,2341-3409,10.71363/boman.v44.a18,2025-11
13742,2341-3409,10.71363/boman.v44.a12,2025-11
13742,2341-3409,10.71363/boman.v44.a1,2025-11
13742,2341-3409,10.71363/boman.v44.a2,2025-11
13742,2341-3409,10.71363/boman.v44.a17,2025-11
13742,2341-3409,10.71363/boman.v44.a19,2025-11
13742,2341-3409,10.71363/boman.v44.a11,2025-11
13742,2341-3409,10.71363/boman.v44.a5,2025-11
13742,2341-3409,10.71363/boman.v44.a20,2025-11
13742,2341-3409,10.71363/boman.v44.a13,2025-11
13742,2341-3409,10.71363/boman.v44.a15,2025-11
13742,2341-3409,10.71363/boman.v44.a6,2025-11
13742,2341-3409,10.71363/boman.v44.a4,2025-11
13742,2341-3409,10.71363/boman.v44.a9,2025-11
13742,2341-3409,10.71363/boman.v44.a10,2025-11
13748,2712-0082,10.15212/bioi-2020-0041,2021-01
13748,2712-0082,10.15212/bioi-2022-0017,2022-07
13748,2712-0082,10.15212/bioi-2023-0002,2023-01
13748,2712-0082,10.15212/bioi-2024-0024,2024-08
13748,2712-0082,10.15212/bioi-2020-0033,2020-12
13748,2712-0082,10.15212/bioi-2025-0071,2025-07
13748,2712-0082,10.15212/bioi-2025-1001,2025-03
13748,2712-0082,10.15212/bioi-2021-0034,2022-02
13748,2712-0082,10.15212/bioi-2023-0022,2024-02
13748,2712-0082,10.15212/bioi-2024-0001,2024-04
13748,2712-0082,10.15212/bioi-2025-0225,2026-07
13748,2712-0082,10.15212/bioi-2020-0030,2020-12
13748,2712-0082,10.15212/bioi-2020-0038,2021-01
13748,2712-0082,10.15212/bioi-2026-0037,2026-06
13748,2712-0082,10.15212/bioi-2020-0012,2020-08
13748,2712-0082,10.15212/bioi-2025-0076,2025-07
13748,2712-0082,10.15212/bioi-2025-0085,2025-07
13748,2712-0082,10.15212/bioi-2024-0025,2024-08
13748,2712-0082,10.15212/bioi-2025-0188,2025-12
13748,2712-0082,10.15212/bioi-2022-0010,2022-10
13762,2708-0935,10.48168/innosoft.s24.a321,2026-03
13762,2708-0935,10.48168/innosoft.s11.a86,2023-05
13762,2708-0935,10.48168/innosoft.s12.a98,2023-10
13762,2708-0935,10.48168/innosoft.s29.a356,2026-06
13762,2708-0935,10.48168/innosoft.s8.a48,2023-05
13762,2708-0935,10.48168/innosoft.s6.a45,2023-05
13762,2708-0935,10.48168/innosoft.s11.a87,2023-05
13762,2708-0935,10.48168/innosoft.s1.a14,2023-05
13762,2708-0935,10.48168/innosoft.s29.a358,2026-06
13762,2708-0935,10.48168/innosoft.s12.a93,2023-10
13762,2708-0935,10.48168/innosoft.s29.a249,2026-06
13762,2708-0935,10.48168/innosoft.s15.a158,2024-04
13762,2708-0935,10.48168/innosoft.s8.a53,2023-05
13762,2708-0935,10.48168/innosoft.s16.a176,2024-10
13762,2708-0935,10.48168/innosoft.s9.a73,2023-05
13762,2708-0935,10.48168/innosoft.s23.a197,2025-04
13762,2708-0935,10.48168/innosoft.s12.a99,2023-10
13762,2708-0935,10.48168/innosoft.s1.a12,2023-05
13762,2708-0935,10.48168/innosoft.s16.a169,2024-10
13762,2708-0935,10.48168/innosoft.s12.a113,2023-10
13773,1546-9212,10.59236/slayage.v24i1-2.13,2026-09
13773,1546-9212,10.59236/slayage.v24i1-2.16,2026-09
13773,1546-9212,10.59236/slayage.v24i1-2.14,2026-09
13773,1546-9212,10.59236/slayage.v24i1-2.17,2026-09
13773,1546-9212,10.59236/slayage.v24i1-2.6,2026-09
13773,1546-9212,10.59236/slayage.v24i1-2.9,2026-09
13773,1546-9212,10.59236/slayage.v24i1-2.22,2026-09
13773,1546-9212,10.59236/slayage.v24i1-2.23,2026-09
13773,1546-9212,10.59236/slayage.v24i1-2.12,2026-09
13773,1546-9212,10.59236/slayage.v24i1-2.18,2026-09
13773,1546-9212,10.59236/slayage.v24i1-2.15,2026-09
13773,1546-9212,10.59236/slayage.v24i1-2.24,2026-09
13773,1546-9212,10.59236/slayage.v24i1-2.19,2026-09
